10002,"the whole Judge Dredd line shares this Series id — the 2000AD progs in eight parts, the Eagle reprints (1983, 1986) and IDW's 2013 and 2016 series — and 132 numbers name more than one file"
100048,"two files, neither numbered above #0; both providers say #1-4 and neither covers a file"
100132,six Superboy runs share this Series id and thirty issue numbers each name more than one file; LOCG's #13-259 on Vol. 02 covers 169 issue files
10020,"the shelf is one eight-issue run split into two trades; ComicVine put Volume 2's range on Vol. 01, over the four files we hold"
10056,chapter ranges read from each archive's own page names; the ladder tiles (c1-c199 over 22 volumes)
10105,"the four books are Justice League 3000/3001, a different comic that numbers from #1; none of its issues is in this library"
10105,"GCD's #40-44 and #45-50 are plausible for JL 3000 and landed on Justice League (2011) #40-50, nesting the Darkseid War arc twice over"
101296,"an issue and an annual both read as #1 here, so a range starting at #1 cannot tell them apart"
10146,"the three digests are thematic anthologies drawing six chapters each from Adventures in the DC Universe, Justice League Adventures and JLU - no contiguous range describes them"
10146,"Time After Time's copyright page names 'League Adventures 28, 30, 34, Justice League Unlimited 9, 19' - it holds JLU #9 and #19 and nothing between"
10146,"LOCG's #9-34 and #11-40 are the HULLS of those scattered lists, which is what a span becomes when a source flattens a list"
101659,"CLAMP's X, split off a four-way conflation; the ranges are volume coordinates, three per book as each title says"
101660,both omnibuses refused; their back covers give a page count and no issue list
101685,"one run (#1-12); the three chronology arc folders are one numbering, not three runs"
10183,twenty-eight unnumbered variant covers and one collection; LOCG's #1-7 covers no file
101949,"all three archives name the chapter and the volume on every page; the chapter ladder runs c1-c32 straight across them (10 + 11 + 11), so it is a running coordinate and not a within-volume ordinal. The shelf holds only v01-v03 of the 48-volume run"
102026,"the Valiant chronology, Dynamite's 2014 relaunch and a Dark Horse archive share this shelf; #1-#4 each name several files"
102074,"Night Force v1 (1982), v2 (1996) and v3 (2012) share this Series id; #1-#7 each name more than one file"
10212,chapter ranges read from each archive's own page names; the ladder tiles (c1-c17 over 3 volumes)
10235,chapter ranges read from each archive's own page names; the ladder tiles (c1-c81 over 10 volumes)
102366,"three Thunderbolts runs (1997, 2011, 2016) and three collection lines share this Series id; three different books are Vol. 01 and the shelf's numbering spans all three runs"
102386,Generation X v1 (1994) is filed twice and the 2017 relaunch shares its numbering — sixty numbers name more than one file — and two collection lines both start at Vol. 01
10239,Kaijumax numbers each season from #1 and each Deluxe Edition holds two seasons; the shelf's #1-#6 do not identify a season
102434,read out of the three-run shelf S22135; the range its own back cover states is safe here and was not there
102435,Vol. 02 read; Vol. 03 by complement with the arithmetic agreeing; Vol. 01 refused because the arithmetic contradicts the complement
102436,"both refused; no issue of this run is on the shelf, so no range here could hide a file"
102437,split out of the five-part shelf; refused pending a per-volume contents read - the rips carry no chapter token
102438,split out of the five-part shelf; refused pending a per-volume contents read - the rips carry no chapter token
102439,split out of the five-part shelf; refused pending a per-volume contents read - the rips carry no chapter token
102440,split out of the five-part shelf; refused pending a per-volume contents read - the rips carry no chapter token
102441,read out of the five-part shelf S57289; the chapter ladder tiles c1-155 with no gap
102442,the three omnibuses tile c1-54; the shelf's chapters c55-69 are collected by no book we hold
10248,chapter ranges read from each archive's own page names; the ladder tiles (c17-c33 over 3 volumes)
10249,chapter ranges read from each archive's own page names; the ladder tiles (c1-c54 over 10 volumes)
10281,chapter ranges read from each archive's own page names; the ladder tiles (c1-c126 over 14 volumes)
10310,Kick-Ass (2018) and Kick-Ass vs Hit-Girl (2020) share this Series id and both number from #1; the one collected edition belongs to a third run (the 2013 Kick-Ass 3) that is not on the shelf
10371,"four comics called King Conan share this shelf - the 1980 Marvel run (#1-19), the 2022 Marvel run, and two Dark Horse minis"
10371,GCD stamps the same #1-6 on both Dark Horse trades while ComicVine gives #11-15 and #1-5; none of them can be a reading of both books
10397,chapter ranges read from each archive's own page names; the ladder tiles (c1-c37 over 3 volumes)
10398,chapter ranges read from each archive's own page names; the ladder tiles (single volume)
10406,chapter ranges read from each archive's own page names; the ladder tiles (c16-c624 over 54 volumes)
10407,"no source on this box states this edition's contents, and the two other files are themselves unnumbered collections rather than issues"
10436,"a six-issue mini complete on the shelf, one numbering, and the claim covers all six files"
10468,chapter ranges read from each archive's own page names; the ladder tiles (c1-c78 over 15 volumes)
10496,chapter ranges read from each archive's own page names; the ladder tiles (c1-c401 over 30 volumes)
10500,"one twelve-issue run tiled four to a volume; the shelf holds #1 and #9-#12, so the third volume's range (LOCG's #9-12, put on Vol. 02) is the one that would cost files"
10567,chapter ranges read from each archive's own page names; the ladder tiles (c10-c15 over 2 volumes)
10569,chapter ranges read from each archive's own page names; the ladder tiles (single volume)
10578,chapter ranges read from each archive's own page names; the ladder tiles (c1-c88 over 11 volumes)
10679,"a six-issue mini complete on the shelf, one numbering, and the claim covers all six files"
10717,chapter ranges read from each archive's own page names; the ladder tiles (single volume)
10723,chapter ranges read from each archive's own page names; the ladder tiles (c1-c8 over 2 volumes)
10730,chapter ranges read from each archive's own page names; the ladder tiles (single volume)
10731,chapter ranges read from each archive's own page names; the ladder tiles (c1-c33 over 6 volumes)
1074,"two runs share this Series id: Annihilation (2006) #1-6 and Annihilation 2099 (2024) #1-5. A range in either coordinate captures the other run's files, so no range can be written until they are split"
10805,chapter ranges read from each archive's own page names; the ladder tiles (c1-c17 over 3 volumes)
10812,Dynamite's The Living Corpse and a Hideshi Hino manga folder are filed as one series; one unnumbered file between them
10839,"the trades map to the files by ARC TITLE in this series continuous 1-31 numbering; Vol. 05 and Vol. 06 interleave, so both are non-contiguous and their notes name their members"
10882,chapter ranges read from each archive's own page names; the ladder tiles (c1-c142 over 28 volumes)
1097,"a four-issue mini, three of it held (#2-4), one numbering, and the claim covers all three"
1098,"a four-issue mini complete on the shelf, one numbering, and the claim covers all four files"
11002,chapter ranges read from each archive's own page names; the ladder tiles (single volume)
11011,chapter ranges read from each archive's own page names; the ladder tiles (single volume)
11020,chapter ranges read from each archive's own page names; the ladder tiles (c1-c25 over 5 volumes)
11022,chapter ranges read from each archive's own page names; the ladder tiles (c1-c18 over 3 volumes)
11023,chapter ranges read from each archive's own page names; the ladder tiles (c1-c12 over 2 volumes)
11029,chapter ranges read from each archive's own page names; the ladder tiles (c1-c64 over 4 volumes)
1103,chapter ranges read from each archive's own page names; the ladder tiles (c1-c104 over 18 volumes)
11065,"a four-issue tie-in mini complete on the shelf, one numbering, and the claim covers all four files"
11091,chapter ranges read from each archive's own page names; the ladder tiles (single volume)
11146,"Machine Man (1978) and Machine Man (1984) share this Series id, both numbering from #1; the Complete Collection spans both, so no single range describes it"
11148,chapter ranges read from each archive's own page names; the ladder tiles (c29-c31.2 over 2 volumes)
11159,chapter ranges read from each archive's own page names; the ladder tiles (c1-c62 over 11 volumes)
11190,"the archives carry no chapter token at all, so all nineteen volumes were opened and their own printed CONTENTS pages read (p2 in v01-v16, p3 in v17, p4 in v18-v19). Viz's `NIGHT N` ladder tiles NIGHT 1-188 across the nineteen volumes with no gap and no overlap"
11193,a chain of four-issue Magic minis that each number #1-4 shares this Series id; all four trades would claim the same range
11205,chapter ranges read from each archive's own page names; the ladder tiles (c1-c47 over 12 volumes)
11210,eight unnumbered variant covers and one collection; LOCG's #1-4 covers no file
11226,chapter ranges read from each archive's own page names; the ladder tiles (c1-c161 over 10 volumes)
11262,chapter ranges read from each archive's own page names; the ladder tiles (single volume)
11280,"Marauders v1 (2019) and Marauders v2 (2022) share this Series id and fifteen numbers name more than one file; both books print their range and both are the 2022 run (#1-5 + Annual, #6-12), so neither can be written. The live LOCG #1-27 on Vol. 02 covers all 44 issue files"
11289,"three rips of one run share this shelf and all three state their chapters: v01-v03 by page token `cNNN (vNN)`, v04-v16 by page token `3gatsuNN_cNNN_`, v17 by its own printed English contents page. `c000` in v04-v16 is FRONT MATTER, not chapter zero (v07 ends 73, v08's first numbered chapter is 74). v17's `chap01`-`chap15` folders are a within-volume ordinal; its contents page names Chapter 180-194 and its translator's note says the numbers were shifted ""to continue from 179 where the last volume ended"""
11305,chapter ranges read from each archive's own page names; the ladder tiles (c1-c39 over 5 volumes)
1131,"a self-published comics journal, 47pp, with no chapters and nothing numbered inside; it is a book, not a collection of numbered units"
1137,chapter ranges read from each archive's own page names; the ladder tiles (c0-c49 over 13 volumes)
11370,"the 1983 magazine #1-34, a stray #1000 and a Rocket Raccoon issue; #1, #25 and #1000 each name more than one file"
11417,"both items are single entries in the numbered Marvel Graphic Novel line (numbers 061 and 065, 67pp and 50pp), not collected editions; the live LOCG span on 061 is quoted from a later Epic Collection"
11441,"Marvel Knights is an imprint; the files here come from six different comics, all numbering from #1"
1157,chapter ranges read from each archive's own page names; the ladder tiles (single volume)
11582,a twelve-issue event complete on the shelf; ComicVine's #1-12 matches the series and 368pp over twelve is thirty pages each
11654,"a four-issue mini complete on the shelf; the 458pp book also holds its sequels, which are not filed here"
11675,Marvel Zombies (2006) and Marvel Zombies 3 (2008) share this shelf and both number from #1
11793,Europe Comics' Masks (2022) and Dynamite's Masks (2013) share this shelf on the strength of the word
11831,"the 2012 mini and the ongoing that followed it both number from #1 under this Series id; the collected edition's own folder is named ""v1-v2"""
11888,"seven trades that end at Vol. 07 - Ra Moon cannot reach #33, and every issue file here is #33 or above"
11888,"LOCG's spans here are the volume ordinal plus one (Vol. 01 -> #2-2, Vol. 02 -> #3-3, Vol. 03 -> #4-4, Vol. 04 -> #5-5), not issue ranges"
11906,"the Deluxe Edition collects three separate three-issue minis (Memetic, Cognetic, Genetic), each numbering from #1"
11906,both files here are numbered #1 - one from each of two different minis
11937,chapter ranges read from each archive's own page names; the ladder tiles (c1-c16 over 2 volumes)
11938,chapter ranges read from each archive's own page names; the ladder tiles (single volume)
11999,"one run of 64-page annual specials; the two held files are 65pp and 64pp, which is what makes ComicVine's two-issue claim arithmetically exact"
12022,nine unnumbered variant covers and one collection; LOCG's #1-3 covers no file
12030,"an eight-issue series complete on the shelf, one numbering, and the claim covers all eight files"
12032,the shelf now holds only the collection itself — no issue files and no provider claim
12079,the two omnibuses quote their contents and neither names the Infinity Comic (2023) that supplies all 21 issue files on this shelf; the live LOCG spans #1-28 and #1-240 each cover all of them
12236,chapter ranges read from each archive's own page names; the ladder tiles (c1-c96 over 9 volumes)
12237,chapter ranges read from each archive's own page names; the ladder tiles (c1-c95 over 13 volumes)
12241,"the archives name no chapter, so all twenty-one volumes were opened. Thirteen print a CONTENTS page listing their chapters; the other eight state the chapter on each chapter's opening art page as a `THUNDERBOLT | CHAPTER N` badge, which fixes their first chapter and lets the next volume's first close them. The ladder tiles CHAPTER 1-181"
12298,chapter ranges read from each archive's own page names; the ladder tiles (c33-c162 over 14 volumes)
12320,chapter ranges read from each archive's own page names; the ladder tiles (c1-c79 over 8 volumes)
12372,chapter ranges read from each archive's own page names; the ladder tiles (c1-c64 over 16 volumes)
12433,"Ms. Marvel (2006) and Ms. Marvel (2014) share this Series id with #6, #7, #8 and #13 naming two files each; two collection lines then reuse the same volume ordinals over the 2014 run"
12452,"the archives name no chapter, so all eighteen volumes were opened; v02-v18 each print a contents page at p4 listing their chapters as `Article N`, and v01 (which prints none) is fixed by its own ARTICLE 1 divider and v02's opening at Article 6. The ladder tiles Article 1-155"
12469,"two strands both numbered #1-4; the book is the COMPLETE collection and holds both, so the collision is harmless here"
12469,re-examine this range if another Multiple Warheads strand is filed on this shelf
12480,chapter ranges read from each archive's own page names; the ladder tiles (c1-c139 over 20 volumes)
12514,chapter ranges read from each archive's own page names; the ladder tiles (c1-c28 over 2 volumes)
12516,chapter ranges read from each archive's own page names; the ladder tiles (single volume)
12525,chapter ranges read from each archive's own page names; the ladder tiles (c1-c386 over 38 volumes)
12526,chapter ranges read from each archive's own page names; the ladder tiles (c1-c94 over 5 volumes)
12527,chapter ranges read from each archive's own page names; the ladder tiles (c0-c23 over 4 volumes)
12529,chapter ranges read from each archive's own page names; the ladder tiles (c1-c126 over 15 volumes)
12563,IDW's post-2021 My Little Pony: the Classics Reimagined minis and the v2 ongoing both number from #1 here
12565,"IDW prints ""Originally published as ... issues #N-N"" on the credits page, bottom left under the IDW logo"
12565,"the trades stop at #88 (Vol. 19) and the issues start at #94, so no book here can hold any file here"
12565,Season 10 is a separate series numbering from #1; Vol. 20 and the standalone Season 10 v01 are the same book
12585,chapter ranges read from each archive's own page names; the ladder tiles (c28-c50 over 6 volumes)
12587,chapter ranges read from each archive's own page names; the ladder tiles (c1-c107 over 8 volumes)
12591,chapter ranges read from each archive's own page names; the ladder tiles (single volume)
12594,chapter ranges read from each archive's own page names; the ladder tiles (c1-c24 over 2 volumes)
12605,chapter ranges read from each archive's own page names; the ladder tiles (c0-c92 over 6 volumes)
12667,"chapter ranges read from each volume's own printed Contents page; c1-c79 over v02-v21, and v01 refused because its contents page numbers nothing"
12667,"chapter 41 is named by no volume's contents page (v11 ends at 40, v12 begins at 42); v11's own page arithmetic suggests it is inside v11 unlisted, but the divider was not found and nothing is claimed"
12704,"a newspaper-strip collection; the daily Nancy strips inside carry no issue number, and Vol. 01 is a book ordinal rather than a coordinate"
12705,a four-issue series; LOCG claims #1-2 on a 114pp collection whose page count fits all four
12716,chapter ranges read from each volume's own printed CONTENTS panel; the main run tiles c1-c700 over 72 volumes with no gap or overlap
12757,chapter ranges read from each archive's own page names; the ladder tiles (c1-c17 over 2 volumes)
12766,chapter ranges read from each archive's own page names; the ladder tiles (c1-c29 over 5 volumes)
12778,chapter ranges read from each archive's own page names; the ladder tiles (c1-c28 over 2 volumes)
12794,"a 2006 one-shot and a 2007 five-issue mini, both called New Avengers: Illuminati, both numbering from #1"
12855,"New Warriors v1 (1990) and v5 (2014) share this Series id; both trades print their range and both are the 2014 run (#1-6 and #7-12), and both of those ranges also name 1990-run files this shelf holds. The live LOCG #1-412 on Vol. 01 covers all 33 issue files"
1287,"Aria numbers chapters ""Navigation NN""; ten of the twelve archives name the chapter in their own FOLDER names and the other two print a contents page. The ladder tiles 1-60 at five chapters a volume. The page-token reader misread v09's colour plate `C0002+0003` as chapter 2 — that false token, not a real disagreement, is why the sweep refused this shelf"
12878,chapter ranges read from each archive's own page names; the ladder tiles (c1-c16 over 2 volumes)
12955,"the ladder here is years parsed as issue numbers (#2011-#2022, three of them naming more than one file); the one remaining book collects Nightwing v2 #101-#106, a run whose files were re-filed to S94870 while this pass ran"
13011,chapter ranges read from each archive's own page names; the ladder tiles (c1-c44 over 7 volumes)
13015,chapter ranges read from each archive's own page names; the ladder tiles (single volume)
13025,chapter ranges read from each archive's own page names; the ladder tiles (c2-c16 over 3 volumes)
1303,"one six-issue mini held twice over in two trees; twelve files, six coordinates, and the claim covers them all"
13040,"the archives name no chapter, so all 25 books were opened and their own printed contents pages read (p2 in v01-v06 and v08-v16, p1 in v07, p3 in v17, p5 in v18 and v20-v24). The `Lesson N` ladder tiles 1-135 across 22 volumes. v19's rip kept no contents page and the volume names no chapter, so it is refused rather than filled in from v18/v20. v24 and v25 are the Opera-hen sequel, numbered `AKT:1` upward — a separate work restarting at 1 on the same shelf"
13103,chapter ranges read from each archive's own page names; the ladder tiles (c1-c35 over 6 volumes)
13110,chapter ranges read from each archive's own page names; the ladder tiles (single volume)
13116,"OMAC (1974, Kirby) and OMAC: One Man Army Corps (1991) share this shelf and both number from #1"
13181,chapter ranges read from each volume's own printed contents page; the ladder tiles c1-c308 over all 48 volumes with no gap or overlap
13193,chapter ranges read from each archive's own page names; the ladder tiles (c1-c28 over 2 volumes)
13245,chapter ranges read from each archive's own page names; the ladder tiles (c1-c1035 over 20 volumes)
13253,chapter ranges read from each archive's own page names; the ladder tiles (c1-c150 over 29 volumes)
1337,chapter ranges read from each archive's own page names; the ladder tiles (c1-c10 over 2 volumes)
13370,"a four-issue mini held twice over; eight files, four coordinates, and the claim covers them all"
13405,"a webcomic collected as a titled PDF book; the shelf holds no numbered base units and the strips inside are not issues, so there is no coordinate for a range"
13412,chapter ranges read from each archive's own page names; the ladder tiles (c1-c32 over 4 volumes)
13419,"a nine-part event numbered #0-8, held twice over; eighteen files, nine coordinates, and the claim covers them all"
13431,chapter ranges read from each archive's own page names; the ladder tiles (c1-c9 over 4 volumes)
13455,chapter ranges read from each archive's own page names; the ladder tiles (c1-c16 over 3 volumes)
1349,chapter ranges read from each archive's own page names; the ladder tiles (single volume)
13497,"LOCG and ComicVine independently give #1-16, and 215pp over sixteen twelve-page shorts fits"
13497,"a New Blood (2021) file shares this shelf; it is unnumbered today, so the range does not reach it - re-check if that changes"
1351,chapter ranges read from each archive's own page names; the ladder tiles (c1-c21 over 5 volumes)
1352,chapter ranges read from each archive's own page names; the ladder tiles (c1-c29 over 6 volumes)
13527,"a four-issue mini complete on the shelf, one numbering, and the claim covers all four files"
13540,chapter ranges read from each archive's own page names; the ladder tiles (c1-c50 over 13 volumes)
13577,chapter ranges read from each archive's own page names; the ladder tiles (c1-c64 over 8 volumes)
13578,chapter ranges read from each archive's own page names; the ladder tiles (c1-c64 over 8 volumes)
1361,chapter ranges read from each archive's own page names; the ladder tiles (c1-c14 over 3 volumes)
13638,chapter ranges read from each archive's own page names; the ladder tiles (c1-c40 over 10 volumes)
13643,"a facsimile reprint of a 1950s Peanuts paperback; the daily strips inside are dated, never numbered, so there is no coordinate a range could be written in"
13644,"a facsimile reprint of a 1950s Peanuts paperback; the daily strips inside are dated, never numbered, so there is no coordinate a range could be written in"
13645,"a facsimile reprint of a 1950s Peanuts paperback; the daily strips inside are dated, never numbered, so there is no coordinate a range could be written in"
13646,"a facsimile reprint of a 1950s Peanuts paperback; the daily strips inside are dated, never numbered, so there is no coordinate a range could be written in"
13655,"a facsimile reprint of a 1950s Peanuts paperback; the daily strips inside are dated, never numbered, so there is no coordinate a range could be written in"
13656,"a facsimile reprint of a 1950s Peanuts paperback; the daily strips inside are dated, never numbered, so there is no coordinate a range could be written in"
13657,"a facsimile reprint of a 1950s Peanuts paperback; the daily strips inside are dated, never numbered, so there is no coordinate a range could be written in"
13658,"a facsimile reprint of a 1950s Peanuts paperback; the daily strips inside are dated, never numbered, so there is no coordinate a range could be written in"
13661,"a facsimile reprint of a 1950s Peanuts paperback; the daily strips inside are dated, never numbered, so there is no coordinate a range could be written in"
13669,"a facsimile reprint of a 1950s Peanuts paperback; the daily strips inside are dated, never numbered, so there is no coordinate a range could be written in"
1371,"both trades point at one LOCG record (Vol. 1 HC) and both take its #1-2; the shelf also holds two separately-numbered minis (2022 and III, 2024), so the two issue files cannot be placed"
13784,"two of the four items flagged as collections are 24pp single issues; the shelf carries the 1990 and 1999 runs at once and LOCG's claims on the two trades run backwards (#44-47 on Vol. 03, #35-37 on Vol. 04)"
13811,"a five-issue mini complete on the shelf, one numbering, and the claim covers all five files"
13829,chapter ranges read from each archive's own page names; the ladder tiles (c1-c55 over 2 volumes)
13909,chapter ranges read from each archive's own page names; the ladder tiles (c1-c86 over 4 volumes)
1391,chapter ranges read from each archive's own page names; the ladder tiles (c1-c180 over 21 volumes)
13911,chapter ranges read from each archive's own page names; the ladder tiles (c1-c71 over 9 volumes)
13914,chapter ranges read from each archive's own page names; the ladder tiles (c1-c65 over 8 volumes)
13933,chapter ranges read from each archive's own page names; the ladder tiles (single volume)
13937,chapter ranges read from each archive's own page names; the ladder tiles (c1-c100 over 4 volumes)
13941,chapter ranges read from each archive's own page names; the ladder tiles (c1-c10 over 3 volumes)
14001,"three ~256pp volumes, so about ten issues each; LOCG claims 363 issues for Vol. 01 and ComicVine has Vol. 02 skipping from #10 to #37"
14001,lead: ComicVine's #1-10 for Vol. 01 is the right shape and would take one file; the volumes' own copyright pages would settle all three
14022,"a three-issue mini complete on the shelf, one numbering, and the claim covers all three files"
1403,"neither volume's contents are stated (one record has no cached page, the other is a single-comic page); the shelf holds #10-#14 and a guessed division would claim #10"
1408,"a six-issue mini complete on the shelf, one numbering, and the claim covers all six files"
14088,chapter ranges read from each archive's own page names; the ladder tiles (c1-c8 over 2 volumes)
14162,"Psi-Lords (1994, ten issues) and Psi-Lords (2019, eight issues) share this shelf and both number from #1"
14213,"three Punisher War Journal series (1988, 2006, 2022) share this shelf and all number from #1"
14275,chapter ranges read from each archive's own page names; the ladder tiles (single volume)
1428,"twenty-one of the twenty-two files are SINGLE Dark Horse volumes (v03-v23, 177-231pp, each stating `ASTRO BOY VOLUME N` on its own copyright page) wrongly flagged IsCollection=1; the stories inside are titled, never numbered. The one real container is 42864, whose title page reads `Books 1 and 2` — a two-volume omnibus at 424pp"
14300,"a five-issue mini complete on the shelf, one numbering, and the claim covers all five files"
14333,chapter ranges read from each archive's own page names; the ladder tiles (c1-c19 over 3 volumes)
14334,chapter ranges read from each archive's own page names; the ladder tiles (c1-c75 over 4 volumes)
14352,"Ragman v1 (1976, five issues) and Ragman (2017, six issues) share this shelf and both number from #1"
14366,chapter ranges read from each archive's own page names; the ladder tiles (c1-c18 over 2 volumes)
14385,"REFUSED as a shelf: the ""PART n"" numbering printed in these scanlations restarts at 1 in every volume (proven by reading the contents pages of v20, v30 and v38), so it is a per-volume label, not a series chapter coordinate"
14385,the shelf mixes at least three scanlation groups and at least two conventions - v02's opening divider is PART 9 while v20/v30/v38 all start at PART 1
14393,chapter ranges read from each archive's own page names; the ladder tiles (single volume)
1440,three unnumbered files and one collection; no claim reaches a file
14408,Europe Comics' Raven (2020) and DC's Raven (2016) share this shelf on the strength of the word
14423,chapter ranges read from each volume's own printed CONTENTS panel; the ladder tiles episode 1 to episode 46 over all 12 volumes with no gap or overlap
14423,"the c12 overlap the sweep found between v03 and v04 is a danke-Empire MISLABEL: v03's c012-named pages are its unnumbered ""Special Chapter: Spring fever"", and v03's contents ends at episode 11"
14426,"a crossover collected from a one-shot and four separate minis, each numbering from #1; its contents are a list"
14521,an eight-issue anthology split into two four-issue volumes; the claim on Vol. 01 is quoted from Vol. 2's record and covers every issue file the shelf holds
14533,"a four-issue mini complete on the shelf, one numbering, and the claim covers all four files"
14579,"nineteen volumes of the main run tile c1-c166 exactly, nine chapters a volume from v03 on. The overlap that made the sweep refuse this shelf is a SPIN-OFF, `Rent-a-(Really Shy!)-Girlfriend v01` (item 45186), filed on the same Series and numbering its own chapters from 1"
14590,"Resident Alien is a chain of minis that each number from #0 (LOCG's own page for one of them says ""Collects issues #0-#3 of the miniseries""); every trade here is one such mini, so all would claim the same numbers"
14607,fifteen unnumbered variant covers and one collection; LOCG's #1-4 covers no file
14621,"a four-issue mini complete on the shelf, one numbering, and the claim covers all four files"
14699,"both claims come from shell pages and both fail the arithmetic: 998pp over 8 claimed issues and 432pp over 7; the shelf's ladder #0-#24 is complete and one numbering, but nothing states where the two compendia divide"
1474,chapter ranges read from each archive's own page names; the ladder tiles (c1-c139 over 34 volumes)
1476,chapter ranges read from each archive's own page names; the ladder tiles (c1-c10 over 2 volumes)
14761,chapter ranges read from each archive's own page names; the ladder tiles (c1-c62 over 6 volumes)
14793,two four-issue Rocketeer Adventures anthologies (2011 and 2012) both number #1-4 under this Series id; the two issue files cannot be assigned to either
14833,"the archives name no chapter, so all ten volumes were opened and their own printed contents pages read (p4 in v01, p5 in the rest). Viz's `Test N` ladder tiles Test 1-40, four chapters in every volume; each contents page also states the volume's own number and subtitle, which matches the file name in all ten"
14834,"the archives name no chapter, so all fourteen volumes were opened; eleven print a numbered CONTENTS panel (p5 or p6) and three (v11, v12, v13) state their first chapter on its divider page instead. The ladder tiles chapters 1-66. This shelf's numbering is Season II's own and restarts from the first series on S14833"
14854,four unnumbered files and one collection; LOCG's #1-4 covers no file
14884,chapter ranges read from each archive's own page names; the ladder tiles (c1-c255 over 28 volumes)
14885,chapter ranges read from each archive's own page names; the ladder tiles (c1-c10 over 2 volumes)
14917,chapter ranges read from each archive's own page names; the ladder tiles (c1-c60 over 4 volumes)
14977,chapter ranges read from each archive's own page names; the ladder tiles (c1-c106 over 12 volumes)
15004,chapter ranges read from each archive's own page names; the ladder tiles (c1-c43 over 5 volumes)
15080,no provider claim exists for any of the three volumes and the shelf holds one issue file; only the ordinals remain
15086,the only claim (LOCG #1-89 on a 75pp book) is refuted by the page count; the shelf holds #5-#11 and nothing states what Vol. 01 holds
15097,"a five-issue mini complete on the shelf, one numbering, and the claim covers all five files"
15100,the 2024 Titan run is split off; the surviving provider claims contradict each other and are refuted by the page counts
15100,"lead: these are Dark Horse `The Savage Sword of Conan Vol. NN` reprints of the 1974 Marvel magazine, about ten issues per volume; a future pass should read one volume's indicia to fix the ladder's start"
15130,"one numbering (Icon's Scarlet, 2010); the 478pp Dark Horse Edition is the book that plausibly holds our #6-9"
15130,"lead: LOCG's #1-9 stops one issue short of the run's end, which is what a flattened record looks like; the book's own page would settle four files"
15156,chapter ranges read from each archive's own page names; the ladder tiles (single volume)
15234,the shelf holds #12-25; ComicVine's #1-11 stops exactly where our files begin
15245,eleven unnumbered variant covers and one collection; LOCG's #1-8 covers no file
15280,"one five-issue mini; the two collections are two different editions (2006, 128pp and 2009, 180pp), not two rips of one"
15302,"an anthology gathering back-ups from across the Secret Wars line; its contents are a list, not a range"
15318,chapter ranges read from each archive's own page names; the ladder tiles (c1-c111 over 3 volumes)
15337,"the one issue file is a Wonder Woman annual, not a Sensational Wonder Woman chapter"
15411,"two reprint lines (Marvel Masterworks Vols. 01-04 and the Epic Collection Vols. 01-02) cover the same 1963 run; each book's own contents page names every issue, and the Masterworks ladder tiles #1-#43 exactly"
1545,"a nine-issue mini held twice over; one numbering, nothing to collide with, and #1-9 is the obvious reading"
1545,"refused on the claim, not the shelf: LOCG's #1-526 covers all eighteen files by covering everything"
15458,"chapter ranges read from each volume's own printed contents page; the main run tiles c1-c299 over 34 volumes with no gap or overlap, and v35 states its own contents as unnumbered bonus material"
15458,"five separate works (Flowers, Marcos, Red Crimson, The Super Star, Zero - 19 volumes) share this Series id and each restarts its chapter numbering at 1; all are refused until the shelf is split"
15475,chapter ranges read from each archive's own page names; the ladder tiles (c1-c165 over 17 volumes)
15489,Shazam! v3 (2019) and v4 (2023) share this Series id with 13 issue numbers used more than once; the 2013 collection reprints a back-up feature from a series not on this shelf
15504,"five She-Hulk runs and four collection lines share this Series id; three different books are ""Vol. 03"" and the providers disagree three ways on the same volumes"
1553,"a five-issue mini complete on the shelf, one numbering, and the claim covers all five files"
15592,chapter ranges read from each archive's own page names; the ladder tiles (c1-c15 over 2 volumes)
15623,"a six-issue mini complete on the shelf, one numbering, and the claim covers all six files"
15631,chapter ranges read from each archive's own page names; the ladder tiles (c1-c131 over 15 volumes)
15636,fourteen unnumbered variant covers and one collection; LOCG's #1-5 covers no file
15695,the volumes map to the files by ARC TITLE and the ranges are in this series continuous 0-25 numbering; the per-volume #1-5 from gcd is the arc own count and cannot be used as a range here
15718,chapter ranges read from each archive's own page names; the ladder tiles (c1-c20 over 4 volumes)
15735,chapter ranges read from each archive's own page names; the ladder tiles (c1-c24 over 4 volumes)
15755,chapter ranges read from each archive's own page names; the ladder tiles (c1-c276 over 30 volumes)
15764,"two seasons of Sleeper, both twelve issues numbered from #1, both complete here in folders that name them"
15764,LOCG and ComicVine agree on #1-12 and both are right about the book; the range still takes both seasons
15795,chapter ranges read from each archive's own page names; the ladder tiles (c1-c14 over 2 volumes)
1582,six unnumbered variant covers and one trade; LOCG's #1-3 covers no file
15830,chapter ranges read from each archive's own page names; the ladder tiles (c1-c10 over 2 volumes)
15854,"fifty-one of the 53 ""collected editions"" here are 21-42pp single issues of Valiant's Solar v2 (1991) mislabelled by ComicInfo; the only two real books are Dynamite's 2014 trades, whose run the shelf's issues do not belong to"
15861,"three unrelated series named Solo share this Series id (DC 2005, Marvel 2016, Titan 2021) and #1 and #2 each name two files"
15928,chapter ranges read from each volume's own printed CONTENTS page; the ladder tiles c1-c112 over all 25 volumes with no gap or overlap
15928,"v01's c1-c1 is a real single-chapter range read off its contents page (three unnumbered prologues plus Chapter 1), not the volume-ordinal artefact the degenerate-span guard looks for"
15929,chapter ranges read from each archive's own page names; the ladder tiles (c1-c16 over 3 volumes)
15949,chapter ranges read from each archive's own page names; the ladder tiles (c1-c403 over 43 volumes)
15978,"one title, one numbering, #1-360 nearly complete; a claim of #284-290 is not a shape a title stamp produces"
15978,seven issues at twenty-four pages is 168 against the book's 172
16019,eight unnumbered variant covers and one collection; LOCG's #1-6 covers no file
16039,one annual and a 457pp Complete Collection; LOCG says #1-8 and ComicVine says #0-5
16047,"two runs number from #1 on this shelf (Spider-Gwen 2015A #1-5 and 2015B #1-34) and the deluxe Book 01 collects both; the shelf's only real comic is item 93993, a 2023 Shadow Clones Annual carrying IssueNo 1, so every range reaching #1 is withheld. All ten books print their contents on the back cover and all ten lines are quoted in this file"
1608,four unnumbered variant covers and one trade; LOCG's #1-5 covers no file
16085,"one five-issue mini; the trade is held twice, as a 2005 rip and a 2017 HD re-rip of the same 125pp book"
16094,"a five-issue tie-in mini complete on the shelf, one numbering, and the claim covers all five files"
16130,the Spider-Man mini and an X-Men v3 trade share this shelf because both are subtitled 'With Great Power'
16131,"Spider-Man 2099 v1 (1992) and v2/v3 (2015) share this Series id, and items 52133 and 118879 are the same file filed twice"
16140,"a six-issue mini complete on the shelf, one numbering, and the claim covers all six numbered files"
16159,Spider-Man Team-Up v1 (1995) and Marvel Age Spider-Man Team-Up (2004) share this shelf and both number from #1
1619,"a five-issue mini complete on the shelf; LOCG claims #1-9, four issues wider than the series ran"
1619,lead: #1-5 would nest the same five files; the collection's own page would settle it
16260,four Spider-Woman runs share this Series id with seven numbers naming more than one file; two collection lines reuse Vol. 01 and Vol. 02
16339,chapter ranges read from each archive's own page names; the ladder tiles (c1-c75 over 11 volumes)
16394,"a crossover collected from Star Trek, Defiant and a special; its contents are a list, not a range"
16410,"the two loose files are annual SPECIALS, not issues of the six-part series the book collects"
1645,"a four-issue mini complete on the shelf, one numbering, and the claim covers all four files"
1646,"a nine-issue event complete on the shelf, one numbering, and the claim covers all nine files"
16462,"the 2022 miniseries and the 2025 relaunch both number #1-3, and only the 2025 issues are here as files"
16462,Warp Your Own Way is an original graphic novel and collects no issue; LOCG's #1-3 on it is the title-wide stamp
165,chapter ranges read from each archive's own page names; the ladder tiles (single volume)
16633,Tales from Vader's Castle (2018) and Ghosts of Vader's Castle (2021) share this Series id and both number #1-5; the Deluxe collection holds both
16837,chapter ranges read from each archive's own page names; the ladder tiles (single volume)
16862,chapter ranges read from each archive's own page names; the ladder tiles (c1-c158 over 17 volumes)
16896,"a Silver Age #226 from the 52 Companion tree and the 1999 Vertigo mini's collection, filed as one series"
16926,"the omnibus gathers several separate minis, each numbering from #1; its contents are a list"
16999,"Stuff of Nightmares (2022) and Red Murder (2023) share this shelf; both files here are numbered #1, one from each"
170,chapter ranges read from each archive's own page names; the ladder tiles (c1-c86 over 12 volumes)
17022,Suicide Squad v2 (2001) and a v5 (2016) annual both sit at #1 here
17026,ten unnumbered variant covers; LOCG's #1-1060 is a thousand-issue hull on a 132pp collection
17027,twelve unnumbered variant covers and one collection; LOCG's #1-5 covers no file
17054,chapter ranges read from each archive's own page names; the ladder tiles (single volume)
17058,chapter ranges read from each archive's own page names; the ladder tiles (c9-c46 over 4 volumes)
17075,chapter ranges read from each archive's own page names; the ladder tiles (c1-c37 over 6 volumes)
17123,"a six-issue mini, one issue held; 140pp over six is twenty-three pages each, and nothing else numbers here"
1715,"B.P.R.D. is a chain of minis that each number from #1, so the same #1-5 / #1-6 span sits on twenty different books; the shelf holds a single issue file and no coordinate a range could be in"
17159,"Superior Spider-Man v1 (2014), v2 (2019) and v3 (2024) share this Series id, and four different books here are ""Vol. 01"""
17181,"a crossover collected from six different titles; its contents are a list, and LOCG's #1-35 is that list flattened"
17183,the only claim is LOCG #1-770 on a 286pp book; the shelf's other file is an unnumbered collection of the same story
17193,"an eight-issue mini, one issue held; 206pp over eight is twenty-six pages each, and nothing else numbers here"
17194,eleven unnumbered variant covers and one collection; LOCG's #1-10 covers no file
17195,"there is no series numbered ""Superman: New Krypton"" - the four trades collect Superman, Action Comics, Supergirl, three one-shot specials, and World of New Krypton 1-5 and 6-12, which is three numbering spaces and none of them this shelf"
17195,"the three issue files are Superman - Last Stand of New Krypton 1-3, a separate 2010 mini; Vol. 03 collects WORLD OF NEW KRYPTON 1-5 and a range of 1-5 written here would swallow all three of them"
17195,"this shelf needs splitting into the New Krypton trade line, World of New Krypton, and Last Stand of New Krypton before any range can be written on it"
17269,"a three-issue prestige-format mini, two of it held; 144pp over three is forty-eight pages each"
1727,chapter ranges read from each archive's own page names; the ladder tiles (c1-c196 over 22 volumes)
17277,LOCG's #133-148 is the Silver Age title's numbering on a collection of the 2019 twelve-issue mini
1728,"thirty-four flat archives with no chapter token, no contents page and no numbered chapter dividers; the only number printed is the title page's `GIG N`, which four volumes read side by side show to be the VOLUME ordinal (v01 GIG 1, v03 GIG 3, v04 GIG 4, v05 GIG 5). Any range here would be the volume number restated, which is the §6.2 artefact"
17280,the book is named for Kirby's run and Kirby's run is #133-148; LOCG says #133-148 and ComicVine says #1-22
17280,"the #133-148 claim leaves the eight low-numbered files alone, which is the test ComicVine's claim fails"
1730,chapter ranges read from each archive's own page names; the ladder tiles (c1-c52 over 5 volumes)
17327,"the 2020 ""Man of Steel Vol. NN"" line reprints across Superman, Action Comics and Adventures of Superman, so no range in one title's numbering describes it; LOCG's #9-686 is that contents list reduced to min-max"
17331,"Up in the Sky was serialised inside SUPERMAN GIANT, the Walmart anthology; the six files here are Giant #1-6"
17331,LOCG's #3-16 is in the right coordinate system and probably right about the book
17331,refused because the files are anthology issues holding several serials; only one of them is in this trade
1737,chapter ranges read from each archive's own page names; the ladder tiles (c1-c65 over 6 volumes)
17370,"Survival Street (2022), Survival Street: The Radical Left (2024) and a separate Survival (2023) folder share this shelf"
17373,chapter ranges read from each archive's own page names; the ladder tiles (c0-c166 over 18 volumes)
17394,chapter ranges read from each archive's own page names; the ladder tiles (c1-c97 over 11 volumes)
17410,chapter ranges read from each archive's own page names; the ladder tiles (c1-c16 over 2 volumes)
17411,chapter ranges read from each archive's own page names; the ladder tiles (c1-c20 over 4 volumes)
17412,chapter ranges read from each archive's own page names; the ladder tiles (c1-c30 over 5 volumes)
17413,chapter ranges read from each archive's own page names; the ladder tiles (c1-c15 over 3 volumes)
17415,chapter ranges read from each archive's own page names; the ladder tiles (c1-c10 over 2 volumes)
17416,chapter ranges read from each archive's own page names; the ladder tiles (c0-c19 over 3 volumes)
17417,chapter ranges read from each archive's own page names; the ladder tiles (c1-c17 over 2 volumes)
17418,chapter ranges read from each archive's own page names; the ladder tiles (single volume)
17453,chapter ranges read from each archive's own page names; the ladder tiles (single volume)
17489,chapter ranges read from each archive's own page names; the ladder tiles (single volume)
17491,chapter ranges read from each archive's own page names; the ladder tiles (c1-c46 over 6 volumes)
17514,"the 1950 EC title, three issues held (#29, #32, #36); the one archive volume is #20-22 and stops before them"
17700,"five TMNT collection lines share this Series id with colliding ordinals, and the ""Best of"" volumes are selections rather than a range; #1-#4 each name two files"
17705,Color Classics v3 (#1-15) and the Color Classics Micro Series (#1-4) share this shelf and both number from #1
17705,lead: Vol. 03's #14-21 starts past the Micro Series and would cost nothing if read; splitting the Micros off would make Vol. 01 and Vol. 02 safe to read too
17716,three separate TMNT series share this Series id and both issue files are numbered #1
17735,"a four-issue crossover, one issue held; 101pp over four is twenty-five pages each"
17821,"the one trade is the first half of the 2003 run; GCD's #1-6 and the page arithmetic agree, and the shelf's #14 belongs to a later run outside the range"
17858,chapter ranges read from each archive's own page names; the ladder tiles (c1-c38 over 8 volumes)
17862,chapter ranges read from each archive's own page names; the ladder tiles (c1-c96 over 21 volumes)
17864,chapter ranges read from each archive's own page names; the ladder tiles (c1-c40 over 7 volumes)
17865,chapter ranges read from each archive's own page names; the ladder tiles (c1-c32 over 7 volumes)
17866,chapter ranges read from each archive's own page names; the ladder tiles (c1-c19 over 2 volumes)
1787,"five Panel Syndicate chapters complete on the shelf, one numbering, and the claim covers all five"
17957,chapter ranges read from each archive's own page names; the ladder tiles (c1-c95 over 19 volumes)
17958,chapter ranges read from each archive's own page names; the ladder tiles (c0-c14 over 3 volumes)
17959,chapter ranges read from each archive's own page names; the ladder tiles (c1-c40 over 8 volumes)
1801,chapter ranges read from each archive's own page names; the ladder tiles (c1-c176 over 20 volumes)
18059,seven unnumbered variant covers and one collection; LOCG's #1-3 covers no file
18084,chapter ranges read from each archive's own page names; the ladder tiles (single volume)
1810,"the ranges are correct in this series' continuous numbering; ComicDetail.IssueNo is wrong on all 40 single issues (it took the arc number from ""Baltimore 016 - The Infernal Train 01 (of 03)""), so containment cannot attach them"
18103,"LOCG says Vol. 01 is #1-8 and ComicVine says #1-6; our files are #5-8, so the disagreement decides two of them"
18161,a newspaper-strip collection published as a titled book; the strips carry no issue number and there is no coordinate a range could be written in
18178,"a six-issue mini complete on the shelf, one numbering, and the claim covers all six files"
18199,chapter ranges read from each archive's own page names; the ladder tiles (c1-c46 over 8 volumes)
18254,the 2012 six-issue series and its 2017 v2 sequel share this shelf and both number from #1
18396,chapter ranges read from each archive's own page names; the ladder tiles (c1-c19 over 3 volumes)
18415,chapter ranges read from each archive's own page names; the ladder tiles (c1-c54 over 11 volumes)
18417,"a daily webcomic collected by volume; the strips inside are dated, never numbered, so there is no coordinate a range could be written in"
18453,chapter ranges read from each archive's own page names; the ladder tiles (c1-c42 over 3 volumes)
18454,chapter ranges read from each archive's own page names; the ladder tiles (c1-c439 over 44 volumes)
18454,chapter ranges read from each archive's own page names; the ladder tiles (c1-c219 over 22 volumes)
18516,chapter ranges read from each archive's own page names; the ladder tiles (c1-c25 over 3 volumes)
18517,chapter ranges read from each archive's own page names; the ladder tiles (c1-c45 over 11 volumes)
18534,"the two loose files are two rips of the same 62pp Breccia book, The Eternaut 1969"
18575,"a four-issue 1996 crossover, held twice over in two chronology trees, plus its trade and that trade's 2021 reissue"
18575,"lead: #1-4 for both books would nest all eight files; neither book was opened, and LOCG's #1-81 is a hull covering everything"
18666,the collection is titled 'The Whole Goddamned Thing'; ComicVine's #1-8 matches that and LOCG's #5-8 does not
18676,chapter ranges read from each archive's own page names; the ladder tiles (c1-c53 over 11 volumes)
18734,the live LOCG span #9-10 on a 246pp trade is 123pp per claimed issue and covers both issue files on the shelf; the record itself states no contents
18826,"three stray files (#93, #94, #445) and two omnibuses of the 1962 run; no claim on this shelf covers a single file"
1886,"the issue files on this shelf are DIGITAL CHAPTERS 1-73, not the 30 print issues; every trade's copyright page states both numberings and the chapter half is what is stored"
1886,"two rips of the same run sit side by side - guided-view (panel-per-page, ~100pp per chapter) and static-image (~22pp per chapter); the ranges cover both"
1886,"Vol. 03 was not read - its copyright block is not on p2-p6 or the last page; it is the complement of Vol. 02 and Vol. 04, both of which I did read"
18882,chapter ranges read from each archive's own page names; the ladder tiles (c1-c31 over 6 volumes)
18892,"every volume prints a numbered `contents` page, but the numbering RESTARTS in each one — v01, v02, v03, v05, v06 and v07 all open at `1st delivery`. The delivery number is a within-volume ordinal, not a shelf coordinate, and reading it as one would give all fourteen books an overlapping range beginning at 1"
18906,"a three-issue series complete on the shelf, one numbering, and the claim covers all three files"
18917,chapter ranges read from each archive's own page names; the ladder tiles (single volume)
1892,"a digital-first series: twelve chapters in 141 pages is twelve pages each, which is the format's normal length"
1892,"complete on the shelf, one numbering, and the claim covers all twelve files"
18942,chapter ranges read from each archive's own page names; the ladder tiles (c1-c58 over 11 volumes)
1901,"two Arkham City minis: v1 (2011), whose trade this is, and End Game (2012), whose six issues are the files here"
1901,the filenames say '(of 06)' and the folder says End Game; the trade's folder says v1
19033,The Magic Order is a run of six-issue miniseries and each numbers from #1; the four files here are series V
19033,"the four trades are series I-IV, so no range they carry can be about the files on this shelf"
19036,"a five-issue series complete on the shelf, one numbering, and the claim covers all five files"
1905,"a six-issue mini complete on the shelf, one numbering, and the claim covers all six files"
19063,"a five-issue mini, one issue held; 124pp over five is twenty-five pages each"
19087,The Massive (2012) and The Massive: Ninth Wave (2015) share this Series id and both number from #1; the five issue files are Ninth Wave's while five of the six collections are The Massive's
191,chapter ranges read from each archive's own page names; the ladder tiles (c1-c32 over 6 volumes)
19134,"three Mighty Thor runs (1966, 2011, 2016) share this Series id; the 2016 run's ranges land on the 2011 run's files, which are the ones the shelf actually holds"
1918,seven unnumbered variant covers and one trade; LOCG's #1-3 covers no file
19251,"the book quotes ""Collects ... #1-#6"" of the DARK HORSE series, but the shelf's Dark Horse files begin at #7 and its #1-#3 are 36-38pp Tiny Onion (2022) files; a #1-6 range would claim those three on an unproven identity"
19305,The Orville is a run of short minis each numbered from #1; #1 and #2 each name several files here
1933,four unnumbered variant covers and one trade; LOCG's #1-3 covers no file
19392,chapter ranges read from each archive's own page names; the ladder tiles (c1-c181 over 20 volumes)
19419,chapter ranges read from each archive's own page names; the ladder tiles (c1-c122 over 14 volumes)
19537,no volume's contents are stated: one claim comes from a shell page and the other three items are linked to single-comic records; the shelf's files start at #27
19574,chapter ranges read from each archive's own page names; the ladder tiles (c1-c346 over 36 volumes)
19575,chapter ranges read from each archive's own page names; the ladder tiles (c1-c104 over 12 volumes)
19577,chapter ranges read from each archive's own page names; the ladder tiles (c1-c7 over 2 volumes)
19633,chapter ranges read from each archive's own page names; the ladder tiles (c1-c45 over 5 volumes)
19654,"both claims are matched to other books: ComicVine to the Ben Reilly Omnibus, LOCG to a record with no cached page"
1967,fourteen unnumbered variant covers; LOCG's #1-104 is a hull on a 205pp collection and covers nothing
19704,chapter ranges read from each archive's own page names; the ladder tiles (single volume)
19843,"the folder is named ""v1-v2 (2015)"" and both runs number from #1; GCD gives Vol. 01 #1-5 in v1's numbering and Vol. 03 #1-6 in v2's. After a split the v2 ladder tiles exactly: Vol.03 #1-6, 04 #7-11, 05 #12-16, 06 #17-21, 07 #22-26, 08 #27-31, 09 #32-36, 10 #37-41, 11 #42-46, 12 #47-50"
19897,a thirteen-issue run in the Chronological Valiant folder and a six-issue 2019 mini share this shelf
19918,chapter ranges read from each archive's own page names; the ladder tiles (c1-c99 over 11 volumes)
19950,chapter ranges read from each archive's own page names; the ladder tiles (single volume)
19970,chapter ranges read from each archive's own page names; the ladder tiles (single volume)
19991,chapter ranges read from each archive's own page names; the ladder tiles (c1-c8 over 2 volumes)
20070,"two numberings on one shelf (#12-#30 and #345-#471) and four collection lines over three runs; items 117957, 96839 and 96846 all carry the identical LOCG claim #107-114"
20128,a three-issue mini complete on the shelf; #1-3 is the obvious reading and LOCG offers #1-409 instead
20142,chapter ranges read from each archive's own page names; the ladder tiles (single volume)
2017,"the 2009 series #1-22 complete, plus a House of Mystery annual (#93) that is not part of it"
2017,LOCG's #13-21 is nine 22-page issues in a 128pp book - too wide by about a third
20220,"a six-issue mini held twice over; twelve files, six coordinates, and the claim covers them all"
20275,chapter ranges read from each archive's own page names; the ladder tiles (c1-c74 over 8 volumes)
20276,chapter ranges read from each archive's own page names; the ladder tiles (c1-c79 over 14 volumes)
20283,chapter ranges read from each archive's own page names; the ladder tiles (c0-c2 over 2 volumes)
20287,chapter ranges read from each archive's own page names; the ladder tiles (c80-c143 over 6 volumes)
20288,chapter ranges read from each archive's own page names; the ladder tiles (c1-c164 over 15 volumes)
20289,chapter ranges read from each archive's own page names; the ladder tiles (c1-c278 over 31 volumes)
20295,chapter ranges read from each archive's own page names; the ladder tiles (c1-c16 over 2 volumes)
20322,"no source states either volume's contents: one claim comes from a record with no cached page, the other from a single-comic page; the shelf's own files start at #9"
20325,chapter ranges read from each archive's own page names; the ladder tiles (single volume)
20326,chapter ranges read from each archive's own page names; the ladder tiles (c1-c51 over 8 volumes)
20329,Alan Moore's Tomorrow Stories (1999) and an EC Artists' Library volume are filed as one series on the word 'Tomorrow'
20333,chapter ranges read from each archive's own page names; the ladder tiles (c1-c34 over 3 volumes)
20342,one file and a 353pp collection; LOCG says #1-3 and ComicVine #1-7 of a twelve-issue series
20346,chapter ranges read from each archive's own page names; the ladder tiles (c1-c88 over 10 volumes)
20373,"Image's Transformers (2023), IDW's 2019 run, the Marvel original and Death's Head share this Series id; thirteen numbers between #1 and #16 each name two files"
20511,chapter ranges read from each archive's own page names; the ladder tiles (single volume)
20532,chapter ranges read from each archive's own page names; the ladder tiles (c1-c102 over 27 volumes)
20621,"a nine-issue mini complete on the shelf, one numbering, and the claim covers all nine files"
20622,"every range here is quoted from the trade's own back cover; the ladder tiles #40-#133 with no gap, and the two held issues 132 and 133 fall in Vol. 22 exactly as its back cover states"
20625,every loose file on this shelf reads as #0; there is no run for a range to describe
20638,"five comics called Ultimates share this shelf (2002, 2005, 2008, 2016, 2024) and all number from #1"
20638,seven coordinates name more than one file; GCD's #7-13 is right about the 2002 run and was covering nine files from several runs
20656,chapter ranges read from each archive's own page names; the ladder tiles (c42-c59 over 3 volumes)
20667,chapter ranges read from each archive's own page names; the ladder tiles (single volume)
208,"both volumes carry the identical LOCG range #9-12, which is also exactly the four files we hold"
208,lead: v02 is the volume that could legitimately end at #12; its copyright page would settle it
20818,chapter ranges read from each archive's own page names; the ladder tiles (single volume)
20844,"the rip's `cNNN` token RESTARTS at 1 with each Japanese volume, so it is a within-volume ordinal and not a shelf coordinate — sixteen omnibuses all claiming ""c1-22"" is what that looks like. The `(vNN)` token on the same page names is the real coordinate: each omnibus carries exactly two consecutive Japanese volumes, v01+v02 through v31+v32, tiling the whole 32-volume run"
20846,chapter ranges read from each archive's own page names; the ladder tiles (c1-c56 over 9 volumes)
20859,chapter ranges read from each archive's own page names; the ladder tiles (single volume)
20872,chapter ranges read from each archive's own page names; the ladder tiles (c1-c49 over 9 volumes)
2089,"no issue files on the shelf; three of the four claims come from shell pages and the fourth from a single-comic record, and the anthology's own minis each number from #1"
20964,"a five-issue mini complete on the shelf, one numbering, and the claim covers all five files"
20988,"three runs share this shelf: Venom v3 (2016) #1-6/#150-165, v4 (2018) and v5 (2021), and all three number low"
20988,"Marvel prints the range as PER-ISSUE CREDITS on p2, not as an indicia sentence; the back-page ""COLLECTING"" line is an advert for another book"
20988,"read and NOT stored: Vol. 07 - Exsanguination #31-34 and Vol. 01 - Homecoming #1-6 collide with another run on this shelf; Vol. 04 - The Nativity is gapped (#161, #164-165) and the hull would take our #162-163"
21053,twenty-four unnumbered variant covers and one collection; LOCG's #1-4 covers no file
21091,chapter ranges read from each volume's own printed TABLE OF CONTENTS; the ladder tiles c1-c191 over all 13 omnibus volumes with no gap or overlap
21091,"the c72 overlap the sweep found between v05 and v06 is a danke-Empire MISLABEL: v05's c072-named pages are its bonus story ""For Our Farewell Is Near, Part 5"" (their own file names say so) and v05's contents ends at CHAPTER 71"
21170,a five-issue mini complete on the shelf; the book is titled Protectors of Wakanda and carries a twenty-four issue claim
21241,"the shelf holds one six-issue mini filed three times (Marvel Cosmic, X-Men Chronology, Major Event Chronology); the ladder is #1-#6 in triplicate"
21250,"a 1521pp omnibus of an event that ran through dozens of titles; its contents are a list, not a range"
21297,"two unrelated series share this Series id: DC's Wasteland (1987), which supplies all eighteen issue files, and Oni Press's Wasteland (2007), which supplies all eleven trades"
21305,"the twelve issues are complete here and their filenames say ""(of 12)""; three books state #1-12 on their own copyright pages"
21305,"three books holding the same twelve issues is legitimate, not a conflict"
21311,chapter ranges read from each archive's own page names; the ladder tiles (c1-c56 over 7 volumes)
21340,chapter ranges read from each archive's own page names; the ladder tiles (single volume)
2135,"a six-issue mini, five of it held; 149pp over six issues is twenty-five each, and nothing else numbers here"
21370,chapter ranges read from each archive's own page names; the ladder tiles (c1-c13 over 3 volumes)
21392,"Weekly Shonen Jump is an anthology magazine; each issue's own table of contents lists a dozen different serials each with its own chapter number, so no single-series range can describe any of them"
21392,"the same magazine is filed twice over: 53 ""Vol. NNN"" rips carry IsCollection=1 while 34 ""No. NN (2014)"" rips of the identical object carry IsCollection=0"
21399,"EC's Weird Science starts at #12 and renumbers mid-run, so no volume ordinal can be read as an issue range on this shelf"
21419,chapter ranges read from each archive's own page names; the ladder tiles (c1-c48 over 10 volumes)
21422,chapter ranges read from each archive's own page names; the ladder tiles (c6-c40 over 7 volumes)
21521,"seventeen unnumbered variant covers plus one file from an X-Men chronology folder; only one numbered file, and not from this series"
21553,three trades of 268/156/190pp - six to ten issues each - against LOCG claims of three issues and one issue
21553,lead: Vol. 03 is the volume that would hold our #19-21 and it is the one carrying no claim; its copyright page would settle the shelf
21573,Where Monsters Lie (2023) and Cull-De-Sac (2024) share this shelf and both number from #1
21692,"the archive volume reprints the weekly Spirit newspaper sections for the six months its filename names (e.g. 194006-194012); the sections are DATED, not numbered, so the coordinate is a date and no issue range can be written"
21732,chapter ranges read from each archive's own page names; the ladder tiles (c1-c62 over 11 volumes)
21733,chapter ranges read from each archive's own page names; the ladder tiles (c1-c49 over 5 volumes)
21735,"the only issues here are the Demon Reborn mini (#1-4); every book collects the ongoing, of which this library holds nothing"
21735,"ComicVine's Rebirth/Borne Again ranges tile (#156-160, #161-165, #166-169, #170-174) and are worth re-reading if the ongoing arrives"
21750,chapter ranges read from each archive's own page names; the ladder tiles (single volume)
21807,one unnumbered variant cover and one collection; LOCG's #1-5 covers no file
21828,"a five-issue mini complete on the shelf, one numbering, and the claim covers all five files"
21835,a six-issue mini complete on the shelf; the claim covers #1-6 and deliberately leaves the stray #0 loose
21839,"one sixteen-issue run whose three arcs are each filed in their own named chronology folder; the trades carry the same arc names, so the shelf states the mapping itself"
21879,Wolverine and the X-Men v1 (2011) and v2 (2014) share this Series id with the 2011 issues filed several times over; #1-#12 each name more than one file
21944,chapter ranges read from each archive's own page names; the ladder tiles (single volume)
21970,Wonder Woman v3 (2006) and the 2010 relaunch share this Series id and #1-#3 each name two files; both provider claims come from shell pages
21988,"a 3-issue mini complete on the shelf, one numbering, and the claim covers all 3 files"
21994,"a crossover collected from one-shots and tie-ins of two different titles; its contents are a list, not a range"
22007,"a 4-issue mini complete on the shelf, one numbering, and the claim covers all 4 files"
2201,six unnumbered files and one collection; LOCG's #1-6 covers no file
22037,chapter ranges read from each archive's own page names; the ladder tiles (c1-c169 over 19 volumes)
22043,a tie-in collection gathering one-shots from across the event; LOCG's #1-312 is a hull
22083,chapter ranges read from each archive's own page names; the ladder tiles (c0-c61 over 4 volumes)
22176,"at least three X-Force runs share this Series id (1991, 2019 v6, 2024 v7) and 51 issue numbers name more than one file; both editions print their contents and both are X-Force (1991) — the Omnibus #1-15, Vol. 04 #26-31 — and neither range can be written while the 2019 and 2024 runs occupy the same numbers. The live LOCG #1-100 on the Omnibus covers 227 of the 257 issue files"
22178,"a crossover collected from X-Force, Cable and a one-shot; its contents are a list, not a range"
22233,"a crossover collected from six different titles; its contents are a list, and #1-37 is that list flattened"
22242,two six-issue Children of the Atom series share this Series id and every number #1-#6 names two files; the collected edition is a third book entirely
22253,one six-issue mini; each issue held twice (two chronology trees) and the trade held twice (two identical 198pp rips)
22256,"a five-issue mini held twice over; ten files, five coordinates, and the claim covers them all"
22257,"a back-up serial collected from a dozen titles; both files here read as #1, from unrelated folders"
22263,"the item is X-Men Vol. 03 - First to Last (X-Men 2010 #12-15), filed under X-Men v3 and matched to this Series id in error; the LOCG record it carries belongs to the actual First Class Finals trade"
22285,"a crossover collected from five titles; its contents are a list, and #1-494 is a hull"
22295,"a 4-issue mini complete on the shelf, one numbering, and the claim covers all 4 files"
22296,"X-Men Red v1 (2018) and v2 (2022) share this Series id with #2, #5 and #6 each naming two files; neither volume carries a provider claim"
2231,a four-issue 1998 mini complete on the shelf; the 288pp book is a Gordon omnibus that also holds material not filed here
2231,page arithmetic does NOT corroborate a claim on an omnibus - the extra contents come from other titles
22319,"a four-issue mini held three times over; twelve files, four coordinates, and the claim covers them all"
22322,a four-issue mini complete on the shelf; #1-4 is the obvious reading and LOCG offers #1-100 instead
22347,"a 5-issue mini complete on the shelf, one numbering, and the claim covers all 5 files"
22374,X-Men: Legacy runs #208-#275 and then restarts at #1 in 2012; both numberings are on this shelf and the issues are filed twice through the X-Men Chronology
22379,"a 5-issue mini complete on the shelf, one numbering, and the claim covers all 5 files"
22407,"a 5-issue mini complete on the shelf, one numbering, and the claim covers all 5 files"
2253,"a six-issue mini, two of it held; 156pp over six issues is twenty-six each, and nothing else numbers here"
22541,"a clean 22-issue run with every issue held; the two trades tile it #1-12 and #13-22 and the omnibus is their sum, confirmed by the page arithmetic to within 7pp. The live LOCG #1-94 on Vol. 01 covers all 22 files against a printed twelve"
22590,"conflated: X-O Manowar v4 (2017), v5 (2020), the v1 #50 rips and an X-O Manowar & Iron Man crossover one-shot all sit on one Series"
22590,"two files (111761, 111387) are the two halves of 'X-O Manowar & Iron Man in Heavy Metal #001' and are BOTH stored as issue #1"
22601,X-Terminators (1988) and X-Terminators (2022) share this shelf and both number from #1
22603,"X-Treme X-Men v1 (2001) (filed twice, once through the X-Men Chronology) and the 2012 v2 share this Series id; two collection lines reuse Vol. 01 and Vol. 02"
22641,chapter ranges read from each archive's own page names; the ladder tiles (single volume)
22661,chapter ranges read from each archive's own page names; the ladder tiles (c1-c111 over 11 volumes)
22664,chapter ranges read from each archive's own page names; the ladder tiles (c1-c104 over 15 volumes)
22701,"Young Justice v1 (1998), v2 (2011) and v3 (2019) share this Series id with three collection lines over them; five different books are a ""Vol. 01"" or ""Book 01"""
22727,chapter ranges read from each archive's own page names; the ladder tiles (c1-c44 over 11 volumes)
22734,chapter ranges read from each archive's own page names; the ladder tiles (c1-c39 over 7 volumes)
22738,chapter ranges read from each archive's own page names; the ladder tiles (c1-c45 over 7 volumes)
22739,"the archives name no chapter, so all nineteen volumes were opened and their own printed contents pages read (p4 in v01, p6 in the rest). The ladder tiles Chapter 1-176. Two breaks in the books' own numbering: v03 and v04 both print a Chapter 26 with different titles while v05 opens at 36, so v04 is claimed only at 27-34; and no volume names Chapter 64, which sits between v07's 63 and v08's 65"
22748,Volume One's Table of Contents states the whole set's division in six lines; one page settles all five books
22748,"Volume Five is THE ZAP STORY, a history that collects no issue; it gets no range"
22748,the first six pages of these 'digital+' rips are black slipcase scans - the front matter begins at p7
22790,"a five-part 1994 event numbered #4 down to #0, complete on the shelf; #0-4 is the obvious reading"
22811,one loose special and two collections; no claim covers a file and the title renumbered more than once
22940,chapter ranges read from each archive's own page names; the ladder tiles (c1-c19 over 3 volumes)
22945,chapter ranges read from each archive's own page names; the ladder tiles (c1-c22 over 5 volumes)
22962,chapter ranges read from each archive's own page names; the ladder tiles (c1-c320 over 31 volumes)
22966,"GCD's own edition title for this volume reads ""Issues 1-7"" while the span beside it says #1-4; the shelf's files begin at #8, which is what a first volume ending at #7 leaves behind"
22969,chapter ranges read from each archive's own page names; the ladder tiles (c1-c6 over 2 volumes)
23014,chapter ranges read from each archive's own page names; the ladder tiles (c1-c60 over 18 volumes)
2306,chapter ranges read from each archive's own page names; the ladder tiles (c30-c47 over 3 volumes)
2308,chapter ranges read from each archive's own page names; the ladder tiles (c1-c124 over 9 volumes)
2309,chapter ranges read from each archive's own page names; the ladder tiles (c1-c36 over 7 volumes)
23093,chapter ranges read from each archive's own page names; the ladder tiles (c19-c150 over 11 volumes)
23118,chapter ranges read from each archive's own page names; the ladder tiles (c0-c206 over 31 volumes)
2323,chapter ranges read from each archive's own page names; the ladder tiles (single volume)
23597,chapter ranges read from each archive's own page names; the ladder tiles (c1-c170 over 15 volumes)
23599,chapter ranges read from each archive's own page names; the ladder tiles (single volume)
2374,chapter ranges read from each archive's own page names; the ladder tiles (c1-c27 over 3 volumes)
23754,"the Viz à-la-Carte edition is a themed selection out of the 111-volume Japanese run, and it numbers nothing that carries across the shelf: every archive restarts at `c001`, and the books' own contents pages number their entries `First Course`..`Tenth Course` / `First Flight`..`Sixth Flight`, restarting in each volume. There is no running coordinate here for a range to be written in (read in v01 and v02)"
238,chapter ranges read from each archive's own page names; the ladder tiles (c1-c62 over 7 volumes)
24285,Batman Noir is a reprint FORMAT; the six books collect six different comics and this shelf holds none of their issues
24285,nothing here was read off a book: Hush carries #0-619 and The Black Mirror carries Detective Comics' legacy numbering
24303,chapter ranges read from each archive's own page names; the ladder tiles (c1-c54 over 10 volumes)
24349,one unnumbered variant cover and one collection; LOCG's #1-2 covers no file and is narrower than the mini
2478,four short Dynamite relaunches and a pile of one-shots; the library holds one numbered issue (#5) and La Dolce Vita #1
2478,"unnumbered one-shots are placed by shelf POSITION, so a container's range sweeps them up - three were nested this way"
2510,Marvel's BEYOND! (2006) and Graphic India's BEYOND (2014) share this shelf on the strength of the word
2510,the only issue files here are the Graphic India series; the Marvel miniseries is present only as its trade
2550,"a four-issue mini, three of it held, one numbering, and the claim covers all three"
2588,"the shelf holds #13-21; LOCG and ComicVine agree the book is #1-12, which stops before our files begin"
2662,"chapter ranges read from each volume's own printed Contents page, with the first chapter of v03-v31 confirmed a second time on the volume's frontispiece; the ladder runs c1-c175 over 31 volumes"
2662,"chapter 126 is printed in NEITHER v25 (contents ends 125) nor v26 (contents begins 127); the hole is in the books as shipped, not in these ranges"
2669,chapter ranges read from each archive's own page names; the ladder tiles (c1-c185 over 20 volumes)
2676,chapter ranges read from each archive's own page names; the ladder tiles (c1-c325 over 32 volumes)
271,chapter ranges read from each archive's own page names; the ladder tiles (c1-c37 over 6 volumes)
2722,chapter ranges read from each archive's own page names; the ladder tiles (c38-c76 over 4 volumes)
2812,one unnumbered file and one collection; LOCG's #1-4 covers no file
2834,every file here is numbered #3; there is no run on this shelf for a range to describe
28878,chapter ranges read from each archive's own page names; the ladder tiles (c15-c86 over 8 volumes)
29138,"DC's Rogues (2022) and Scout's Rogues (2024) share this shelf; one file, numbered #1"
2918,chapter ranges read from each volume's own printed Contents page; the ladder tiles c1-c611 over 66 volumes with no gap or overlap
2929,forty-one unnumbered variant covers and one collection; LOCG's #1-5 covers no file
2951,chapter ranges read from each archive's own page names; the ladder tiles (c1-c153 over 17 volumes)
2988,"no provider claim exists for this book, and the shelf holds three Bloodstrike runs (1993, Assassin 1995, v3 2018) sharing low numbers"
3001,chapter ranges read from each archive's own page names; the ladder tiles (c1-c45 over 8 volumes)
3020,chapter ranges read from each archive's own page names; the ladder tiles (c68-c135 over 13 volumes)
3034,chapter ranges read from each archive's own page names; the ladder tiles (c1-c56 over 13 volumes)
3042,one collection and one Free Comic Book Day giveaway; no issue of the series is in this library
3052,chapter ranges read from each archive's own page names; the ladder tiles (c1-c65 over 11 volumes)
3066,"no Bone single issues are held anywhere in the library; the nine ranges tile 1-55 once Vol. 04 is corrected, and the correction is forced by the seam between Vol. 03 and Vol. 05"
3095,Valiant's Book of Shadows (2022) and the Corpse Party - Book of Shadows manga share this shelf on three words
3118,chapter ranges read from each archive's own page names; the ladder tiles (c24-c35 over 3 volumes)
3135,chapter ranges read from each archive's own page names; the ladder tiles (c1-c37 over 4 volumes)
3153,chapter ranges read from each archive's own page names; the ladder tiles (single volume)
3158,chapter ranges read from each archive's own page names; the ladder tiles (c0-c71 over 8 volumes)
3171,"a six-issue Icon series, two of it held; the 154pp collection is the whole six at twenty-five pages each"
3171,LOCG's #3-4 matches our holdings exactly rather than the book; that coincidence is a reason to distrust it
327,chapter ranges read from each archive's own page names; the ladder tiles (c1-c54 over 9 volumes)
3300,chapter ranges read from each archive's own page names; the ladder tiles (c1-c186 over 13 volumes)
3352,"a Calvin and Hobbes book: the daily strips inside are dated, never numbered, so there is no issue, volume or chapter coordinate a range could be written in"
3353,"a Calvin and Hobbes book: the daily strips inside are dated, never numbered, so there is no issue, volume or chapter coordinate a range could be written in"
3354,"a Calvin and Hobbes book: the daily strips inside are dated, never numbered, so there is no issue, volume or chapter coordinate a range could be written in"
3355,"a Calvin and Hobbes book: the daily strips inside are dated, never numbered, so there is no issue, volume or chapter coordinate a range could be written in"
3356,"a Calvin and Hobbes book: the daily strips inside are dated, never numbered, so there is no issue, volume or chapter coordinate a range could be written in"
3357,"a Calvin and Hobbes book: the daily strips inside are dated, never numbered, so there is no issue, volume or chapter coordinate a range could be written in"
3358,"a Calvin and Hobbes book: the daily strips inside are dated, never numbered, so there is no issue, volume or chapter coordinate a range could be written in"
3359,"a Calvin and Hobbes book: the daily strips inside are dated, never numbered, so there is no issue, volume or chapter coordinate a range could be written in"
3360,"a Calvin and Hobbes book: the daily strips inside are dated, never numbered, so there is no issue, volume or chapter coordinate a range could be written in"
3361,"a Calvin and Hobbes book: the daily strips inside are dated, never numbered, so there is no issue, volume or chapter coordinate a range could be written in"
3362,"a Calvin and Hobbes book: the daily strips inside are dated, never numbered, so there is no issue, volume or chapter coordinate a range could be written in"
3370,chapter ranges read from each archive's own page names; the ladder tiles (c1-c35 over 10 volumes)
34675,"several Green Lantern runs share this Series id and 47 of 48 issue files carry no usable number; the providers give Vol. 01 three different ranges (#1-24, #1-6, #1-5)"
34757,chapter ranges read from each archive's own page names; the ladder tiles (c1-c59 over 8 volumes)
3483,"the shelf is one run (Captain America and the Falcon 2004, #1-14); the only collected edition proves its own range on its back cover"
3516,"the 1976 Marvel UK weekly is held complete, #1-39, and 36 of the 39 files are the 'original material only' 9pp strip — which is exactly what the Omnibus collects, so its printed 'material from Captain Britain (1976) #1-39' and our files describe the same thing. The second edition on the shelf is the 1988 Captain Britain (1985) trade and belongs to another run"
35198,"Desperadoes is a chain of separately-numbered minis under one Series id (A Moment's Sunlight, Quiet of the Grave, Buffalo Dreams) and #1-#4 each name several files"
35316,chapter ranges read from each archive's own page names; the ladder tiles (c1-c60 over 8 volumes)
3533,chapter ranges read from each archive's own page names; the ladder tiles (c1-c34 over 2 volumes)
3534,chapter ranges read from each archive's own page names; the ladder tiles (c1-c52 over 10 volumes)
35347,"all three collections point at the same LOCG record and take its #1-3; the shelf mixes the 2015 run, a 12pp one-shot also numbered #1, an FCBD issue numbered 2016 and the Grumpy Cat/Garfield mini"
3590,"six chapters complete on the shelf, one numbering, and the claim covers all six"
3593,chapter ranges read from each archive's own page names; the ladder tiles (c1-c43 over 8 volumes)
3629,chapter ranges read from each archive's own page names; the ladder tiles (c2-c16 over 3 volumes)
36397,"thirteen files, twelve trades and one OGN; there is not a numbered issue on this shelf for any range to hold"
36397,eleven of sixteen LOCG spans here are the identical #1-5 on unrelated books - LOCG returning the first volume's range for the whole title
36397,Uprising's #1-5/#6-10/#11-14 and ComicVine's AC v01 #1-5 / v02 #6-10 are the only claims that look read; worth re-reading if the floppies arrive
3646,chapter ranges read from each archive's own page names; the ladder tiles (c631-c1091 over 35 volumes)
3663,chapter ranges read from each archive's own page names; the ladder tiles (c1-c44 over 5 volumes)
36640,"only Vol. 1 collects this series; Vols. 2 and 3 collect Green Lantern issues, and their spans (#1-190, #201-206) are in that title's numbering, not this one's"
3671,chapter ranges read from each archive's own page names; the ladder tiles (c1-c12 over 2 volumes)
3705,chapter ranges read from each archive's own page names; the ladder tiles (c1-c37 over 4 volumes)
3706,chapter ranges read from each archive's own page names; the ladder tiles (c1-c29 over 6 volumes)
3707,chapter ranges read from each archive's own page names; the ladder tiles (c1-c41 over 7 volumes)
3708,chapter ranges read from each archive's own page names; the ladder tiles (c1-c25 over 5 volumes)
3709,chapter ranges read from each archive's own page names; the ladder tiles (single volume)
3710,chapter ranges read from each archive's own page names; the ladder tiles (c1-c24 over 4 volumes)
3733,chapter ranges read from each archive's own page names; the ladder tiles (c1-c133 over 15 volumes)
3803,chapter ranges read from each archive's own page names; the ladder tiles (c1-c52 over 4 volumes)
3821,chapter ranges read from each archive's own page names; the ladder tiles (c1-c43 over 5 volumes)
3833,one file and one collection; LOCG's #1-11 is wider than the 1970s series it reprints
3834,one numbering across the Season 01 and Season 02 folders with no repeated issue number; LOCG's page for this exact book quotes its contents
3846,chapter ranges read from each archive's own page names; the ladder tiles (c1-c88 over 4 volumes)
3864,chapter ranges read from each archive's own page names; the ladder tiles (c1-c69 over 3 volumes)
3880,chapter ranges read from each archive's own page names; the ladder tiles (c1-c12 over 2 volumes)
3887,"conflated: the Civil War mini, a Wolverine trade, and a Young Avengers & Runaways trade (held twice) all sit on one Series"
3887,"117904's range #1-7 is read and correct, but two mis-flagged tie-in TRADES carry IssueNo 1 on this shelf and fall inside it"
3944,chapter ranges read from each volume's own printed CONTENTS page; the ladder tiles Scene 1-Scene 154 over all 27 volumes with no gap or overlap
3944,"the coordinate here is the SCENE, Claymore's word for a chapter; the four ""Extra Scene"" pieces in v13/v14 and v27's unnumbered ""Last Scene"" sit outside it and are not claimed by any range"
3979,chapter ranges read from each archive's own page names; the ladder tiles (c1-c35 over 7 volumes)
3987,chapter ranges read from each archive's own page names; the ladder tiles (single volume)
4104,"the shelf is Marvel's Conan ANNUALS #1-12 (parsed as plain issue numbers) plus Titan's Conan the Barbarian (2023) #5-17; the one trade collects Titan #1-4, which the shelf does not hold, and #1-4 here names four Marvel annuals instead"
4174,"a nine-part event numbered #0-8, complete on the shelf; the claim starts at zero, which a title-wide stamp would not do"
4435,chapter ranges read from each archive's own page names; the ladder tiles (c1-c103 over 5 volumes)
4443,chapter ranges read from each archive's own page names; the ladder tiles (single volume)
4465,chapter ranges read from each archive's own page names; the ladder tiles (c1-c12 over 3 volumes)
4500,"a six-issue mini complete on the shelf, one numbering, and the claim covers all six files"
468,two runs share this Series id — Adventures of Superman (1987) #424-649 and the 2013 digital-first v2 numbering from #1; no range can be written in one coordinate without capturing the other run's files
47159,"Marvel Team-Up v1 (1972), v2 and v3 (2005) share this Series id and #1-#6 each name two files; two items flagged as collections are 24-25pp single issues"
47172,six separately-numbered 30 Days of Night minis share this Series id and #1-#4 each name several files; both trades are linked to the original mini's record
4718,chapter ranges read from each archive's own page names; the ladder tiles (c1-c37 over 6 volumes)
4760,chapter ranges read from each archive's own page names; the ladder tiles (c1-c76 over 9 volumes)
47607,chapter ranges read from each archive's own page names; the ladder tiles (single volume)
47609,chapter ranges read from each archive's own page names; the ladder tiles (c1-c19 over 4 volumes)
4792,"an eight-issue mini complete on the shelf, one numbering, and the claim covers all eight files"
4794,"a four-issue tie-in mini complete on the shelf, one numbering, and the claim covers all four files"
4804,Woman Without Fear v1 (2022) and v2 (2024) share this shelf and #3 names a file in each
493,chapter ranges read from each archive's own page names; the ladder tiles (c1-c82 over 5 volumes)
5001,"a five-issue event held twice over in two chronology trees; ten files, five coordinates, and the claim covers them all"
5021,chapter ranges read from each archive's own page names; the ladder tiles (c1-c22 over 5 volumes)
5022,chapter ranges read from each archive's own page names; the ladder tiles (c1-c54 over 8 volumes)
5034,chapter ranges read from each archive's own page names; the ladder tiles (c1-c100 over 12 volumes)
5048,chapter ranges read from each archive's own page names; the ladder tiles (c1-c95 over 11 volumes)
5100,"a five-issue mini complete on the shelf, one numbering, and the claim covers all five files"
5106,"a four-issue mini complete on the shelf, one numbering, and the claim covers all four files"
5152,"a four-issue mini complete on the shelf, one numbering, and the claim covers all four files"
5159,"a four-issue mini complete on the shelf, one numbering, and the claim covers all four files"
5161,"a four-issue mini; LOCG claims #1-2 on its 121pp collection, half the series"
5191,chapter ranges read from each archive's own page names; the ladder tiles (c1-c14 over 2 volumes)
5192,"the book collects two different three-issue minis that each number from #1 (High Cost of Living and The Time of Your Life), so no single range describes it; the two collected files are the same edition twice"
5203,"the archives name no chapter, so all thirteen books were opened and their own printed contents pages read (p4 in v01, p6 in the rest). The story volumes tile Chapter 1-108 exactly. `Vol. 13 - How to Read` is the series guidebook and holds no numbered chapters — the run ends at Chapter 108 Finis in v12"
522,"a ten-issue event complete on the shelf, one numbering, and the claim covers all ten files exactly"
5221,"three files from four unrelated folders, two of them numbered #1; there is no run on this shelf"
5227,"a seven-issue mini complete on the shelf, one numbering, and the claim covers all seven numbered files"
5228,"a five-issue mini complete on the shelf, one numbering, and the claim covers all five files"
5341,chapter ranges read from each archive's own page names; the ladder tiles (c1-c97 over 14 volumes)
5365,chapter ranges read from each archive's own page names; the ladder tiles (c1-c10 over 2 volumes)
5366,chapter ranges read from each archive's own page names; the ladder tiles (c1-c205 over 23 volumes)
5389,chapter ranges read from each archive's own page names; the ladder tiles (c1-c31 over 10 volumes)
5431,"the LOCG record linked here is the 6-issue trade; our file is the 665pp omnibus, so the trade's #1-6 does not describe it"
5466,chapter ranges read from each archive's own page names; the ladder tiles (c1-c22 over 4 volumes)
547,chapter ranges read from each archive's own page names; the ladder tiles (c1-c130 over 11 volumes)
555,chapter ranges read from each archive's own page names; the ladder tiles (c1-c83 over 17 volumes)
557,chapter ranges read from each archive's own page names; the ladder tiles (single volume)
5587,chapter ranges read from each archive's own page names; the ladder tiles (single volume)
559,chapter ranges read from each archive's own page names; the ladder tiles (c1-c25 over 3 volumes)
5651,"the 1997 Acclaim series (#1-12) and the 2020 five-issue relaunch share this shelf, both numbering from #1"
5710,chapter ranges read from each archive's own page names; the ladder tiles (c1-c276 over 28 volumes)
5726,chapter ranges read from each archive's own page names; the ladder tiles (c1-c70 over 9 volumes)
57344,"the only claim (LOCG #1-3 on a 386pp book, from a shell page) is 129pp per issue; the shelf's twelve files are the Dynamite (2008) run and nothing states how they map to the collection's numbering"
575,fourteen unnumbered variant covers and one trade; no range can reach a file here
5757,IDW's Doomed and DC's Doomed (2016) share this shelf; only the IDW files are here as issues
5760,"a six-issue mini complete on the shelf, one numbering, and the claim covers all six files"
5766,chapter ranges read from each archive's own page names; the ladder tiles (c128-c167 over 4 volumes)
5767,chapter ranges read from each archive's own page names; the ladder tiles (single volume)
5778,"every volume prints a Table of Contents that names its chapters by TITLE and page number only — no chapter numbers anywhere, in the book or in the archive — so the shelf has no coordinate a range could be written in (read in v01, v02 and v10)"
5785,seven unnumbered variant covers and one collection; LOCG's #1-3 covers no file
5801,"the archives name no chapter, so all sixteen volumes were opened and their own printed contents pages read (p4 in v01, p6 in the rest); Viz's `Tale N` ladder tiles exactly, Tale 1 to Tale 194. The title pages state `DB: 1 of 42` .. `DB: 16 of 42`, so this shelf is the front half of the same work as S5816 Dragon Ball Z — but Viz RESTARTS the Tale numbering there, so the two shelves' chapter coordinates are separate and must not be joined"
5802,chapter ranges read from each archive's own page names; the ladder tiles (c1-c84 over 5 volumes)
5803,chapter ranges read from each archive's own page names; the ladder tiles (c1-c51 over 3 volumes)
5805,chapter ranges read from each archive's own page names; the ladder tiles (single volume)
5816,"the archives name no chapter, so all twenty-six volumes were opened and their own printed contents pages read (p4 in v01, p6 in the rest). Viz's `Tale N` numbering runs continuously and the ladder tiles exactly, Tale 1 to Tale 325. Each title page also states the volume's place in the original run (`DB: 17 of 42` .. `DB: 42 of 42`), which makes S5801 Dragon Ball the front half of the same 42-volume work"
5817,"four scanlations of one run share this shelf and they name pages incompatibly — v07's `Ch01`-`Ch07` is a within-volume ordinal while v08-v10 name the running chapter in their root folder. Every volume PRINTS a contents page and eight of the ten rips kept it, so each book states its own chapters; v07's contents page proves its `Ch01`-`Ch07` is chapters 65-71. v04, whose rip lost its first five pages and its contents page, was settled from its printed chapter dividers (`chapter 38 - The ghost town` at page 026, `Chapter 39 : The group` at page 039). The ladder tiles chapter 1-89, the whole run"
58662,"the 2006 posterbooks, Women of Marvel (2021) and v2 (2024) share this Series id and all three issue files are #1; the trades themselves reprint from a dozen different series"
5870,chapter ranges read from each archive's own page names; the ladder tiles (c1-c40 over 7 volumes)
5947,chapter ranges read from each archive's own page names; the ladder tiles (single volume)
5950,one file and one 125pp collection; LOCG's #1-7 is wider than the series published
6002,chapter ranges read from each archive's own page names; the ladder tiles (c98-c118 over 3 volumes)
6007,chapter ranges read from each archive's own page names; the ladder tiles (c1-c239 over 25 volumes)
6070,chapter ranges read from each archive's own page names; the ladder tiles (c1-c15 over 3 volumes)
6071,"three Elektra comics share this Series id — Ultimate Elektra (2004) #1-5, Elektra (1996) #15 and the Rucka Elektra (2001) collection; the trade's printed #7-22 would land on the 1996 issue, which I confirmed by its cover (Comics Code, FEB #15, Hama/Deodato/Koblish)"
6080,"four Elephantmen series and five collection lines share this Series id; Vol. 01 and Vol. 02 each name three different books, and most claims are quoted from single-comic records"
6091,chapter ranges read from each archive's own page names; the ladder tiles (c1-c107 over 4 volumes)
6133,one file at #0 and one 418pp collection; ComicVine's #1-3 covers no file
6134,"a dated diary webcomic collected by volume; its pages are days, not numbered issues, so there is no coordinate a range could be written in"
6207,chapter ranges read from each archive's own page names; the ladder tiles (c1-c44 over 8 volumes)
6211,"a five-issue series complete on the shelf, one numbering, and the claim covers all five files"
6232,four unrelated Eternals contexts share this shelf; the ladder is fragments of more than one numbering
6254,chapter ranges read from each archive's own page names; the ladder tiles (c1-c15 over 3 volumes)
6284,"two runs share this Series id — Excalibur v1 (1988) #1-125 and Excalibur v4 (2019) #1-26 — and 28 issue numbers name two different comics; the five Excalibur Classic trades each print their range on the back cover (Vol. 01 'Collects Excalibur #1-5 and the Sword is Drawn bookshelf', Vol. 02 'Collects Excalibur #6-11 and the Mojo Mayhem bookshelf', Vol. 03 'Collects Excalibur #12-20', Vol. 04 'Collects Excalibur #21-28', Vol. 05 'Collects Excalibur #29-34 and Excalibur: Weird War III') and all five ranges sit entirely inside the 2019 run's #1-26, so none can be written until that run is split out"
6408,chapter ranges read from each archive's own page names; the ladder tiles (c1-c17 over 4 volumes)
64179,the 2004 run's issues are filed twice (again through the X-Men Chronology arc folders) and the 2017 relaunch shares the numbering; #1-#6 and #44-#47 each name two files
64207,chapter ranges read from each archive's own page names; the ladder tiles (c1-c364 over 33 volumes)
64298,"the library holds Black Hammer almost entirely in TRADE; the only loose issues are the Substack shorts, Spiral City and four one-shots"
64298,"every collected range here is over main-run issues the library does not hold, so each could only collide with a satellite numbering from #1"
64298,"Black Hammer '45's IssueNo of 45 came from the ""'45"" of its title; it is a 120pp collection of the four-issue mini"
64358,"five numbering systems on one shelf — Dark Horse Seasons 8, 9, 10, 11 and 12 each from #1, the Omnibus line over the 1998 series, and Boom's 2019 relaunch from #1 — and every issue file is Boom's"
64378,"six Captain Marvel runs (1968, 2000, 2002, 2012, 2016, 2019) share this Series id and 23 numbers name two files each; four items flagged as collections are 20-26pp Mar-Vell floppies"
64520,"the two collected editions are the same 210pp Fantagraphics book filed twice, and it reprints the Disney Afternoon strips rather than the Boom (2010) run every issue file here belongs to"
64525,Dazzler v1 (1981) is filed two and three times over through the X-Men Chronology and Dazzler v3 (2024) shares the numbering; 34 numbers name more than one file
64737,chapter ranges read from each archive's own page names; the ladder tiles (single volume)
64739,"five IDW G.I. Joe runs plus Special Missions and Cobra Command share this Series id; four books are ""Vol. 01"" and several items flagged as collections are cover packs or floppies"
648,"two minis share this shelf and both number from #1: Book One (#1-6) is ALIENS: OUTBREAK, Book Two (#1-4) is NIGHTMARE ASYLUM"
648,"Omnibus v01 names its contents as TITLES, not numbers, and contains both minis; that is why the coordinate overlap is harmless here"
648,this is the Dark Horse Aliens catch-all folder - re-examine Omnibus v01's range if another mini numbering from #1 is filed here
64850,"four Guardians runs (1990, 2008, 2013, 2020) and four collection lines share this Series id; ""Vol. 03"" names four different books and 25 issue numbers name two files each"
65085,"four runs on one shelf (v2 2001, New Stories 2008, v4 2016, plus the Library reprints); v2/v3/v4 each number from #1"
65085,"the Library books collect v1 (1982) #1-50 and NOT ONE v1 file is in the library, so every range here can only collide"
65085,"twelve books were flagged as issues because their sub-line '#N' (Locas #1, Palomar & Luba #1) was read as an issue number"
65458,"the two trades belong to Punisher v10 (2014) but sit under the 1987 series' Series id, which also holds that run's #1-#104; eight issue numbers name more than one file"
6556,chapter ranges read from each archive's own page names; the ladder tiles (c1-c41 over 8 volumes)
65606,"seven of the eight items flagged as collections are 29-31pp single issues; the twelve issue files are two six-issue series both numbered #1-#6, and the live LOCG #1-6 covers all of them"
65609,"one run, three files (#17-19); Book 01 stops at #13 by LOCG's own claim and v02 is a 130pp trade from earlier in the run"
65609,the chronology tree's sort prefix was read as an issue number again: '07 Secret Warriors v02' became #7
6567,an event shelf of tie-in one-shots from many titles all numbering from #1; the one collected edition is a Heroes for Hire trade filed here
6575,a twelve-issue mini complete on the shelf; the claim covers #1-12 and deliberately leaves the stray #0 loose
65756,"Storm v2 (2006), Bring the Thunder and Storm v4 (2024) share this shelf and all number from #1"
65770,"two programmes here: the 1995 series (collected by Vol. 01-06 and Uber Alles, no issues held) and Sunshine & Roses (issues #33-42 held, trades stop at #32)"
65770,"Sunshine & Roses trades run eight chapters each; Vol. 04's indicia and back cover both say #25-32, so the set ends below our files"
6594,Image's Fearless and Marvel's Fearless (2019) share this shelf; only the Image files are here as issues
66205,Ultimate Vision (2007) and Tom King's Vision v3 (2015) share this shelf and both number from #1
66237,fifteen files from eight folders and several comics; the one book is an Amazing Spider-Man Epic Collection
66333,"X-Factor v1 (1986), v2, v3 (2006) and v4 (2020) share this Series id with the v1 issues filed twice; 146 numbers name more than one file, and five items flagged as collections are 24-29pp v2 floppies"
66435,"a daily-and-Sunday newspaper-strip reprint keyed by the years in its title (1947-1948, 1949-1950); the strip carries no issue number and there is no coordinate a range could be written in"
66443,"every volume is titled by the calendar years of strips it reprints (1980-1981, 1982, ... 1989); the year is the coordinate and there is no issue ladder on this shelf"
66452,"the volume is titled by the calendar years of strips it reprints (1978 & 1979, 1980 & 1981); the year is the coordinate and the strip carries no issue number"
66463,chapter ranges read from each archive's own page names; the ladder tiles (c1-c60 over 10 volumes)
66495,"the volume reprints the daily strip for the years named in its title; a daily strip carries no issue number, so there is no coordinate a range could be written in"
6661,the seven-issue event plus Green Lantern tie-ins from the Corps tree; the low coordinates are not all the same comic
66669,a Sunday-strip reprint titled by the years it covers (1989-1995); the strip carries no issue number and there is no coordinate a range could be written in
66670,a Sunday-strip reprint titled by the years it covers (2003-2008); the strip carries no issue number and there is no coordinate a range could be written in
6677,"three files at #1, #21 and #27 - one Revelations issue and two tie-ins from other comics"
6682,chapter ranges read from each archive's own page names; the ladder tiles (single volume)
67,chapter ranges read from each archive's own page names; the ladder tiles (c1-c236 over 21 volumes)
6703,chapter ranges read from each archive's own page names; the ladder tiles (c1-c60 over 6 volumes)
6705,"a six-issue mini, one issue held; 153pp over six is twenty-five pages each, and nothing else numbers here"
67392,chapter ranges read from each archive's own page names; the ladder tiles (c1-c34 over 7 volumes)
6752,"two editions of one run on one shelf: the Viz Omnibus v01-v13 (contents page at p2 of each) and a 1987-89 scanlation of tankobon v18-v27 (per-chapter folders naming `Vol.NN Ch.NNN <title>`). Their chapter numbering is the SAME - nine consecutive chapters match title for title where they overlap - so both ladders are written in one coordinate, and they genuinely overlap at chapters 153-174"
6794,two comics called Flashpoint: the 2011 five-issue event and the 1999 Flash v2 Elseworlds three-issue mini
6794,"the filenames tell them apart - '(of 5)' on one, plain '#01' in the Flash v2 Specials folder on the other"
68,chapter ranges read from each archive's own page names; the ladder tiles (c1-c43 over 2 volumes)
68131,"a newspaper-strip collection published as a two-book set; the strips inside carry no issue number and the volume number is a book ordinal, not a coordinate the strips are numbered in"
68132,"a newspaper-strip collection; McCay's strips are dated, not numbered, so there is no issue, volume or chapter coordinate a range could be written in"
68135,a newspaper-strip reprint titled by the years it covers (1972-1974); the strip carries no issue number and there is no coordinate a range could be written in
68162,"the volumes collect Groo v2/v3, which live in other Series; a range in this Series' numbering is meaningless, and v1's #N-N rows were the volume ordinal, not a range"
6846,"the LuCaZ rip names the chapter on every page and nineteen volumes tile exactly; from v15 the rip's running count and the book's PRINTED chapter numbers diverge — v16's pages are tagged c147x2-c148x6 while their own labels read Chapter 137-140 — and v22/v23 are inverted at c208/c209. The four affected volumes are claimed only at their contiguous runs, and v16 is refused outright"
6847,"a five-issue mini complete on the shelf, one numbering, and the claim covers all five files"
6852,chapter ranges read from each archive's own page names; the ladder tiles (c1-c315 over 36 volumes)
6856,the volume is titled by the span of years of strips it reprints (1979-1982 ... 2003-2006); the year is the coordinate and there is no issue ladder on this shelf
6858,chapter ranges read from each archive's own page names; the ladder tiles (c1-c26 over 5 volumes)
6863,"a seven-issue event held twice over; fifteen files, seven coordinates, and the claim covers them all"
6863,"Forever Evil - Blight, 395pp, was flagged as a single issue; as an issue the stored range would have swallowed it"
687,"a four-issue mini complete on the shelf, one numbering, and the claim covers all four files"
6978,"every archive files its pages into per-chapter folders named <volume>-<chapter>, so each of the twelve books states its own volume and its own chapters; the ladder runs c1-c82 across v01-v12 with no gap and no overlap"
6987,chapter ranges read from each archive's own page names; the ladder tiles (c1-c14 over 2 volumes)
70,chapter ranges read from each archive's own page names; the ladder tiles (c1-c16 over 2 volumes)
7001,chapter ranges read from each archive's own page names; the ladder tiles (c1-c97 over 10 volumes)
7018,chapter ranges read from each archive's own page names; the ladder tiles (single volume)
7035,chapter ranges read from each archive's own page names; the ladder tiles (c1-c136 over 12 volumes)
7036,chapter ranges read from each archive's own page names; the ladder tiles (c1-c13 over 4 volumes)
7041,chapter ranges read from each volume's own printed CONTENTS page; the ladder tiles c1-c108 over all 27 volumes with no gap or overlap
7085,chapter ranges read from each archive's own page names; the ladder tiles (c1-c115 over 12 volumes)
7094,"one continuous Larry Hama numbering in one folder, no repeated issue number; LOCG's records for Vols. 11-24 are the trades themselves and fourteen of them quote their contents, tiling #206-#275 exactly"
7123,the shelf holds three Yearbook reprints numbered 1-3 and one trade of the Silent Option mini; the two do not share a numbering
7141,chapter ranges read from each archive's own page names; the ladder tiles (c1-c89 over 10 volumes)
7147,chapter ranges read from each archive's own page names; the ladder tiles (c1-c70 over 9 volumes)
7148,chapter ranges read from each archive's own page names; the ladder tiles (c1-c200 over 25 volumes)
7180,chapter ranges read from each archive's own page names; the ladder tiles (c179-c383 over 15 volumes)
731,"a five-issue mini complete on the shelf, one numbering, and the claim covers all five files"
73842,chapter ranges read from each archive's own page names; the ladder tiles (c1-c80 over 5 volumes)
73843,chapter ranges read from each archive's own page names; the ladder tiles (c1-c11 over 2 volumes)
73844,chapter ranges read from each archive's own page names; the ladder tiles (c1-c28 over 2 volumes)
7409,one unnumbered variant cover and one collection; LOCG's #1-6 covers no file
7425,chapter ranges read from each archive's own page names; the ladder tiles (c1-c14 over 3 volumes)
7465,"both LOCG records are single-comic pages, and the shelf's only other files are unnumbered extras; nothing states this series' chapter coordinate"
7467,chapter ranges read from each archive's own page names; the ladder tiles (c1-c42 over 5 volumes)
7478,"a four-issue mini complete on the shelf, one numbering, and the claim covers all four files"
7511,"the archives name no chapter and the books print no contents page, but every chapter opens on a page carrying its number as a large `#NN` in the art. All fourteen first chapters were read that way (v01 #01 through v14 #128) and v14's closing chapter, #137, was read directly; the ladder tiles #1-#137"
7527,"a four-issue mini complete on the shelf, one numbering, and the claim covers all four numbered files"
7579,"a webcomic volume: the pages inside are dated web updates, not numbered issues, and the shelf holds no numbered base units, so there is no coordinate for a range"
759,seven unnumbered variant covers and one trade; no range can reach a file here
7592,chapter ranges read from each archive's own page names; the ladder tiles (c1-c32 over 4 volumes)
7599,chapter ranges read from each archive's own page names; the ladder tiles (c1-c88 over 14 volumes)
7618,chapter ranges read from each archive's own page names; the ladder tiles (c1-c57 over 11 volumes)
766,"two providers independently give the same #1-12, and 297pp over twelve issues is twenty-five pages each"
766,only #1-7 are held; the full #1-12 is stored so the rest nest if they are ever added
7758,chapter ranges read from each archive's own page names; the ladder tiles (c1-c19 over 5 volumes)
7759,chapter ranges read from each archive's own page names; the ladder tiles (c1-c314 over 31 volumes)
7764,chapter ranges read from each archive's own page names; the ladder tiles (c1-c26 over 13 volumes)
7789,chapter ranges read from each archive's own page names; the ladder tiles (c1-c147 over 7 volumes)
7820,"Batman: Gotham Knights (the 2000s ongoing, #25-32 here) and Gotham Knights: Gilded City (2022) share this shelf"
7826,chapter ranges read from each archive's own page names; the ladder tiles (c1-c43 over 7 volumes)
7827,chapter ranges read from each volume's own printed contents page; the ladder tiles c1-c77 over all 19 volumes with no gap or overlap
7827,"the c62 overlap the sweep found between v15 and v16 is a RIPPER MISLABEL, not a real one: v15's own contents page ends at Ch. 61 and calls those 31 pages ""Side Story: The Art of Escape"", while v16's contents and its p003 divider both open at Ch. 62"
7827,"v04's printed contents misnumbers its last chapter ""Ch. 18"" - the same number v05's contents gives its first, different chapter; the archive names it c017 and the ladder tiles only that way, so v04 is recorded c13-c17"
7857,chapter ranges read from each archive's own page names; the ladder tiles (c1-c17 over 2 volumes)
791,"a five-issue mini complete on the shelf, one numbering, and the claim covers all five files"
7918,"a crossover collected from five different titles; its contents are a list, and LOCG's #1-37 is that list flattened"
7973,"a crossover collected from several titles; LOCG's #1-136 is a hull, not a range"
8138,"the shelf's '#1-4' are Guardians of the Galaxy ANNUAL #1-4 at 54pp each, parsed as plain issue numbers, plus a 2015 annual also numbered 1; only two files are issues of the 2008 run the omnibus collects, so its true #1-25 would nest five annuals wrongly"
8201,chapter ranges read from each archive's own page names; the ladder tiles (c1-c100 over 15 volumes)
8204,"none of the four archives names a chapter on any page, and the shelf's other files are original volumes rather than chapters; there is no coordinate to write a range in"
8266,chapter ranges read from each archive's own page names; the ladder tiles (c81-c402 over 36 volumes)
8301,"all three archives name the chapter on every page and the ladder tiles c1-c40 exactly (13 + 13 + 14 chapters). The `c00` set in v03 is a three-page front matter, not a chapter zero — v02 ends at c26 and v03 opens at c27"
8309,chapter ranges read from each archive's own page names; the ladder tiles (c1-c50 over 10 volumes)
8349,an anniversary anthology drawing on every Harley Quinn run; its only claim comes from a shell page and no issue files remain on the shelf
8401,chapter ranges read from each archive's own page names; the ladder tiles (single volume)
8440,"a four-issue PRESTIGE-format mini; 209pp over four issues is normal here, not a sign of a wider book"
8453,"a six-issue mini, one issue held; 166pp over six is twenty-seven pages each, and nothing else numbers here"
8458,"a five-part mini numbered #0-4, complete on the shelf; the claim starts at zero, which a stamp would not do"
8533,"21 collected-flagged files, nineteen of them ordinary magazine issues wrongly flagged IsCollection=1 (§14.6) and one a story anthology with no coordinate; the shelf mixes three different ways of writing the magazine's own numbering (Vol.13 No.05, v27 001, 1992-11 (V17 04))"
855,two different Renew Your Vows series (the 2015 Secret Wars mini and the 2016 ongoing) and one variant cover between them
869,three unnumbered variant covers and one trade; LOCG's #1-22 is twenty-two issues in 140 pages
8723,chapter ranges read from each archive's own page names; the ladder tiles (c1-c90 over 10 volumes)
8732,"v01-v03 name their chapters on every page (c001-c006, c007-c016, c017-c026) and each prints a chapter-1/7/17 divider confirming it; v04-v06 carry no chapter token and were opened, their own printed contents pages listing CHAPTER 27-36, 37-46 and 47-56. The two halves meet exactly at 26/27 and the ladder tiles chapter 1-56"
8737,"the base run is the twelve numbered volumes, not issues, so every range here is in VOLUME numbers; the four short-story volumes (3, 7, 10, 11) went into Hellboy - The Complete Short Stories (S66460) rather than into the omnibuses, which is why the omnibus ranges have holes"
8788,chapter ranges read from each archive's own page names; the ladder tiles (c1-c18 over 3 volumes)
8832,"two runs share this Series id: the NBC online chapters (6-9pp each) and Titan's Heroes (2015); #1, #2 and #4 each name a file from both"
8855,"a four-issue 1997 mini complete on the shelf; the 279pp book holds more than the mini, and that extra is not filed here"
8861,"THREE runs share this Series row - 1997 (items 88850, 88852), 2006 (90519, 90551, 90552, 116866, 116867, 116869) and 2011 (collected by 99374) - and all three number from #1"
8861,"the 2006 issues on this shelf are a SECOND filing of files that also sit on S97556, that run own shelf"
8861,this shelf must be split before any range is written on it; item 99374 states 'Collecting Heroes For Hire #1-5' of the 2011 run and that range here would hide three 2006 issues
8869,chapter ranges read from each archive's own page names; the ladder tiles (c1-c16 over 4 volumes)
8877,two Boom series called Hexed - a 2008 four-issue mini and the 2014 ongoing - and only the 2014 run's #1-12 is here
8877,Hexed v1's #1-4 is correct about the 2008 mini and would land on the 2014 ongoing's #1-4; that is why it is refused
8885,chapter ranges read from each archive's own page names; the ladder tiles (c1-c18 over 3 volumes)
8898,"a five-issue mini complete on the shelf, one numbering, and the claim covers all five files"
8901,"the archives name no chapter, so all twenty-three volumes were opened and their own printed contents pages read (p4 in v01, p6 in the rest). Viz's `GAME N` ladder tiles GAME 1-189 across twenty-two volumes. v18 is not part of it: it collects six SIDE STORIES numbered GAME 1-6 in their own sequence, and the main run runs straight past it (v17 ends 148, v19 opens 149)"
8907,chapter ranges read from each archive's own page names; the ladder tiles (c1-c53 over 8 volumes)
8913,chapter ranges read from each archive's own page names; the ladder tiles (single volume)
8959,chapter ranges read from each archive's own page names; the ladder tiles (c1-c10 over 5 volumes)
9040,chapter ranges read from each archive's own page names; the ladder tiles (c1-c63 over 7 volumes)
9051,chapter ranges read from each archive's own page names; the ladder tiles (c1-c15 over 3 volumes)
9058,"four Howard the Duck runs plus the 1979 magazine share this Series id, and the shelf's two real issue files are both '#1' — the 2024 v7 debut and a 2019 facsimile of the 1976 #1; every edition whose printed range begins at #1 is therefore withheld, and the printed lines are recorded here so they can be applied once the runs are separated"
9148,chapter ranges read from each archive's own page names; the ladder tiles (c1-c390 over 37 volumes)
917,"the 2007 miniseries (#1-6, complete) and the 2023 miniseries share this shelf and both number from #1"
9184,chapter ranges read from each archive's own page names; the ladder tiles (single volume)
919,chapter ranges read from each archive's own page names; the ladder tiles (single volume)
9225,chapter ranges read from each archive's own page names; the ladder tiles (single volume)
9231,chapter ranges read from each archive's own page names; the ladder tiles (c1-c29 over 5 volumes)
9236,chapter ranges read from each archive's own page names; the ladder tiles (c1-c8 over 2 volumes)
9245,chapter ranges read from each archive's own page names; the ladder tiles (single volume)
9275,a five-issue mini complete on the shelf; #1-5 is the obvious reading and LOCG offers #1-307 instead
9361,"the shelf's four issue files are numbered #15-#18, which does not fit the run ComicVine's collected-editions list describes; volumes 02 and 03 are linked only to single-comic records"
9373,four of the five items flagged as collections are 23-24pp Incredible Hulk v1 floppies; the shelf carries the 1962 run in two numberings plus the Marvel UK weekly
9421,DC's Inferno (1997) and Marvel's Inferno (2021) share this shelf; only the DC files are here as issues
9428,"one run, held twice over in two chronology trees; nothing else numbers on this shelf, so a range cannot collide"
9428,the chronology tree's SORT PREFIX was read as an issue number: '11 Infinite_Crisis_07' became #11 and '01 Infinite Crisis (2006)' became #1
9434,"Infinite Frontier (#0-6) and Infinite Frontier: Secret Files (#1-6, 14pp backups) share the coordinates #1-6 here"
94533,chapter ranges read from each archive's own page names; the ladder tiles (c1-c135 over 15 volumes)
94535,chapter ranges read from each archive's own page names; the ladder tiles (c1-c45 over 4 volumes)
94536,chapter ranges read from each archive's own page names; the ladder tiles (single volume)
94543,"all five ranges come from the book's own ""Originally published in single magazine form in"" line on archive page index 3; the ladder tiles 1-30 except issue #0, which the indicia places in Vol. 02 and which no contiguous range on this shelf can hold"
94544,"one run, one collection line, no repeated issue number; GCD's ladder tiles #1-#40 and its two gaps (#9-#10, #26) are the Justice League vs Suicide Squad chapters, which this shelf holds separately"
94548,one run; the volume ordinals (Five/Six/Seven) continue the 2015 series but the ISSUE numbers restart - every book states 'SECOND SERIES' on its own title page
94548,the shelf's loose files #16-19 are correctly left uncollected; no trade of this run holds them
94554,"all seven ranges come from the book's own ""Originally published in single magazine form in"" line at archive page index 3; the ladder tiles 1-40 except issue #0, which the indicia places in Vol. 02 and which no contiguous range here can hold"
94555,"one run, one numbering; GCD's #1-6 is a first volume's ordinary shape and stops below our #7-17"
94570,six ranges read from per-issue credit attributions; Vol. 09 by complement plus page arithmetic
94574,"both back-cover COLLECTING lines read; the ladder covers 1-12 and the two files we hold are #13 and #14, outside it"
94575,the only loose files here are one-page variant covers; no range can hold a page of story
94618,one unnumbered variant cover and one collection; both providers say #1-5 and neither covers a file
94637,"one run; the three ""issue"" files are 1pp variant cover scans, not issues"
94637,"the Vol. 01 rip has two junk trailing pages (a Supergirl cover, then a Marvel ad); its real back cover is p-3"
94646,"one run, one numbering, and the two GCD ranges tile #1-7 / #8-14 without overlapping"
94646,"Vol. 01's claim takes exactly our #6 and #7; Vol. 02's takes nothing, so neither can over-claim here"
94698,three trades of about 80 pages hold three or four issues each; ComicVine's #7-12 is six issues in 85 pages
94708,"Books One to Four are the 1996 Peter David run and tile 1-43, each confirmed by its own indicia and by copyright years stepping 1996 to 2000; the fifth book in the Trades folder is a 2005-run collection and belongs to another Series"
94709,"one run collected twice: nine original trades 2006-2011 and four 2015-2018 re-collections, both on this shelf; the overlap is real and is not a conflation"
94709,"Vol. 07 collects 43, 45-47 and we HOLD Supergirl 44 (item 70454); the range is stored as the hull 43-47 and the exclusion lives in the quotation"
94709,the original ladder never collected 20-22; the 2016 re-collection Vol. 02 (11-22) is what covers them
94709,Vol. 06 - Who is Superwoman? refused: no copyright block found and 167pp cannot hold the nine issues its neighbours leave for it
94714,"all six ranges are the PRINT ISSUE coordinate quoted from the copyright page at archive index 2, where each book names print issues and digital chapters side by side (six against twelve); files 001-012 are one-panel-per-page guided-view rips of print #1-12, so their page counts are panel counts and will not divide like a 24pp issue"
94719,"one clean run; all seven trades print their range on the back cover and the ladder tiles with no overlap. The live LOCG spans #1-605 on Vol. 01 and #1-108 on Vol. 11 cover 72 and 69 of the shelf's 73 issue files respectively against a printed six each; ComicVine's spans on this shelf are in the pre-1999 legacy numbering, a different coordinate"
94731,twenty-nine one-page variant covers and no story page; GCD's #1-4 / #5-9 tile but LOCG's #1-2 / #3-3 do not
94742,"one run; the repeated issue numbers are the same issues ripped into two chronology trees, not a second run"
94742,Book 01 ends at #13 and Book 02 begins at #17 - #14-16 and #26-28 are in neither book and are correctly left loose
9475,"one run of 72 digital chapters and one collection line, but no source states the volume boundaries; LOCG's #2-72 on a 162pp book covers 72 of the 75 files"
94776,only Vol. 04 states its contents (Marvel back-cover COLLECTING line); the other three carry a house ad or a joke page on the last page and no indicia anywhere in the front or back matter
94776,"Vol. 01 closes on a NEXT card for #626.1 and Vol. 02 opens on a cover whose corner box reads 626 - the two disagree about where the boundary falls, so neither book gets a range"
94776,"every loose issue on this shelf is 642 or higher and the trade ladder ends at 641, so none of the three refusals is costing a nesting that exists"
94780,"all four ranges are quoted from the book's own copyright page at archive index 3; the ladder tiles 1-28 except #4, which Vol. 01's own indicia excludes and which no book here collects"
94785,Kirby's run is #1-18 and the only file here is #19 - the issue the book does not hold
94790,the two trades open the run and our files are #11-16; LOCG's #1-2 is a two-issue span on a 118pp book
94793,"LOCG puts the same #1-51 on both volumes while ComicVine gives them #1-18 and #76-85; four claims, no agreement"
94810,"one run; all 14 ""issue"" files are 1pp variant cover scans"
94810,"Vol. 02's own back cover names Thor Annual #1 as a separate item, which is direct evidence that the two Annual covers stored as IssueNo 1 are NOT ongoing #1"
94812,"all four trades read off the back cover, which in these Empire rips is the SECOND-to-last page (the last is a scene logo)"
94812,the ladder does not tile: Vol. 01 (#1-6) is not on this shelf and #25-26 sit between Vol. 04 and Vol. 05
94812,"Vol. 04 is under-claimed on purpose - its own line says MATERIAL FROM #25, which is two back-up strips and not the issue"
94813,"one clean run; the three omnibuses print their contents on the back cover and tile #0-33, #34-63, #64-75 + #100-109. Book 03 is non-contiguous and its hole (#76-99) contains item 96930, Thunderbolts #81, which the shelf holds. The live LOCG #1-449 on Book 01 covers 21 of the 26 issue files and takes its end from the Incredible Hulk (1968) #449 named in the same collecting sentence"
94814,Vol. 01 collects #126-129 and #132; the two issues it skips are held on this shelf and must not be nested
94832,all four ranges quoted from the printed indicia on p3; the run's #1-38 tiles with no gap and no overlap
94833,the five trades cover #0-25; the loose #26-30 are genuinely uncollected on this shelf
94834,v3.1 and v3.2 are one run (#1-75); Vol. 02/Vol. 03 of the second era interleave at #55-56 and the indicia quotes the gap
94838,"the three ranges tile 1-14; every real issue file on the shelf is #15 or higher, so nothing the trades claim is a file we hold"
94838,52 of the 59 issue-side files are 1pp variant covers; those of #1-14 fall inside these ranges and depend on the MinIssuePages guard
94846,"all four refused; no issue file of this run is held, so nothing is hidden either way"
94849,all five trades read off the back cover: the last page of every rip carries a COLLECTING line; the ranges tile 1-30 exactly
94849,nothing on this shelf that is called an issue is an issue of this run - three 1pp variant covers of 30 and two annuals stored as issue 1
94865,four trade-numbering restarts inside one continuous run; six of the thirteen books share a Vol. label with another
94866,v4.1 and v4.2 are one run; the seven trades cover #1-37 and the loose #38-47 are uncollected here
94867,"v4.1 (2018) and v4.5 (2022) are OUR subdivision of one run, not two runs: the trades in both folders are labelled Vol. 01-03 but the issues they collect are disjoint (1-57 against 59-74), which is the §14.3 rule-2 proof. Every range here is quoted from the book's own indicia"
94868,"split off the catch-all `Harley Quinn` shelf; its own six-issue mini, no issues held"
94869,split off the catch-all shelf so its 1-6 cannot tile over three unrelated one-shot #1s
94871,Vol. 2 collects #0 plus #8-12; the quoted indicia carries that gap so it cannot claim Vol. 1's #1-7
94872,"v4.1/v4.2/v4.3 are one run (#1-122); the trade numbering restarts twice inside it, so labels cannot order this shelf"
94872,"#29, #63-69 and #84-86 are collected by no book on this shelf and must not be swept into a neighbour"
9497,chapter ranges read from each archive's own page names; the ladder tiles (c1-c99 over 3 volumes)
9515,chapter ranges read from each archive's own page names; the ladder tiles (c1-c63 over 9 volumes)
9520,chapter ranges read from each archive's own page names; the ladder tiles (c1-c558 over 18 volumes)
9521,chapter ranges read from each archive's own page names; the ladder tiles (c1-c85 over 10 volumes)
9560,three Iron Fist runs share this Series id and the 2017 run renumbers mid-run (GCD has the same run at #1-5 and at #73-77); the shelf holds files in both numberings
9569,"a six-issue mini complete on the shelf, one numbering, and the claim covers all six files"
9596,"a six-issue mini, four of it held; 144pp over six is twenty-four pages each, and nothing else numbers here"
95973,both books refused - neither states a range and the shelf holds issue files a wrong range would swallow
9617,"a five-issue mini complete on the shelf, one numbering, and the claim covers all five files"
96415,"Detective Comics' legacy numbering and the New 52 restart both sit on this shelf (#7-#52 and #350-#1093) with three numbers naming two files; two of the three books are ""Vol. 01"""
9648,chapter ranges read from each archive's own page names; the ladder tiles (c1-c12 over 3 volumes)
9649,chapter ranges read from each archive's own page names; the ladder tiles (c1-c21 over 6 volumes)
9650,chapter ranges read from each archive's own page names; the ladder tiles (c1-c19 over 4 volumes)
9652,chapter ranges read from each archive's own page names; the ladder tiles (c0-c40 over 5 volumes)
9653,chapter ranges read from each archive's own page names; the ladder tiles (c9-c86 over 18 volumes)
9656,chapter ranges read from each archive's own page names; the ladder tiles (c1-c30 over 6 volumes)
9659,"six European albums collected in two Dark Horse volumes of 149pp and 148pp; the albums run about fifty pages, so three per volume fits"
9659,lead: if Vol. 01 is #1-3 and Vol. 02 is #4-6 all five files nest; one copyright page would settle it
9704,JLA v1 (1997) and JLA: Year One (numbering from #1) share this Series id with ten repeated numbers; four items flagged as collections are 23-24pp single issues
97144,"the collecting line on these rips is on the p1 house ad, which advertises the volume you are holding, not the next one"
97144,"the ladder covers 1-13; every loose file on the shelf is #20 or higher, and #14-19 are collected by nothing here"
9733,a two-issue mini held twice over plus the Young Justice special from the same story; everything here is one story
97492,"the six trades are Hawkeye v4 (2012) and every issue file on the shelf is Hawkeye v3 (2003) #1-8; both runs number from #1, so the trades' ranges land on the 2003 files"
97556,"the complete 2006 run (#1-15) is on the shelf as loose files, so both ranges were read off the books rather than inferred"
97556,neither trade has a back-cover COLLECTING line; Vol. 02 states itself through per-issue credits and Vol. 03 through captioned chapter dividers
97556,"Vol. 01 (#1-5) is not on this shelf, so issues #1-5 sit loose and uncollected"
9791,twelve unnumbered variant covers and one collection; LOCG's #1-6 covers no file
98949,"Nova v2 (1994), v4 (2007) and v5 (2013) share this Series id and the v4 issues are filed up to four times; 35 numbers name more than one file"
997,"a web archive titled by the years of posts it collects (2008-2009, 2010-2011, 2012-2013); the year is the coordinate and there is no issue ladder"
9984,two numberings on one shelf — the 1952 Atlas run and the 2011 relaunch from #622; the four Masterworks volumes carry no claim of any kind
9996,"a six-issue mini complete on the shelf, one numbering, and the claim covers all six files"
