# shelf	signal	detail   (reprobe_cvmissing.py, TOOLS_TODO 32; feed: next_batch.py --s2-file)
S10	g	provider-missing: CV 33975 "The Best of Heavy Metal" 1982 Heavy Metal 2 issues — far (gap 38), found by 'The Best of Heavy Metal' (via CV candidate name "The Best of Heavy Metal"); invisible before TODO 30
S17	g	provider-missing: CV 11019 "Before the Fantastic Four: The Storms" 2000 Marvel 3 issues — far (gap 21), found by 'Before the Fantastic Four: The Storms' (via CV candidate name "Before the Fantastic Four: The Storms"); invisible before TODO 30
S21	g	provider-missing: CV 80982 "Rise of the Conqueror" 2015 Red Element 2 issues — near (gap 0), found by 'Rise of the Conqueror' (via CV candidate name "Rise of the Conqueror"); invisible before TODO 30
S51	g	provider-missing: CV 98765 "Thrill-Power Overload: Forty Years of 2000 AD: Revised, Updated and Expanded!" 2017 Rebellion 1 issues — near (gap 0), found by 'Thrill-Power Overload: Forty Years of 2000 AD: Revised, Updated and Expanded!' (via CV candidate name "Thrill-Power Overload: Forty Years of 2000 AD: Revised, Updated and Expanded!"); invisible before TODO 30
S80	g	provider-missing: CV 105081 "3 O'clock Club: School's Out... of Control" 2017 Lion Forge Comics 1 issues — near (gap 1), found by '3 O'clock Club: School's Out... of Control' (via CV candidate name "3 O'clock Club: School's Out... of Control"); invisible before TODO 30
S96	g	S cv=-+provider-missing: CV 104454 "Anomaly 2: The Rubicon" 2017 Anomaly Productions LLC 1 issues — far (gap 7), found by 'Anomaly 2: The Rubicon' (via CV candidate name "Anomaly 2: The Rubicon"); invisible before TODO 30
S174	g	provider-missing: CV 154888 "Lovecraft: The Call of Cthulhu" 2023 Zenescope Entertainment 1 issues — near (gap 0), found by 'Lovecraft: The Call of Cthulhu' (via CV candidate name "Lovecraft: The Call of Cthulhu"); invisible before TODO 30
S174	g	provider-missing: CV 134443 "The Call of Cthulhu and Dagon: A Graphic Novel" 2021 Printers Row 1 issues — far (gap 2), found by 'The Call of Cthulhu and Dagon: A Graphic Novel' (via CV candidate name "The Call of Cthulhu and Dagon: A Graphic Novel"); invisible before TODO 30
S198	g	provider-missing: CV 109387 "Graphic Storytelling and Visual Narrative" 2008 W. W. Norton & Company 1 issues — far (gap 16), found by 'Graphic Storytelling and Visual Narrative' (via CV candidate name "Graphic Storytelling and Visual Narrative"); invisible before TODO 30
S207	g	provider-missing: CV 125697 "Zombie Tramp: A Dead Girl in Europe" 2020 Action Lab 1 issues — near (gap 0), found by 'Zombie Tramp: A Dead Girl in Europe' (via CV candidate name "Zombie Tramp: A Dead Girl in Europe"); invisible before TODO 30
S224	g	provider-missing: CV 111573 "A Quick and Easy Guide to They/Them Pronouns" 2018 Oni Press 1 issues — far (gap 2), found by 'A Quick and Easy Guide to They/Them Pronouns' (via CV candidate name "A Quick and Easy Guide to They/Them Pronouns"); invisible before TODO 30
S248	g	provider-missing: CV 135489 "A Taste of Fantasy" 2021 Harlequin Comics 1 issues — near (gap 1), found by 'A Taste of Fantasy' (via CV candidate name "A Taste of Fantasy"); invisible before TODO 30
S256	g	provider-missing: CV 95442 "A Treasury of XXth Century Murder: Black Dahlia" 2016 NBM 1 issues — near (gap 1), found by 'A Treasury of XXth Century Murder: Black Dahlia' (via CV candidate name "A Treasury of XXth Century Murder: Black Dahlia"); invisible before TODO 30
S256	g	provider-missing: CV 56423 "A Treasury of Victorian Murder Compendium" 2013 NBM 2 issues — far (gap 4), found by 'A Treasury of Victorian Murder Compendium' (via CV candidate name "A Treasury of Victorian Murder Compendium"); invisible before TODO 30
S270	g	S cv=-+provider-missing: CV 46273 "The Best of Drawn & Quarterly" 1993 Drawn & Quarterly 1 issues — far (gap 31), found by 'The Best of Drawn & Quarterly' (via CV candidate name "The Best of Drawn & Quarterly"); invisible before TODO 30
S355	g	provider-missing: CV 109939 "The American Way: Those Above and Those Below" 2018 DC Comics 1 issues — far (gap 4), found by 'The American Way: Those Above and Those Below' (via CV candidate name "The American Way: Those Above and Those Below"); invisible before TODO 30
S355	g	provider-missing: CV 102739 "The American Way: Those Above and Those Below" 2017 DC Comics 6 issues — far (gap 5), found by 'The American Way: Those Above and Those Below' (via CV candidate name "The American Way: Those Above and Those Below"); invisible before TODO 30
S355	g	provider-missing: CV 22754 "Above & Below: Two Stories of the American Frontier" 2004 Drawn & Quarterly 1 issues — far (gap 18), found by 'Above & Below: Two Stories of the American Frontier' (via CV candidate name "Above & Below: Two Stories of the American Frontier"); invisible before TODO 30
S491	g	provider-missing: CV 139211 "After the Fall" 2021 Magnetic Press 1 issues — near (gap 0), found by 'After the Fall' (own spelling); invisible before TODO 30
S491	g	provider-missing: CV 130453 "After the Fall" 2020 Goldfinger Platinum Factory 1 issues — near (gap 1), found by 'After the Fall' (own spelling); invisible before TODO 30
S495	g	provider-missing: CV 121756 "Dark Ark: After the Flood" 2019 Aftershock Comics 5 issues — far (gap 2), found by 'Dark Ark: After the Flood' (via CV candidate name "Dark Ark: After the Flood"); invisible before TODO 30
S505	g	provider-missing: CV 134192 "Dragon Age: The First Five Graphic Novels" 2021 Dark Horse Comics 1 issues — far (gap 3), found by 'Dragon Age: The First Five Graphic Novels' (via CV candidate name "Dragon Age: The First Five Graphic Novels"); invisible before TODO 30
S539	g	provider-missing: CV 87304 "Agents of S.H.I.E.L.D." 2016 Marvel 10 issues — far (gap 6), found by 'Agents of S.H.I.E.L.D.' (via CV candidate name "Agents of S.H.I.E.L.D."); invisible before TODO 30
S593	g	provider-missing: CV 127976 "Manga! Manga! The World of Japanese Comics" 1983 Kodansha International 1 issues — far (gap 20), found by 'Manga! Manga! The World of Japanese Comics' (via CV candidate name "Manga! Manga! The World of Japanese Comics"); invisible before TODO 30
S681	g	provider-missing: CV 20054 "Buffy The Vampire Slayer: Panel to Panel" 2007 Dark Horse Comics 1 issues — near (gap 1), found by 'Buffy The Vampire Slayer: Panel to Panel' (via CV candidate name "Buffy The Vampire Slayer: Panel to Panel"); invisible before TODO 30
S681	g	provider-missing: CV 80730 "Buffy The Vampire Slayer: Panel To Panel: Seasons 8 & 9" 2015 Dark Horse Comics 1 issues — far (gap 9), found by 'Buffy The Vampire Slayer: Panel To Panel: Seasons 8 & 9' (via CV candidate name "Buffy The Vampire Slayer: Panel To Panel: Seasons 8 & 9"); invisible before TODO 30
S699	g	S cv=-: CV 38908 "Alison Dare The Heart of the Maiden" 2010 Tundra Books 1 issues — far (gap 13), found by 'Alison Dare The Heart of the Maiden' (via CV candidate name "Alison Dare The Heart of the Maiden"); invisible before TODO 30
S699	g	S cv=-: CV 26244 "Alison Dare and the Heart of the Maiden" 2002 Oni Press 2 issues — far (gap 21), found by 'Alison Dare and the Heart of the Maiden' (via CV candidate name "Alison Dare and the Heart of the Maiden"); invisible before TODO 30
S704	g	provider-missing: CV 113257 "Shot All To Hell: A Graphic Novel" 2018 Insight Editions 1 issues — far (gap 6), found by 'Shot All To Hell: A Graphic Novel' (via CV candidate name "Shot All To Hell: A Graphic Novel"); invisible before TODO 30
S704	g	provider-missing: CV 114025 "Paradise Lost: A Graphic Novel" 2018 Pegasus 1 issues — far (gap 6), found by 'Paradise Lost: A Graphic Novel' (via CV candidate name "Paradise Lost: A Graphic Novel"); invisible before TODO 30
S754	g	S cv=-: CV 90093 "All-New X-Men: Inevitable: Ghosts of Cyclops" 2016 Marvel 1 issues — near (gap 0), found by 'All-New X-Men: Inevitable: Ghosts of Cyclops' (via CV candidate name "All-New X-Men: Inevitable: Ghosts of Cyclops"); invisible before TODO 30
S813	g	provider-missing: CV 58456 "The Last Convert of John Harper" 2013 Kingstone Comics 1 issues — far (gap 11), found by 'The Last Convert of John Harper' (via CV candidate name "The Last Convert of John Harper"); invisible before TODO 30
S813	g	provider-missing: CV 73162 "Always the Groomsman" 2013 Harlequin Comics 1 issues — far (gap 11), found by 'Always the Groomsman' (via CV candidate name "Always the Groomsman"); invisible before TODO 30
S899	g	provider-missing: CV 35470 "Marvel Spotlight: The Amazing Spider-Man" 2008 Marvel 1 issues — far (gap 6), found by 'Marvel Spotlight: The Amazing Spider-Man' (via CV candidate name "Marvel Spotlight: The Amazing Spider-Man"); invisible before TODO 30
S924	g	provider-missing: CV 60948 "Amelia Cole and the Hidden War" 2013 MonkeyBrain Comics 6 issues — near (gap 1), found by 'Amelia Cole and the Hidden War' (via CV candidate name "Amelia Cole and the Hidden War"); invisible before TODO 30
S924	g	provider-missing: CV 66323 "Amelia Cole and the Unknown World" 2013 IDW Publishing 1 issues — near (gap 1), found by 'Amelia Cole and the Unknown World' (own spelling); invisible before TODO 30
S924	g	provider-missing: CV 72008 "Amelia Cole and the Hidden War" 2014 MonkeyBrain Comics 1 issues — far (gap 2), found by 'Amelia Cole and the Hidden War' (via CV candidate name "Amelia Cole and the Hidden War"); invisible before TODO 30
S924	g	provider-missing: CV 87198 "Amelia Cole Versus The End of Everything" 2016 MonkeyBrain Comics 6 issues — far (gap 4), found by 'Amelia Cole Versus The End of Everything' (via CV candidate name "Amelia Cole Versus The End of Everything"); invisible before TODO 30
S924	g	provider-missing: CV 91873 "Amelia Cole Versus The End of Everything" 2016 MonkeyBrain Comics 1 issues — far (gap 4), found by 'Amelia Cole Versus The End of Everything' (via CV candidate name "Amelia Cole Versus The End of Everything"); invisible before TODO 30
S928	g	provider-missing: CV 66323 "Amelia Cole and the Unknown World" 2013 IDW Publishing 1 issues — near (gap 1), found by 'Amelia Cole and the Unknown World' (via CV candidate name "Amelia Cole and the Unknown World"); invisible before TODO 30
S928	g	provider-missing: CV 84746 "Amelia Cole and the Impossible Fate" 2015 IDW Publishing 1 issues — near (gap 1), found by 'Amelia Cole and the Impossible Fate' (own spelling); invisible before TODO 30
S928	g	provider-missing: CV 54107 "Amelia Cole and the Unknown World" 2012 MonkeyBrain Comics 6 issues — far (gap 2), found by 'Amelia Cole and the Unknown World' (via CV candidate name "Amelia Cole and the Unknown World"); invisible before TODO 30
S974	g	provider-missing: CV 89872 "Emma at the Beach" 1990 HarperCollins 1 issues — far (gap 10), found by 'Emma at the Beach' (via CV candidate name "Emma at the Beach"); invisible before TODO 30
S977	g	provider-missing: CV 132166 "Lois Lane: Enemy of the People" 2020 DC Comics 1 issues — far (gap 2), found by 'Lois Lane: Enemy of the People' (via CV candidate name "Lois Lane: Enemy of the People"); invisible before TODO 30
S977	g	provider-missing: CV 120436 "Enemy of the People: A Cartoonist's Journey" 2019 IDW Publishing 1 issues — far (gap 3), found by 'Enemy of the People: A Cartoonist's Journey' (via CV candidate name "Enemy of the People: A Cartoonist's Journey"); invisible before TODO 30
S984	g	provider-missing: CV 156362 "Anaïs Nin: A Sea of Lies" 2023 Fantagraphics 1 issues — far (gap 2), found by 'Anaïs Nin: A Sea of Lies' (via CV candidate name "Anaïs Nin: A Sea of Lies"); invisible before TODO 30
S1026	g	provider-missing: CV 83372 "The Angel of Death" 2015 Virtuosity Entertainment Comics 1 issues — far (gap 6), found by 'Angel of Death' (own spelling); invisible before TODO 30
S1026	g	provider-missing: CV 10962 "Angel of Death" 1991 Innovation 4 issues — far (gap 30), found by 'Angel of Death' (own spelling); invisible before TODO 30
S1058	g	provider-missing: CV 117743 "Encounter: Welcome To the Team!" 2019 Lion Forge Comics 1 issues — near (gap 1), found by 'Encounter: Welcome To the Team!' (via CV candidate name "Encounter: Welcome To the Team!"); invisible before TODO 30
S1070	g	provider-missing: CV 104761 "Dracula Marries Frankenstein! An Anne of Green Bagels Story" 2017 NBM 1 issues — near (gap 1), found by 'Dracula Marries Frankenstein! An Anne of Green Bagels Story' (via CV candidate name "Dracula Marries Frankenstein! An Anne of Green Bagels Story"); invisible before TODO 30
S1070	g	provider-missing: CV 105490 "Anne of Green Gables" 2017 Andrews McMeel Publishing 1 issues — near (gap 1), found by 'Anne of Green Gables' (via CV candidate name "Anne of Green Gables"); invisible before TODO 30
S1070	g	provider-missing: CV 78433 "Anne of Green Gables" 2014 TidalWave Productions 1 issues — far (gap 2), found by 'Anne of Green Gables' (via CV candidate name "Anne of Green Gables"); invisible before TODO 30
S1070	g	provider-missing: CV 66591 "Anne of Green Gables" 2010 TidalWave Productions 4 issues — far (gap 6), found by 'Anne of Green Gables' (via CV candidate name "Anne of Green Gables"); invisible before TODO 30
S1116	g	provider-missing: CV 111397 "Ant-Man & the Wasp" 2018 Marvel 5 issues — far (gap 5), found by 'Ant-Man & the Wasp' (via CV candidate name "Ant-Man & the Wasp"); invisible before TODO 30
S1116	g	provider-missing: CV 115033 "Ant-Man and the Wasp: Lost and Found" 2018 Marvel 1 issues — far (gap 5), found by 'Ant-Man and the Wasp: Lost and Found' (via CV candidate name "Ant-Man and the Wasp: Lost and Found"); invisible before TODO 30
S1117	g	S cv=-: CV 82823 "Ant-Man/Giant-Man Epic Collection: The Man In the Ant Hill" 2015 Marvel 1 issues — near (gap 0), found by 'Ant-Man/Giant-Man Epic Collection: The Man In the Ant Hill' (via CV candidate name "Ant-Man/Giant-Man Epic Collection: The Man In the Ant Hill"); invisible before TODO 30
S1172	g	provider-missing: CV 154374 "Aquaman and the Lost Kingdom Special" 2023 DC Comics 1 issues — near (gap 1), found by 'Aquaman and the Lost Kingdom Special' (via GCD name "Aquaman and the Lost Kingdom Special"); invisible before TODO 30
S1203	g	provider-missing: CV 71594 "Archer and Armstrong: Archer" 2014 DMG/Valiant Entertainment 1 issues — far (gap 7), found by 'Archer and Armstrong: Archer' (via CV candidate name "Archer and Armstrong: Archer"); invisible before TODO 30
S1204	g	provider-missing: CV 71594 "Archer and Armstrong: Archer" 2014 DMG/Valiant Entertainment 1 issues — far (gap 6), found by 'Archer and Armstrong: Archer' (via CV candidate name "Archer and Armstrong: Archer"); invisible before TODO 30
S1205	g	provider-missing: CV 72971 "Archer Coe and the Thousand Natural Shocks" 2014 Oni Press 14 issues — far (gap 4), found by 'Archer Coe and the Thousand Natural Shocks' (via CV candidate name "Archer Coe and the Thousand Natural Shocks"); invisible before TODO 30
S1205	g	provider-missing: CV 75198 "Archer Coe and the Thousand Natural Shocks" 2014 Oni Press 1 issues — far (gap 4), found by 'Archer Coe and the Thousand Natural Shocks' (via CV candidate name "Archer Coe and the Thousand Natural Shocks"); invisible before TODO 30
S1205	g	provider-missing: CV 31408 "Spider-Man/Dr. Strange: "The Way to Dusty Death"" 1992 Marvel 1 issues — far (gap 26), found by 'Spider-Man/Dr. Strange: "The Way to Dusty Death"' (via CV candidate name "Spider-Man/Dr. Strange: "The Way to Dusty Death""); invisible before TODO 30
S1207	g	provider-missing: CV 71594 "Archer and Armstrong: Archer" 2014 DMG/Valiant Entertainment 1 issues — far (gap 10), found by 'Archer and Armstrong: Archer' (via CV candidate name "Archer and Armstrong: Archer"); invisible before TODO 30
S1221	g	S cv=-+provider-missing: CV 24362 "An Archie Special Edition, Christmas and Archie" 1975 Archie Comics 1 issues — far (gap 37), found by 'An Archie Special Edition, Christmas and Archie' (via CV candidate name "An Archie Special Edition, Christmas and Archie"); invisible before TODO 30
S1224	g	provider-missing: CV 117753 "Archie, The Man From R.I.V.E.R.D.A.L.E." 2019 Archie Comics 1 issues — far (gap 8), found by 'Archie: The Man From R.I.V.E.R.D.A.L.E.' (own spelling); invisible before TODO 30
S1297	g	provider-missing: CV 64980 "Defenders of Europe" 2011 Emmetre Edizioni 2 issues — far (gap 12), found by 'Defenders of Europe' (via CV candidate name "Defenders of Europe"); invisible before TODO 30
S1324	g	S cv=-+provider-missing: CV 133903 "Ms. Marvel: Army of One" 2021 Marvel 1 issues — far (gap 3), found by 'Ms. Marvel: Army of One' (via CV candidate name "Ms. Marvel: Army of One"); invisible before TODO 30
S1324	g	S cv=-+provider-missing: CV 50870 "The Punisher: Army of One" 2002 Marvel 1 issues — far (gap 22), found by 'The Punisher: Army of One' (via CV candidate name "The Punisher: Army of One"); invisible before TODO 30
S1336	g	provider-missing: CV 77249 "The Art of Vampirella: The Dynamite Years" 2014 Dynamite Entertainment 1 issues — far (gap 2), found by 'The Art of Vampirella: The Dynamite Years' (via CV candidate name "The Art of Vampirella: The Dynamite Years"); invisible before TODO 30
S1336	g	provider-missing: CV 131184 "The Dynamite Art of Lucio Parrillo" 2020 Dynamite Entertainment 1 issues — far (gap 4), found by 'The Dynamite Art of Lucio Parrillo' (via CV candidate name "The Dynamite Art of Lucio Parrillo"); invisible before TODO 30
S1336	g	provider-missing: CV 49784 "Dynamite Art of Alex Ross" 2011 Dynamite Entertainment 1 issues — far (gap 5), found by 'Dynamite Art of Alex Ross' (via CV candidate name "Dynamite Art of Alex Ross"); invisible before TODO 30
S1349	g	provider-missing: CV 162656 "As the Gods Will" 2024 Kodansha Comics USA 5 issues — far (gap 9), found by 'As the Gods Will' (via CV candidate name "As the Gods Will"); invisible before TODO 30
S1351	g	S cv=-+provider-missing: CV 162656 "As the Gods Will" 2024 Kodansha Comics USA 5 issues — far (gap 13), found by 'As the Gods Will' (own spelling); invisible before TODO 30
S1352	g	provider-missing: CV 81727 "Worlds of Aspen 2015" 2015 Aspen MLT 1 issues — far (gap 4), found by 'Worlds of Aspen 2015' (via CV candidate name "Worlds of Aspen 2015"); invisible before TODO 30
S1362	g	provider-missing: CV 118833 "Ask For Mercy: The Key To Forever" 2019 Comicraft 1 issues — near (gap 1), found by 'Ask For Mercy: The Key To Forever' (own spelling); invisible before TODO 30
S1363	g	provider-missing: CV 118833 "Ask For Mercy: The Key To Forever" 2019 Comicraft 1 issues — far (gap 3), found by 'Ask For Mercy: The Key To Forever' (via CV candidate name "Ask For Mercy: The Key To Forever"); invisible before TODO 30
S1363	g	provider-missing: CV 111306 "Ask For Mercy: The Key To Forever" 2018 Comicraft 6 issues — far (gap 4), found by 'Ask For Mercy: The Key To Forever' (via CV candidate name "Ask For Mercy: The Key To Forever"); invisible before TODO 30
S1364	g	provider-missing: CV 118833 "Ask For Mercy: The Key To Forever" 2019 Comicraft 1 issues — near (gap 1), found by 'Ask For Mercy: The Key To Forever' (via CV candidate name "Ask For Mercy: The Key To Forever"); invisible before TODO 30
S1364	g	provider-missing: CV 136542 "Ask For Mercy Season Three: World of Disquiet" 2021 Comicraft 1 issues — near (gap 1), found by 'Ask For Mercy Season Three: World of Disquiet' (own spelling); invisible before TODO 30
S1364	g	provider-missing: CV 111306 "Ask For Mercy: The Key To Forever" 2018 Comicraft 6 issues — far (gap 2), found by 'Ask For Mercy: The Key To Forever' (via CV candidate name "Ask For Mercy: The Key To Forever"); invisible before TODO 30
S1365	g	provider-missing: CV 118833 "Ask For Mercy: The Key To Forever" 2019 Comicraft 1 issues — near (gap 0), found by 'Ask For Mercy: The Key To Forever' (via CV candidate name "Ask For Mercy: The Key To Forever"); invisible before TODO 30
S1365	g	provider-missing: CV 111306 "Ask For Mercy: The Key To Forever" 2018 Comicraft 6 issues — near (gap 1), found by 'Ask For Mercy: The Key To Forever' (via CV candidate name "Ask For Mercy: The Key To Forever"); invisible before TODO 30
S1365	g	provider-missing: CV 127940 "Ask For Mercy Season Two: The Heart of the Earth" 2020 Comicraft 1 issues — near (gap 1), found by 'Ask For Mercy Season Two: The Heart of the Earth' (via CV name "Ask For Mercy Season Two: The Heart of the Earth"); invisible before TODO 30
S1366	g	provider-missing: CV 118833 "Ask For Mercy: The Key To Forever" 2019 Comicraft 1 issues — near (gap 0), found by 'Ask For Mercy: The Key To Forever' (via CV candidate name "Ask For Mercy: The Key To Forever"); invisible before TODO 30
S1366	g	provider-missing: CV 111306 "Ask For Mercy: The Key To Forever" 2018 Comicraft 6 issues — near (gap 1), found by 'Ask For Mercy: The Key To Forever' (via CV candidate name "Ask For Mercy: The Key To Forever"); invisible before TODO 30
S1480	g	provider-missing: CV 88227 "On the Outside" ? Estrada Media Publishing 1 issues — far, found by 'On the Outside' (via CV candidate name "On the Outside"); invisible before TODO 30
S1502	g	provider-missing: CV 49506 "Nickelodeon Avatar: The Last Airbender - The Lost Adventures" 2011 Dark Horse Comics 1 issues — far (gap 9), found by 'Nickelodeon Avatar: The Last Airbender - The Lost Adventures' (via CV candidate name "Nickelodeon Avatar: The Last Airbender - The Lost Adventures"); invisible before TODO 30
S1502	g	provider-missing: CV 19410 "Avatar: The Last Airbender" 2006 Tokyopop 8 issues — far (gap 14), found by 'Avatar: The Last Airbender' (via CV candidate name "Avatar: The Last Airbender"); invisible before TODO 30
S1589	g	S cv=-: CV 109182 "Avengers Epic Collection: The Collection Obsession" 2018 Marvel 1 issues — far (gap 4), found by 'Avengers Epic Collection: The Collection Obsession' (via CV name "Avengers Epic Collection: The Collection Obsession"); invisible before TODO 30
S1589	g	S cv=-: CV 153155 "Avengers Epic Collection: The Gathering" 2023 Marvel 1 issues — far (gap 9), found by 'Avengers Epic Collection: The Gathering' (via CV candidate name "Avengers Epic Collection: The Gathering"); invisible before TODO 30
S1622	g	provider-missing: CV 109592 "Avengers: Shards of Infinity" 2018 Marvel 1 issues — far (gap 24), found by 'Avengers: Shards of Infinity' (via GCD name "Avengers: Shards of Infinity"); invisible before TODO 30
S1624	g	provider-missing: CV 7261 "Avengers Two: Wonder Man and Beast" 2000 Marvel 3 issues — far (gap 23), found by 'Avengers Two: Wonder Man and Beast' (via CV candidate name "Avengers Two: Wonder Man and Beast"); invisible before TODO 30
S1645	g	provider-missing: CV 39533 "Avengers and the Infinity Gauntlet" 2011 Marvel 1 issues — near (gap 1), found by 'Avengers and the Infinity Gauntlet' (own spelling); invisible before TODO 30
S1675	g	provider-missing: CV 103633 "X-Men: Gold: Back To The Basics" 2017 Marvel 1 issues — near (gap 1), found by 'X-Men: Gold: Back To The Basics' (via CV candidate name "X-Men: Gold: Back To The Basics"); invisible before TODO 30
S1690	g	S cv=-: CV 38960 "Lockjaw and the Pet Avengers Unleashed" 2011 Marvel 1 issues — far (gap 6), found by 'Lockjaw and the Pet Avengers Unleashed' (via CV candidate name "Lockjaw and the Pet Avengers Unleashed"); invisible before TODO 30
S1690	g	S cv=-: CV 31901 "Lockjaw and the Pet Avengers Unleashed" 2010 Marvel 4 issues — far (gap 7), found by 'Lockjaw and the Pet Avengers Unleashed' (via CV candidate name "Lockjaw and the Pet Avengers Unleashed"); invisible before TODO 30
S1754	g	provider-missing: CV 78581 "Soppy: A Love Story" 2014 Andrews McMeel Publishing 1 issues — far (gap 6), found by 'Soppy: A Love Story' (via CV candidate name "Soppy: A Love Story"); invisible before TODO 30
S1794	g	provider-missing: CV 122904 "The Regiment - The True Story of the SAS" 2019 Cinebook 3 issues — far (gap 2), found by 'The Regiment - The True Story of the SAS' (via CV candidate name "The Regiment - The True Story of the SAS"); invisible before TODO 30
S1794	g	provider-missing: CV 115230 "The Regiment – The True Story of the SAS" 2018 Europe Comics 3 issues — far (gap 3), found by 'The Regiment - The True Story of the SAS' (via CV candidate name "The Regiment - The True Story of the SAS"); invisible before TODO 30
S1797	g	provider-missing: CV 56741 "Bring Back the Bad Guys" 1998 Marvel 1 issues — far (gap 12), found by 'Bring Back the Bad Guys' (via CV candidate name "Bring Back the Bad Guys"); invisible before TODO 30
S1804	g	provider-missing: CV 89860 "Big Book of Australian Adventure" 1944 Syd Nicholls 1 issues — far (gap 79), found by 'Big Book of Australian Adventure' (via CV candidate name "Big Book of Australian Adventure"); invisible before TODO 30
S1810	g	S cv=-: CV 5829 "A Decade of Dark Horse" 1996 Dark Horse Comics 4 issues — far (gap 15), found by 'A Decade of Dark Horse' (via CV candidate name "A Decade of Dark Horse"); invisible before TODO 30
S1822	g	provider-missing: CV 21601 "Aspen: The Extended Edition" 2004 Aspen MLT 1 issues — far (gap 9), found by 'Aspen: The Extended Edition' (via CV candidate name "Aspen: The Extended Edition"); invisible before TODO 30
S1878	g	provider-missing: CV 92351 "Batgirl & the Birds of Prey: Rebirth" 2016 DC Comics 1 issues — near (gap 0), found by 'Batgirl & the Birds of Prey: Rebirth' (via CV candidate name "Batgirl & the Birds of Prey: Rebirth"); invisible before TODO 30
S1878	g	provider-missing: CV 85740 "Birds of Prey" 2015 DC Comics 3 issues — near (gap 1), found by 'Birds of Prey' (via CV candidate name "Birds of Prey"); invisible before TODO 30
S1878	g	provider-missing: CV 100560 "Batgirl and the Birds of Prey" 2017 DC Comics 3 issues — near (gap 1), found by 'Batgirl and the Birds of Prey' (own spelling); invisible before TODO 30
S1878	g	provider-missing: CV 52139 "Birds of Prey" 2012 DC Comics 5 issues — far (gap 4), found by 'Birds of Prey' (via CV candidate name "Birds of Prey"); invisible before TODO 30
S1878	g	provider-missing: CV 127620 "Birds of Prey" 2020 DC Comics 1 issues — far (gap 4), found by 'Birds of Prey' (via CV candidate name "Birds of Prey"); invisible before TODO 30
S1878	g	provider-missing: CV 42806 "Birds of Prey" 2011 DC Comics 35 issues — far (gap 5), found by 'Birds of Prey' (via CV candidate name "Birds of Prey"); invisible before TODO 30
S1897	g	provider-missing: CV 59061 "Wolverine: An Origin Story" 2013 Marvel 1 issues — far (gap 2), found by 'Wolverine: An Origin Story' (via CV candidate name "Wolverine: An Origin Story"); invisible before TODO 30
S1897	g	provider-missing: CV 41622 "DC Retroactive: Batman - The '80s" 2011 DC Comics 1 issues — far (gap 4), found by 'DC Retroactive: Batman - The '80s' (via CV candidate name "DC Retroactive: Batman - The '80s"); invisible before TODO 30
S1897	g	provider-missing: CV 19965 "Batman and Other DC Classics" 1989 DC Comics 1 issues — far (gap 26), found by 'Batman and Other DC Classics' (via CV candidate name "Batman and Other DC Classics"); invisible before TODO 30
S1928	g	provider-missing: CV 38846 "DC Comics Classics Library: Batman - A Death In the Family" 2009 DC Comics 1 issues — far (gap 7), found by 'DC Comics Classics Library: Batman - A Death In the Family' (via CV candidate name "DC Comics Classics Library: Batman - A Death In the Family"); invisible before TODO 30
S1943	g	provider-missing: CV 156489 "Batman and Robin 2024 Annual" 2024 DC Comics 1 issues — near (gap 0), found by 'Batman and Robin 2024 Annual' (via CV candidate name "Batman and Robin 2024 Annual"); invisible before TODO 30
S1943	g	provider-missing: CV 115037 "Batman and Robin: Bad Blood: DC Essential Edition" 2018 DC Comics 1 issues — far (gap 6), found by 'Batman and Robin: Bad Blood: DC Essential Edition' (via CV candidate name "Batman and Robin: Bad Blood: DC Essential Edition"); invisible before TODO 30
S1951	g	provider-missing: CV 44043 "DC Comics Presents: Catwoman - Guardian of Gotham" 2011 DC Comics 1 issues — far (gap 5), found by 'DC Comics Presents: Catwoman - Guardian of Gotham' (via CV candidate name "DC Comics Presents: Catwoman - Guardian of Gotham"); invisible before TODO 30
S2094	g	provider-missing: CV 59240 "Brenda Starr, Reporter: The Collected Dailies and Sundays" 2012 Hermes Press 1 issues — far, found by 'Brenda Starr, Reporter: The Collected Dailies and Sundays' (via CV candidate name "Brenda Starr, Reporter: The Collected Dailies and Sundays"); invisible before TODO 30
S2094	g	provider-missing: CV 80173 "Roy Rogers, King of the Cowboys: The Collected Dailies and Sundays" 2011 Hermes Press 1 issues — far, found by 'Roy Rogers, King of the Cowboys: The Collected Dailies and Sundays' (via CV candidate name "Roy Rogers, King of the Cowboys: The Collected Dailies and Sundays"); invisible before TODO 30
S2094	g	provider-missing: CV 112574 "Dark Shadows: The Complete Newspaper Dailies and Sundays" 2018 Hermes Press 1 issues — far, found by 'Dark Shadows: The Complete Newspaper Dailies and Sundays' (via CV candidate name "Dark Shadows: The Complete Newspaper Dailies and Sundays"); invisible before TODO 30
S2120	g	provider-missing: CV 82397 "Batman Noir: The Dark Knight Returns" 2015 DC Comics 1 issues — far (gap 7), found by 'Batman Noir: The Dark Knight Returns' (via CV candidate name "Batman Noir: The Dark Knight Returns"); invisible before TODO 30
S2120	g	provider-missing: CV 73816 "Batman - The Dark Knight Returns" 2012 Urban Comics 1 issues — far (gap 10), found by 'Batman: The Dark Knight Returns' (via CV candidate name "Batman: The Dark Knight Returns"); invisible before TODO 30
S2120	g	provider-missing: CV 38859 "Batman: The Dark Knight Returns" 1986 DC Comics 1 issues — far (gap 36), found by 'Batman: The Dark Knight Returns' (via CV candidate name "Batman: The Dark Knight Returns"); invisible before TODO 30
S2128	g	S cv=-+provider-missing: CV 103575 "Batman The Dark Knight" 2014 RW Uitgeverij 3 issues — near (gap 1), found by 'Batman: The Dark Knight' (via CV candidate name "Batman: The Dark Knight"); invisible before TODO 30
S2128	g	S cv=-+provider-missing: CV 62348 "Batman: The Dark Knight Annual" 2013 DC Comics 1 issues — far (gap 2), found by 'Batman: The Dark Knight Annual' (via CV candidate name "Batman: The Dark Knight Annual"); invisible before TODO 30
S2128	g	S cv=-+provider-missing: CV 53222 "Batman: The Dark Knight" 2012 DC Comics 4 issues — far (gap 3), found by 'Batman: The Dark Knight' (via CV candidate name "Batman: The Dark Knight"); invisible before TODO 30
S2128	g	S cv=-+provider-missing: CV 56063 "Batman The Dark Knight" 2012 Titan Comics 19 issues — far (gap 3), found by 'Batman: The Dark Knight' (via CV candidate name "Batman: The Dark Knight"); invisible before TODO 30
S2128	g	S cv=-+provider-missing: CV 61513 "Batman: The Dark Knight" 2012 Panini Verlag 32 issues — far (gap 3), found by 'Batman: The Dark Knight' (via CV candidate name "Batman: The Dark Knight"); invisible before TODO 30
S2128	g	S cv=-+provider-missing: CV 37880 "Batman: The Dark Knight" 2011 DC Comics 5 issues — far (gap 4), found by 'Batman: The Dark Knight' (via CV candidate name "Batman: The Dark Knight"); invisible before TODO 30
S2158	g	S cv=-+provider-missing: CV 107493 "Batman & the Signal" 2018 DC Comics 3 issues — near (gap 1), found by 'Batman & the Signal' (via the parsed key without the filing suffix "Batman & the Signal"); invisible before TODO 30
S2158	g	S cv=-+provider-missing: CV 112937 "Batman and the Signal" 2018 DC Comics 1 issues — near (gap 1), found by 'Batman and the Signal' (own spelling); invisible before TODO 30
S2171	g	provider-missing: CV 89207 "Superman/Batman: Batman v Superman: Dawn of Justice Special Edition" 2016 DC Comics 1 issues — near (gap 0), found by 'Superman/Batman: Batman v Superman: Dawn of Justice Special Edition' (via CV candidate name "Superman/Batman: Batman v Superman: Dawn of Justice Special Edition"); invisible before TODO 30
S2171	g	provider-missing: CV 121595 "General Mills Presents Batman v Superman: Dawn of Justice" 2016 DC Comics 4 issues — near (gap 0), found by 'General Mills Presents Batman v Superman: Dawn of Justice' (via CV candidate name "General Mills Presents Batman v Superman: Dawn of Justice"); invisible before TODO 30
S2172	g	provider-missing: CV 91589 "Batman v Superman: Dawn of Justice - Upstairs/Downstairs" 2016 DC Comics 1 issues — near (gap 0), found by 'Batman v Superman: Dawn of Justice - Upstairs/Downstairs' (via CV candidate name "Batman v Superman: Dawn of Justice - Upstairs/Downstairs"); invisible before TODO 30
S2172	g	provider-missing: CV 121595 "General Mills Presents Batman v Superman: Dawn of Justice" 2016 DC Comics 4 issues — near (gap 0), found by 'General Mills Presents Batman v Superman: Dawn of Justice' (via CV candidate name "General Mills Presents Batman v Superman: Dawn of Justice"); invisible before TODO 30
S2277	g	provider-missing: CV 89257 "Book of Death: Deluxe Edition" 2016 DMG/Valiant Entertainment 1 issues — far (gap 4), found by 'Book of Death: Deluxe Edition' (via CV candidate name "Book of Death: Deluxe Edition"); invisible before TODO 30
S2277	g	provider-missing: CV 32454 "Batman and Robin: The Deluxe Edition" 2010 DC Comics 3 issues — far (gap 10), found by 'Batman and Robin: The Deluxe Edition' (via CV candidate name "Batman and Robin: The Deluxe Edition"); invisible before TODO 30
S2355	g	provider-missing: CV 45261 "Theseus: Battling the Minotaur" 2008 Lerner Publishing Group 1 issues — far (gap 5), found by 'Theseus: Battling the Minotaur' (via CV candidate name "Theseus: Battling the Minotaur"); invisible before TODO 30
S2356	g	provider-missing: CV 48969 "Sonic The Hedgehog FCBD 2012" 2012 Archie Comics 1 issues — near (gap 0), found by 'Sonic The Hedgehog FCBD 2012' (via CV candidate name "Sonic The Hedgehog FCBD 2012"); invisible before TODO 30
S2386	g	provider-missing: CV 84970 "Guardians of the Galaxy: Through the Looking Glass" 2015 Marvel 1 issues — near (gap 1), found by 'Guardians of the Galaxy: Through the Looking Glass' (via CV candidate name "Guardians of the Galaxy: Through the Looking Glass"); invisible before TODO 30
S2386	g	provider-missing: CV 51326 "Batman: Through the Looking Glass" 2012 DC Comics 1 issues — far (gap 2), found by 'Batman: Through the Looking Glass' (via CV candidate name "Batman: Through the Looking Glass"); invisible before TODO 30
S2402	g	provider-missing: CV 47706 "13th of Never" 2004 SLG Publishing 1 issues — far (gap 20), found by '13th of Never' (via CV candidate name "13th of Never"); invisible before TODO 30
S2403	g	provider-missing: CV 26988 "The Adventures of Blake & Mortimer" 2007 Cinebook 29 issues — far (gap 16), found by 'The Adventures of Blake & Mortimer' (via CV candidate name "The Adventures of Blake & Mortimer"); invisible before TODO 30
S2403	g	provider-missing: CV 56474 "The Adventures of Blake & Mortimer" 1989 Catalan Communications 2 issues — far (gap 34), found by 'The Adventures of Blake & Mortimer' (via CV candidate name "The Adventures of Blake & Mortimer"); invisible before TODO 30
S2415	g	provider-missing: CV 120750 "Jim Cornette Presents: Behind the Curtain - Real Pro Wrestling Stories" 2019 IDW Publishing 1 issues — far (gap 3), found by 'Jim Cornette Presents: Behind the Curtain - Real Pro Wrestling Stories' (via CV candidate name "Jim Cornette Presents: Behind the Curtain - Real Pro Wrestling Stories"); invisible before TODO 30
S2415	g	provider-missing: CV 114509 "Behind the Curtain" 2015 SelfMadeHero 1 issues — far (gap 7), found by 'Behind the Curtain' (own spelling); invisible before TODO 30
S2430	g	provider-missing: CV 139315 "Beneath the Trees" 2021 Magnetic Press 1 issues — far (gap 3), found by 'Beneath the Trees' (via CV candidate name "Beneath the Trees"); invisible before TODO 30
S2430	g	provider-missing: CV 65141 "Beneath: The Prequel" 2013 Glass Eye Pix Comix 1 issues — far (gap 11), found by 'Beneath: The Prequel' (via CV candidate name "Beneath: The Prequel"); invisible before TODO 30
S2432	g	provider-missing: CV 75941 "Female Force: Women of Europe" 2014 TidalWave Productions 1 issues — far (gap 6), found by 'Female Force: Women of Europe' (via CV candidate name "Female Force: Women of Europe"); invisible before TODO 30
S2458	g	provider-missing: CV 34367 "Airboy 1942: Best of Enemies" 2009 Moonstone 1 issues — far (gap 3), found by 'Airboy 1942: Best of Enemies' (via CV name "Airboy 1942: Best of Enemies"); invisible before TODO 30
S2473	g	provider-missing: CV 134099 "Act of Betrayal" 2021 Harlequin Comics 1 issues — far (gap 3), found by 'Act of Betrayal' (via CV candidate name "Act of Betrayal"); invisible before TODO 30
S2489	g	provider-missing: CV 11038 "Betty and Veronica" 1987 Archie Comics 278 issues — far (gap 31), found by 'Betty and Veronica' (via our own name without the filing suffix "Betty and Veronica"); invisible before TODO 30
S2497	g	provider-missing: CV 11038 "Betty and Veronica" 1987 Archie Comics 278 issues — far (gap 37), found by 'Betty and Veronica' (via CV candidate name "Betty and Veronica"); invisible before TODO 30
S2499	g	provider-missing: CV 80515 "Betty and Veronica: Sleepover Special" 2015 Archie Comics 1 issues — near (gap 1), found by 'Betty and Veronica: Sleepover Special' (via CV candidate name "Betty and Veronica: Sleepover Special"); invisible before TODO 30
S2518	g	provider-missing: CV 160399 "Beyond the Beyond" 2022 Scout Comics 4 issues — far (gap 2), found by 'Beyond the Beyond' (via CV candidate name "Beyond the Beyond"); invisible before TODO 30
S2518	g	provider-missing: CV 122212 "Beyond the Demon, the Sea" 2019 Source Point Press 1 issues — far (gap 5), found by 'Beyond the Demon, the Sea' (via CV candidate name "Beyond the Demon, the Sea"); invisible before TODO 30
S2518	g	provider-missing: CV 35117 "Beyond the Beyond" 2006 Tokyopop 4 issues — far (gap 18), found by 'Beyond the Beyond' (via CV candidate name "Beyond the Beyond"); invisible before TODO 30
S2592	g	S cv=-: CV 73049 "Billy the Kid's Old-Timey Oddities" 2006 Dark Horse Comics 1 issues — near (gap 0), found by 'Billy the Kid's Old Timey Oddities' (own spelling); invisible before TODO 30
S2592	g	S cv=-: CV 21394 "Billy the Kid's Old-Timey Oddities" 2005 Dark Horse Comics 4 issues — near (gap 1), found by 'Billy the Kid's Old Timey Oddities' (own spelling); invisible before TODO 30
S2592	g	S cv=-: CV 35464 "Billy the Kid's Old Timey Oddities and the Ghastly Fiend of London" 2010 Dark Horse Comics 4 issues — far (gap 4), found by 'Billy the Kid's Old Timey Oddities and the Ghastly Fiend of London' (via CV candidate name "Billy the Kid's Old Timey Oddities and the Ghastly Fiend of London"); invisible before TODO 30
S2592	g	S cv=-: CV 150840 "Billy the Kid's Old Timey Oddities and The Ghastly Fiend of London" 2011 Dark Horse Comics 1 issues — far (gap 5), found by 'Billy the Kid's Old Timey Oddities and the Ghastly Fiend of London' (via CV candidate name "Billy the Kid's Old Timey Oddities and the Ghastly Fiend of London"); invisible before TODO 30
S2592	g	S cv=-: CV 53099 "Billy The Kid’s Old Timey Oddities And The Orm Of Loch Ness" 2012 Dark Horse Comics 4 issues — far (gap 6), found by 'Billy The Kid’s Old Timey Oddities And The Orm Of Loch Ness' (via CV candidate name "Billy The Kid’s Old Timey Oddities And The Orm Of Loch Ness"); invisible before TODO 30
S2592	g	S cv=-: CV 64680 "Billy The Kid’s Old Timey Oddities And The Orm Of Loch Ness" 2013 Dark Horse Comics 1 issues — far (gap 7), found by 'Billy The Kid’s Old Timey Oddities And The Orm Of Loch Ness' (via CV candidate name "Billy The Kid’s Old Timey Oddities And The Orm Of Loch Ness"); invisible before TODO 30
S2620	g	provider-missing: CV 127620 "Birds of Prey" 2020 DC Comics 1 issues — near (gap 0), found by 'Birds of Prey' (via CV candidate name "Birds of Prey"); invisible before TODO 30
S2620	g	provider-missing: CV 153328 "Birds of Prey" 2023 DC Comics 28 issues — far (gap 3), found by 'Birds of Prey' (via CV candidate name "Birds of Prey"); invisible before TODO 30
S2620	g	provider-missing: CV 159708 "Birds of Prey" 2024 DC Comics 3 issues — far (gap 4), found by 'Birds of Prey' (via CV candidate name "Birds of Prey"); invisible before TODO 30
S2620	g	provider-missing: CV 85740 "Birds of Prey" 2015 DC Comics 3 issues — far (gap 5), found by 'Birds of Prey' (via CV candidate name "Birds of Prey"); invisible before TODO 30
S2620	g	provider-missing: CV 52139 "Birds of Prey" 2012 DC Comics 5 issues — far (gap 8), found by 'Birds of Prey' (via CV candidate name "Birds of Prey"); invisible before TODO 30
S2620	g	provider-missing: CV 42806 "Birds of Prey" 2011 DC Comics 35 issues — far (gap 9), found by 'Birds of Prey' (via CV candidate name "Birds of Prey"); invisible before TODO 30
S2759	g	provider-missing: CV 147404 "Black Panther: The Saga Of Shuri And T'Challa" 2022 Marvel 1 issues — far (gap 14), found by 'Black Panther: The Saga Of Shuri And T'Challa' (via CV candidate name "Black Panther: The Saga Of Shuri And T'Challa"); invisible before TODO 30
S2769	g	provider-missing: CV 95849 "X-O Manowar: Long Live the King" 2016 DMG/Valiant Entertainment 1 issues — near (gap 1), found by 'X-O Manowar: Long Live the King' (via CV candidate name "X-O Manowar: Long Live the King"); invisible before TODO 30
S2769	g	provider-missing: CV 111035 "Black Panther: Long Live The King" 2018 Marvel 1 issues — near (gap 1), found by 'Black Panther: Long Live the King' (own spelling); invisible before TODO 30
S2777	g	provider-missing: CV 161388 "Wakanda: World of Black Panther Omnibus" 2022 Marvel 1 issues — far (gap 2), found by 'Wakanda: World of Black Panther Omnibus' (via CV candidate name "Wakanda: World of Black Panther Omnibus"); invisible before TODO 30
S2777	g	provider-missing: CV 102105 "Black Panther: World of Wakanda" 2017 Marvel 1 issues — far (gap 3), found by 'Black Panther: World of Wakanda' (via CV candidate name "Black Panther: World of Wakanda"); invisible before TODO 30
S2777	g	provider-missing: CV 95579 "Black Panther: World of Wakanda" 2016 Marvel 6 issues — far (gap 4), found by 'Black Panther: World of Wakanda' (via CV candidate name "Black Panther: World of Wakanda"); invisible before TODO 30
S2845	g	provider-missing: CV 5829 "A Decade of Dark Horse" 1996 Dark Horse Comics 4 issues — far (gap 17), found by 'A Decade of Dark Horse' (via CV candidate name "A Decade of Dark Horse"); invisible before TODO 30
S2938	g	provider-missing: CV 134055 "Punisher: River of Blood" 2021 Marvel 1 issues — far (gap 16), found by 'Punisher: River of Blood' (via CV candidate name "Punisher: River of Blood"); invisible before TODO 30
S2938	g	provider-missing: CV 147188 "The River of Blood" 2021 Black Jack Press 1 issues — far (gap 16), found by 'The River of Blood' (via CV candidate name "The River of Blood"); invisible before TODO 30
S2983	g	provider-missing: CV 57959 "Bloodshot: Setting The World On Fire" 2013 DMG/Valiant Entertainment 1 issues — far (gap 11), found by 'Bloodshot: Setting The World On Fire' (via CV candidate name "Bloodshot: Setting The World On Fire"); invisible before TODO 30
S2996	g	provider-missing: CV 35695 "Bloom County: The Complete Library" 2009 IDW Publishing 5 issues — far (gap 6), found by 'Bloom County: The Complete Library' (via CV candidate name "Bloom County: The Complete Library"); invisible before TODO 30
S3074	g	provider-missing: CV 62743 "Making a Mini Comic: The Mini Comic" 2008 Squid Works 1 issues — far (gap 17), found by 'Making a Mini Comic: The Mini Comic' (via CV candidate name "Making a Mini Comic: The Mini Comic"); invisible before TODO 30
S3077	g	S cv=-: CV 143729 "Bone Orchard: The Passageway" 2022 Image 1 issues — near (gap 0), found by 'Bone Orchard: The Passageway' (via CV candidate name "Bone Orchard: The Passageway"); invisible before TODO 30
S3088	g	provider-missing: CV 63509 "Book of Love" 1950 Fox Comics (US) 1 issues — far (gap 69), found by 'Book of Love' (via CV candidate name "Book of Love"); invisible before TODO 30
S3093	g	provider-missing: CV 154273 "Darkhold: The Book of Evil" 2022 Marvel UK/Panini UK 1 issues — near (gap 0), found by 'Darkhold: The Book of Evil' (via CV candidate name "Darkhold: The Book of Evil"); invisible before TODO 30
S3093	g	provider-missing: CV 158242 "Book of Evil" 2024 Splitter 1 issues — far (gap 2), found by 'Book of Evil' (own spelling); invisible before TODO 30
S3097	g	provider-missing: CV 101600 "The Books of Magic" 2017 DC Comics 1 issues — near (gap 1), found by 'Books of Magic' (own spelling); invisible before TODO 30
S3097	g	provider-missing: CV 120094 "Books of Magic" 2019 DC Comics 3 issues — near (gap 1), found by 'Books of Magic' (own spelling); invisible before TODO 30
S3097	g	provider-missing: CV 5943 "The Books of Magic Annual" 1997 DC Comics 3 issues — far (gap 21), found by 'The Books of Magic Annual' (via CV candidate name "The Books of Magic Annual"); invisible before TODO 30
S3097	g	provider-missing: CV 5239 "The Books of Magic" 1994 DC Comics 75 issues — far (gap 24), found by 'Books of Magic' (own spelling); invisible before TODO 30
S3097	g	provider-missing: CV 25522 "The Books of Magic" 1993 DC Comics 1 issues — far (gap 25), found by 'Books of Magic' (own spelling); invisible before TODO 30
S3097	g	provider-missing: CV 4354 "Books of Magic" 1990 DC Comics 4 issues — far (gap 28), found by 'Books of Magic' (own spelling); invisible before TODO 30
S3138	g	provider-missing: CV 115076 "Part of It: Comics and Confessions" 2018 Houghton Mifflin Harcourt 1 issues — far (gap 2), found by 'Part of It: Comics and Confessions' (via CV candidate name "Part of It: Comics and Confessions"); invisible before TODO 30
S3141	g	provider-missing: CV 143940 "The United States of Captain America" 2022 Marvel 1 issues — near (gap 1), found by 'The United States of Captain America' (via CV candidate name "The United States of Captain America"); invisible before TODO 30
S3141	g	provider-missing: CV 137256 "The United States of Captain America" 2021 Marvel 5 issues — far (gap 2), found by 'The United States of Captain America' (via CV candidate name "The United States of Captain America"); invisible before TODO 30
S3156	g	provider-missing: CV 125846 "Breaklands Season One: The Chase" 2020 Dark Horse Comics 1 issues — near (gap 1), found by 'Breaklands Season One: The Chase' (via CV candidate name "Breaklands Season One: The Chase"); invisible before TODO 30
S3157	g	provider-missing: CV 136293 "Breaklands Season Two: The Citadel" 2021 Justin Jordan 1 issues — near (gap 0), found by 'Breaklands Season Two: The Citadel' (via CV candidate name "Breaklands Season Two: The Citadel"); invisible before TODO 30
S3157	g	provider-missing: CV 125846 "Breaklands Season One: The Chase" 2020 Dark Horse Comics 1 issues — near (gap 1), found by 'Breaklands Season One: The Chase' (via CV candidate name "Breaklands Season One: The Chase"); invisible before TODO 30
S3165	g	S cv=-: CV 100810 "Briggs Land: State of Grace" 2017 Dark Horse Comics 1 issues — near (gap 0), found by 'Briggs Land: State of Grace' (via CV candidate name "Briggs Land: State of Grace"); invisible before TODO 30
S3247	g	provider-missing: CV 59012 "The Red Diary / The Re[a]d Diary" 2012 Image 1 issues — far (gap 7), found by 'The Red Diary / The Re[a]d Diary' (via CV candidate name "The Red Diary / The Re[a]d Diary"); invisible before TODO 30
S3268	g	provider-missing: CV 57366 "The Art of Boom! Studios" 2010 Boom! Studios 1 issues — far (gap 9), found by 'The Art of Boom! Studios' (via CV candidate name "The Art of Boom! Studios"); invisible before TODO 30
S3289	g	S cv=-+provider-missing: CV 142465 "Beorn: The Littlest Viking Saga " 2020 self published 1 issues — far (gap 4), found by 'Beorn: The Littlest Viking Saga ' (via CV candidate name "Beorn: The Littlest Viking Saga "); invisible before TODO 30
S3322	g	provider-missing: CV 31864 "Deadpool Vs. The Marvel Universe" 2008 Marvel 1 issues — far (gap 4), found by 'Deadpool vs. The Marvel Universe' (own spelling); invisible before TODO 30
S3323	g	provider-missing: CV 60637 "Cable and X-Force: Wanted" 2013 Marvel 1 issues — near (gap 0), found by 'Cable and X-Force: Wanted' (via CV candidate name "Cable and X-Force: Wanted"); invisible before TODO 30
S3323	g	provider-missing: CV 66593 "Cable and X-Force" 2013 Panini Verlag 5 issues — near (gap 0), found by 'Cable and X-Force' (own spelling); invisible before TODO 30
S3350	g	provider-missing: CV 135380 "Call of the Night" 2021 Viz 20 issues — far (gap 5), found by 'Call of the Night' (via CV candidate name "Call of the Night"); invisible before TODO 30
S3350	g	provider-missing: CV 145060 "Call of the Night" 2022 Kurokawa 3 issues — far (gap 6), found by 'Call of the Night' (via CV candidate name "Call of the Night"); invisible before TODO 30
S3350	g	provider-missing: CV 164671 "Call of the Night" 2022 Editorial Ivrea 8 issues — far (gap 6), found by 'Call of the Night' (via CV candidate name "Call of the Night"); invisible before TODO 30
S3350	g	provider-missing: CV 168898 "Call of the Night" ? Tokyopop GmbH 1 issues — far, found by 'Call of the Night' (via CV candidate name "Call of the Night"); invisible before TODO 30
S3376	g	S cv=-+provider-missing: CV 53103 "Transformers: The IDW Collection" 2010 IDW Publishing 8 issues — near (gap 1), found by 'Transformers: The IDW Collection' (via CV candidate name "Transformers: The IDW Collection"); invisible before TODO 30
S3376	g	S cv=-+provider-missing: CV 143092 "IDW: The First 10 Years" 2009 IDW Publishing 2 issues — far (gap 2), found by 'IDW: The First 10 Years' (via CV candidate name "IDW: The First 10 Years"); invisible before TODO 30
S3395	g	S cv=-+provider-missing: CV 137353 "IDW Publishing: The Gateway Collection" 2017 IDW Publishing 1 issues — far (gap 5), found by 'IDW Publishing: The Gateway Collection' (via CV candidate name "IDW Publishing: The Gateway Collection"); invisible before TODO 30
S3427	g	S cv=-: CV 34208 "Death of Captain America Omnibus" 2009 Marvel 1 issues — near (gap 1), found by 'Death of Captain America Omnibus' (via CV name "Death of Captain America Omnibus"); invisible before TODO 30
S3453	g	S cv=-: CV 138272 "Captain America Epic Collection: The Captain" 2021 Marvel 1 issues — far (gap 7), found by 'Captain America Epic Collection: The Captain' (via CV candidate name "Captain America Epic Collection: The Captain"); invisible before TODO 30
S3453	g	S cv=-: CV 165258 "Captain America Epic Collection: The Swine" 2025 Marvel 1 issues — far (gap 11), found by 'Captain America Epic Collection: The Swine' (via CV candidate name "Captain America Epic Collection: The Swine"); invisible before TODO 30
S3500	g	provider-missing: CV 71357 "Captain America: The Winter Soldier" 2014 Marvel 1 issues — near (gap 1), found by 'Captain America: The Winter Soldier' (via CV candidate name "Captain America: The Winter Soldier"); invisible before TODO 30
S3500	g	provider-missing: CV 163076 "Captain America: The Winter Soldier" 2025 Marvel 1 issues — far (gap 10), found by 'Captain America: The Winter Soldier' (via CV candidate name "Captain America: The Winter Soldier"); invisible before TODO 30
S3510	g	provider-missing: CV 163076 "Captain America: The Winter Soldier" 2025 Marvel 1 issues — far (gap 11), found by 'Captain America: The Winter Soldier' (own spelling); invisible before TODO 30
S3535	g	provider-missing: CV 24952 "Captain Johner and the Aliens" 1967 Western Publishing 2 issues — far (gap 28), found by 'Captain Johner and the Aliens' (own spelling); invisible before TODO 30
S3543	g	provider-missing: CV 147477 "Captain Marvel: The Last Of The Marvels" 2022 Marvel 1 issues — near (gap 1), found by 'Captain Marvel: The Last Of The Marvels' (via CV candidate name "Captain Marvel: The Last Of The Marvels"); invisible before TODO 30
S3575	g	provider-missing: CV 158312 "Image Firsts: The Department of Truth" ? Image 1 issues — far, found by 'Image Firsts: The Department of Truth' (via CV candidate name "Image Firsts: The Department of Truth"); invisible before TODO 30
S3616	g	S cv=-: CV 148739 "Carmilla: The First Vampire" 2023 Dark Horse Comics 1 issues — near (gap 1), found by 'Carmilla: The First Vampire' (via CV candidate name "Carmilla: The First Vampire"); invisible before TODO 30
S3626	g	provider-missing: CV 120940 "Carnival Row: From the Dark" 2019 Legendary Comics 1 issues — near (gap 0), found by 'Carnival Row: From the Dark' (via CV candidate name "Carnival Row: From the Dark"); invisible before TODO 30
S3640	g	S cv=-+provider-missing: CV 142486 "The Secret History of the War On Weed" 2022 Image 1 issues — far (gap 2), found by 'The Secret History of the War On Weed' (via CV candidate name "The Secret History of the War On Weed"); invisible before TODO 30
S3640	g	S cv=-+provider-missing: CV 119734 "The Good Fight: Taking a Stand Against Racism and Bigotry" 2019 self published 1 issues — far (gap 5), found by 'The Good Fight: Taking a Stand Against Racism and Bigotry' (via CV candidate name "The Good Fight: Taking a Stand Against Racism and Bigotry"); invisible before TODO 30
S3662	g	provider-missing: CV 34197 "Batman: The Cat and the Bat" 2009 DC Comics 1 issues — far (gap 9), found by 'Batman: The Cat and the Bat' (via CV candidate name "Batman: The Cat and the Bat"); invisible before TODO 30
S3672	g	provider-missing: CV 125714 "Original Cat-Man and Kitten Retro Comics" 1997 AC Comics 1 issues — far (gap 2), found by 'Original Cat-Man and Kitten Retro Comics' (via CV candidate name "Original Cat-Man and Kitten Retro Comics"); invisible before TODO 30
S3721	g	provider-missing: CV 29680 "Confessions of a Cereal Eater" 2000 NBM 4 issues — far (gap 23), found by 'Confessions of a Cereal Eater' (via CV candidate name "Confessions of a Cereal Eater"); invisible before TODO 30
S3721	g	provider-missing: CV 51179 "Confessions of a Cereal Eater" 1995 NBM 1 issues — far (gap 28), found by 'Confessions of a Cereal Eater' (via CV candidate name "Confessions of a Cereal Eater"); invisible before TODO 30
S3787	g	provider-missing: CV 139495 "Chasing the Dragon" 2021 Heavy Metal 1 issues — near (gap 0), found by 'Chasing the Dragon' (own spelling); invisible before TODO 30
S3787	g	provider-missing: CV 75308 "Chasing the Dragon" 2010 Hodder & Stoughton Ltd 1 issues — far (gap 11), found by 'Chasing the Dragon' (own spelling); invisible before TODO 30
S3862	g	S cv=-+provider-missing: CV 52423 "Halo and Sprocket: Natural Creatures" 2012 SLG Publishing 1 issues — far (gap 10), found by 'Halo and Sprocket: Natural Creatures' (via CV candidate name "Halo and Sprocket: Natural Creatures"); invisible before TODO 30
S3862	g	S cv=-+provider-missing: CV 52426 "Halo and Sprocket" 2003 SLG Publishing 1 issues — far (gap 19), found by 'Halo and Sprocket' (via CV candidate name "Halo and Sprocket"); invisible before TODO 30
S3862	g	S cv=-+provider-missing: CV 38628 "Halo and Sprocket" 2002 SLG Publishing 5 issues — far (gap 20), found by 'Halo and Sprocket' (via CV candidate name "Halo and Sprocket"); invisible before TODO 30
S3870	g	provider-missing: CV 137353 "IDW Publishing: The Gateway Collection" 2017 IDW Publishing 1 issues — near (gap 0), found by 'IDW Publishing: The Gateway Collection' (via CV candidate name "IDW Publishing: The Gateway Collection"); invisible before TODO 30
S3870	g	provider-missing: CV 74735 "Godzilla: The IDW Era" 2014 IDW Publishing 1 issues — far (gap 3), found by 'Godzilla: The IDW Era' (via CV candidate name "Godzilla: The IDW Era"); invisible before TODO 30
S3875	g	S cv=-+provider-missing: CV 132199 "DUNE: The Graphic Novel" 2020 Harry N. Abrams 3 issues — far (gap 4), found by 'DUNE: The Graphic Novel' (via CV candidate name "DUNE: The Graphic Novel"); invisible before TODO 30
S3875	g	S cv=-+provider-missing: CV 32214 "Twilight: The Graphic Novel" 2010 Yen Press 2 issues — far (gap 14), found by 'Twilight: The Graphic Novel' (via CV candidate name "Twilight: The Graphic Novel"); invisible before TODO 30
S4008	g	S cv=-+provider-missing: CV 139600 "The Electric Black: The Dark Caravan" 2021 Scout Comics 1 issues — far (gap 2), found by 'The Electric Black: The Dark Caravan' (via CV candidate name "The Electric Black: The Dark Caravan"); invisible before TODO 30
S4008	g	S cv=-+provider-missing: CV 110635 "Scout Comics Presents: The Mall" 2018 Scout Comics 1 issues — far (gap 5), found by 'Scout Comics Presents: The Mall' (via CV candidate name "Scout Comics Presents: The Mall"); invisible before TODO 30
S4017	g	provider-missing: CV 159741 "Assassin's Creed Valhalla: The Hidden Codex" 2024 Dark Horse Comics 1 issues — far, found by 'Assassin's Creed Valhalla: The Hidden Codex' (via CV candidate name "Assassin's Creed Valhalla: The Hidden Codex"); invisible before TODO 30
S4051	g	provider-missing: CV 159937 "Come Find Me: An Autumnal Offering Ashcan" 2024 DSTLRY 1 issues — far (gap 8), found by 'Come Find Me: An Autumnal Offering Ashcan' (via CV candidate name "Come Find Me: An Autumnal Offering Ashcan"); invisible before TODO 30
S4051	g	provider-missing: CV 160697 "Come Find Me: An Autumnal Offering" 2024 DSTLRY 1 issues — far (gap 8), found by 'Come Find Me: An Autumnal Offering' (via CV candidate name "Come Find Me: An Autumnal Offering"); invisible before TODO 30
S4052	g	provider-missing: CV 160697 "Come Find Me: An Autumnal Offering" 2024 DSTLRY 1 issues — near (gap 0), found by 'Come Find Me: An Autumnal Offering' (via CV candidate name "Come Find Me: An Autumnal Offering"); invisible before TODO 30
S4055	g	provider-missing: CV 24368 "To Riverdale And Back Again" 1990 Archie Comics 1 issues — far (gap 27), found by 'To Riverdale And Back Again' (via CV candidate name "To Riverdale And Back Again"); invisible before TODO 30
S4089	g	provider-missing: CV 55560 "Conan: Queen of the Black Coast" 2013 Dark Horse Comics 1 issues — near (gap 1), found by 'Conan: Queen of the Black Coast' (via CV candidate name "Conan: Queen of the Black Coast"); invisible before TODO 30
S4089	g	provider-missing: CV 71443 "Conan: The Phantoms of the Black Coast" 2014 Dark Horse Comics 1 issues — far (gap 2), found by 'Conan: The Phantoms of the Black Coast' (own spelling); invisible before TODO 30
S4143	g	provider-missing: CV 111532 "Hellboy: The Complete Short Stories" 2018 Dark Horse Comics 2 issues — far (gap 28), found by 'Hellboy: The Complete Short Stories' (via CV candidate name "Hellboy: The Complete Short Stories"); invisible before TODO 30
S4216	g	provider-missing: CV 42123 "DC Retroactive: Flash - The '90s" 2011 DC Comics 1 issues — far (gap 4), found by 'DC Retroactive: Flash - The '90s' (via CV candidate name "DC Retroactive: Flash - The '90s"); invisible before TODO 30
S4249	g	provider-missing: CV 64980 "Defenders of Europe" 2011 Emmetre Edizioni 2 issues — far (gap 5), found by 'Defenders of Europe' (via CV candidate name "Defenders of Europe"); invisible before TODO 30
S4345	g	provider-missing: CV 52029 "Criminal: The Deluxe Edition" 2009 Image 3 issues — far (gap 6), found by 'Criminal: The Deluxe Edition' (via CV candidate name "Criminal: The Deluxe Edition"); invisible before TODO 30
S4361	g	S cv=-+provider-missing: CV 159792 "Best of 2000AD" 2020 Rebellion 1 issues — far (gap 43), found by 'Best of 2000AD' (via CV candidate name "Best of 2000AD"); invisible before TODO 30
S4361	g	S cv=-+provider-missing: CV 165612 "Best of 2000AD" 2025 Rebellion 1 issues — far (gap 48), found by 'Best of 2000AD' (via CV candidate name "Best of 2000AD"); invisible before TODO 30
S4378	g	provider-missing: CV 141838 "Critical Role: The Mighty Nein Origins–Caleb Widogast" 2022 Dark Horse Comics 1 issues — far (gap 2), found by 'Critical Role: The Mighty Nein Origins–Caleb Widogast' (via CV candidate name "Critical Role: The Mighty Nein Origins–Caleb Widogast"); invisible before TODO 30
S4378	g	provider-missing: CV 148516 "Critical Role: The Mighty Nein Origins - Nott the Brave" 2023 Dark Horse Comics 1 issues — far (gap 3), found by 'Critical Role: The Mighty Nein Origins - Nott the Brave' (via CV candidate name "Critical Role: The Mighty Nein Origins - Nott the Brave"); invisible before TODO 30
S4495	g	provider-missing: CV 73819 "D.O.A." 1976 Saving Grace 1 issues — far (gap 44), found by 'D.O.A.' (via CV candidate name "D.O.A."); invisible before TODO 30
S4538	g	provider-missing: CV 119374 "Dog Days of Summer" 2019 DC Comics 1 issues — near (gap 1), found by 'Dog Days of Summer' (via GCD name "Dog Days of Summer"); invisible before TODO 30
S4559	g	provider-missing: CV 102601 "Kim & Kim: Love Is A Battlefield" 2017 Black Mask Studios 4 issues — far (gap 4), found by 'Kim & Kim: Love Is A Battlefield' (via CV candidate name "Kim & Kim: Love Is A Battlefield"); invisible before TODO 30
S4559	g	provider-missing: CV 106883 "Kim & Kim: Love Is A Battlefield" 2017 Black Mask Studios 1 issues — far (gap 4), found by 'Kim & Kim: Love Is A Battlefield' (via CV candidate name "Kim & Kim: Love Is A Battlefield"); invisible before TODO 30
S4615	g	provider-missing: CV 71703 "DC Super-Pets: The Biggest Little Hero" 2012 Capstone Press 1 issues — near (gap 0), found by 'DC Super-Pets: The Biggest Little Hero' (via CV candidate name "DC Super-Pets: The Biggest Little Hero"); invisible before TODO 30
S4615	g	provider-missing: CV 71706 "DC Super-Pets: The Fantastic Flexy Frog!" 2012 Capstone Press 1 issues — near (gap 0), found by 'DC Super-Pets: The Fantastic Flexy Frog!' (via CV candidate name "DC Super-Pets: The Fantastic Flexy Frog!"); invisible before TODO 30
S4748	g	provider-missing: CV 128657 "Dan Dare Pilot of the Future" 1987 Hawk Books 2 issues — far (gap 17), found by 'Dan Dare Pilot of the Future' (via CV candidate name "Dan Dare Pilot of the Future"); invisible before TODO 30
S4748	g	provider-missing: CV 128252 "Dan Dare Pilot of the Future" 1981 Hamlyn 1 issues — far (gap 23), found by 'Dan Dare Pilot of the Future' (via CV candidate name "Dan Dare Pilot of the Future"); invisible before TODO 30
S4748	g	provider-missing: CV 83024 "Dan Dare Pilot of the Future" 1979 Dragon's Dream 3 issues — far (gap 25), found by 'Dan Dare Pilot of the Future' (via CV candidate name "Dan Dare Pilot of the Future"); invisible before TODO 30
S4783	g	provider-missing: CV 87815 "Rainbow Children: The Art of Camilla d’Errico" 2016 Dark Horse Comics 1 issues — far (gap 6), found by 'Rainbow Children: The Art of Camilla d’Errico' (via CV candidate name "Rainbow Children: The Art of Camilla d’Errico"); invisible before TODO 30
S4783	g	provider-missing: CV 57534 "HelmetGirls: The Art of Camilla d’Errico" 2013 Dark Horse Comics 1 issues — far (gap 9), found by 'HelmetGirls: The Art of Camilla d’Errico' (via CV candidate name "HelmetGirls: The Art of Camilla d’Errico"); invisible before TODO 30
S4812	g	S cv=-: CV 104463 "Daredevil Epic Collection: Heart of Darkness" 2017 Marvel 1 issues — far (gap 3), found by 'Daredevil Epic Collection: Heart of Darkness' (via CV candidate name "Daredevil Epic Collection: Heart of Darkness"); invisible before TODO 30
S4825	g	provider-missing: CV 36980 "Daredevil by Bendis and Maleev Ultimate Collection" 2010 Marvel 3 issues — far (gap 2), found by 'Daredevil by Bendis and Maleev Ultimate Collection' (via CV candidate name "Daredevil by Bendis and Maleev Ultimate Collection"); invisible before TODO 30
S4828	g	provider-missing: CV 45529 "Daredevil by Brubaker and Lark Ultimate Collection" 2012 Marvel 3 issues — far (gap 3), found by 'Daredevil by Brubaker and Lark Ultimate Collection' (via CV candidate name "Daredevil by Brubaker and Lark Ultimate Collection"); invisible before TODO 30
S4944	g	provider-missing: CV 103228 "Dark Souls: Legends of the Flame" 2017 Titan Comics 1 issues — near (gap 1), found by 'Dark Souls: Legends of the Flame' (via CV candidate name "Dark Souls: Legends of the Flame"); invisible before TODO 30
S4944	g	provider-missing: CV 94112 "Dark Souls: Legends of the Flame" 2016 Titan Comics 2 issues — far (gap 2), found by 'Dark Souls: Legends of the Flame' (via CV candidate name "Dark Souls: Legends of the Flame"); invisible before TODO 30
S4944	g	provider-missing: CV 149819 "Dark Souls: The Complete Collection" 2021 Titan Comics 1 issues — far (gap 3), found by 'Dark Souls: The Complete Collection' (via CV candidate name "Dark Souls: The Complete Collection"); invisible before TODO 30
S4966	g	provider-missing: CV 76006 "Darklight and Crew" 2014 Advent Comics 2 issues — near (gap 0), found by 'Darklight and Crew' (via CV candidate name "Darklight and Crew"); invisible before TODO 30
S4988	g	provider-missing: CV 117052 "Daughters of the Dragon: Deep Cuts" 2019 Marvel 1 issues — near (gap 1), found by 'Daughters of the Dragon: Deep Cuts' (own spelling); invisible before TODO 30
S4988	g	provider-missing: CV 18498 "Daughters of the Dragon" 2006 Marvel 6 issues — far (gap 12), found by 'Daughters of the Dragon' (own spelling); invisible before TODO 30
S4995	g	provider-missing: CV 150153 "Dawn of DC Knight Terrors FCBD Special Edition: 2023" 2023 DC Comics 1 issues — near (gap 0), found by 'Dawn of DC Knight Terrors FCBD Special Edition: 2023' (via CV candidate name "Dawn of DC Knight Terrors FCBD Special Edition: 2023"); invisible before TODO 30
S4995	g	provider-missing: CV 150155 "Dawn of DC We Are Legends Special Edition" 2023 DC Comics 1 issues — near (gap 0), found by 'Dawn of DC We Are Legends Special Edition' (via CV candidate name "Dawn of DC We Are Legends Special Edition"); invisible before TODO 30
S5014	g	provider-missing: CV 111077 "30 days of night" 2003 Infinity Verlag 1 issues — near (gap 1), found by '30 Days of Night' (via CV candidate name "30 Days of Night"); invisible before TODO 30
S5014	g	provider-missing: CV 11266 "30 Days of Night" 2002 IDW Publishing 3 issues — far (gap 2), found by '30 Days of Night' (via CV candidate name "30 Days of Night"); invisible before TODO 30
S5014	g	provider-missing: CV 21782 "30 Days of Night" 2002 IDW Publishing 2 issues — far (gap 2), found by '30 Days of Night' (via CV candidate name "30 Days of Night"); invisible before TODO 30
S5014	g	provider-missing: CV 43387 "30 Days of Night" 2011 IDW Publishing 12 issues — far (gap 7), found by '30 Days of Night' (via CV candidate name "30 Days of Night"); invisible before TODO 30
S5014	g	provider-missing: CV 47651 "30 Days of Night" 2012 IDW Publishing 3 issues — far (gap 8), found by '30 Days of Night' (via CV candidate name "30 Days of Night"); invisible before TODO 30
S5014	g	provider-missing: CV 107071 "30 Days of Night" 2017 IDW Publishing 6 issues — far (gap 13), found by '30 Days of Night' (via CV candidate name "30 Days of Night"); invisible before TODO 30
S5057	g	provider-missing: CV 125697 "Zombie Tramp: A Dead Girl in Europe" 2020 Action Lab 1 issues — near (gap 1), found by 'Zombie Tramp: A Dead Girl in Europe' (via CV candidate name "Zombie Tramp: A Dead Girl in Europe"); invisible before TODO 30
S5059	g	provider-missing: CV 109954 "Dead of Winter: Good Good Dog" 2018 Oni Press 1 issues — near (gap 1), found by 'Dead of Winter: Good Good Dog' (own spelling); invisible before TODO 30
S5102	g	provider-missing: CV 70897 "Deadpool: The Gauntlet" 2014 Marvel 1 issues — near (gap 0), found by 'Deadpool: The Gauntlet' (own spelling); invisible before TODO 30
S5126	g	provider-missing: CV 50940 "Deadpool Kills the Marvel Universe" 2012 Marvel 4 issues — far (gap 12), found by 'Deadpool Kills the Marvel Universe' (via CV candidate name "Deadpool Kills the Marvel Universe"); invisible before TODO 30
S5126	g	provider-missing: CV 65413 "Deadpool Kills the Marvel Universe" 2012 Marvel 1 issues — far (gap 12), found by 'Deadpool Kills the Marvel Universe' (via CV candidate name "Deadpool Kills the Marvel Universe"); invisible before TODO 30
S5149	g	S cv=-: CV 71515 "Deadpool by Posehn And Duggan" 2014 Marvel 4 issues — far (gap 12), found by 'Deadpool by Posehn And Duggan' (via CV candidate name "Deadpool by Posehn And Duggan"); invisible before TODO 30
S5157	g	provider-missing: CV 158749 "Deadpool vs. Wolverine: The Deep End Infinity Comic" 2024 Marvel 5 issues — near (gap 0), found by 'Deadpool vs. Wolverine: The Deep End Infinity Comic' (via CV candidate name "Deadpool vs. Wolverine: The Deep End Infinity Comic"); invisible before TODO 30
S5171	g	provider-missing: CV 124679 "Deadpool: The End" 2020 Marvel 1 issues — near (gap 0), found by 'Deadpool: The End' (via GCD name "Deadpool: The End"); invisible before TODO 30
S5171	g	provider-missing: CV 126701 "Carnage-ized: The Variant Covers" 2020 Marvel 1 issues — near (gap 0), found by 'Carnage-ized: The Variant Covers' (via CV candidate name "Carnage-ized: The Variant Covers"); invisible before TODO 30
S5171	g	provider-missing: CV 126702 "Venomized: The Variant Covers" 2020 Marvel 1 issues — near (gap 0), found by 'Venomized: The Variant Covers' (via CV candidate name "Venomized: The Variant Covers"); invisible before TODO 30
S5231	g	provider-missing: CV 135956 "Slow Death Zero: The Comix Anthology of Ecological Horror" 2021 Last Gasp 1 issues — near (gap 1), found by 'Slow Death Zero: The Comix Anthology of Ecological Horror' (via CV candidate name "Slow Death Zero: The Comix Anthology of Ecological Horror"); invisible before TODO 30
S5231	g	provider-missing: CV 72050 "In the Dark: A Horror Anthology" 2014 IDW Publishing 1 issues — far (gap 6), found by 'In the Dark: A Horror Anthology' (via CV candidate name "In the Dark: A Horror Anthology"); invisible before TODO 30
S5272	g	S cv=-: CV 81226 "Deathstroke the Terminator" 2015 DC Comics 5 issues — far (gap 24), found by 'Deathstroke the Terminator' (own spelling); invisible before TODO 30
S5316	g	provider-missing: CV 44693 "Defenders: The Coming of the Defenders" 2011 Marvel 1 issues — far (gap 9), found by 'Defenders: The Coming of the Defenders' (via CV candidate name "Defenders: The Coming of the Defenders"); invisible before TODO 30
S5321	g	provider-missing: CV 48601 "Superman: The Secrets of The Fortress of Solitude" 2012 DC Comics 1 issues — far (gap 9), found by 'Superman: The Secrets of The Fortress of Solitude' (via CV candidate name "Superman: The Secrets of The Fortress of Solitude"); invisible before TODO 30
S5336	g	provider-missing: CV 75941 "Female Force: Women of Europe" 2014 TidalWave Productions 1 issues — far (gap 6), found by 'Female Force: Women of Europe' (via CV candidate name "Female Force: Women of Europe"); invisible before TODO 30
S5342	g	S cv=-: CV 75672 "Chateau of Delights" 1990 Jabberwocky Graphix 1 issues — far (gap 26), found by 'Chateau of Delights' (via CV candidate name "Chateau of Delights"); invisible before TODO 30
S5371	g	provider-missing: CV 105349 "Rashomon: A Commissioner Heigo Kobayashi Case" 2017 Dark Horse Comics 1 issues — far (gap 30), found by 'Rashomon: A Commissioner Heigo Kobayashi Case' (via CV candidate name "Rashomon: A Commissioner Heigo Kobayashi Case"); invisible before TODO 30
S5376	g	provider-missing: CV 145140 "Dennis the Menace" 1984 Americom 1 issues — far (gap 12), found by 'Dennis The Menace' (own spelling); invisible before TODO 30
S5376	g	provider-missing: CV 33496 "Dennis the Menace" 1981 Marvel 13 issues — far (gap 15), found by 'Dennis The Menace' (own spelling); invisible before TODO 30
S5376	g	provider-missing: CV 38835 "Dennis the Menace" 1955 D.C. Thomson & Co. 37 issues — far (gap 41), found by 'Dennis The Menace' (own spelling); invisible before TODO 30
S5376	g	provider-missing: CV 22909 "Dennis the Menace" 1953 Fawcett Publications 166 issues — far (gap 43), found by 'Dennis The Menace' (own spelling); invisible before TODO 30
S5376	g	provider-missing: CV 60748 "Dennis the Menace" 1952 Henry Holt and Co. 1 issues — far (gap 44), found by 'Dennis The Menace' (own spelling); invisible before TODO 30
S5404	g	provider-missing: CV 31252 "House of Mystery: The Space Between" 2010 DC Comics 1 issues — far (gap 7), found by 'House of Mystery: The Space Between' (via CV candidate name "House of Mystery: The Space Between"); invisible before TODO 30
S5415	g	S cv=-+provider-missing: CV 38398 "Dick Tracy Detective "The Case of the Brow"" 1946 ? 1 issues — far (gap 78), found by 'Dick Tracy Detective "The Case of the Brow"' (via CV candidate name "Dick Tracy Detective "The Case of the Brow""); invisible before TODO 30
S5422	g	provider-missing: CV 139048 "Moon Girl and Devil Dinosaur Infinity Comic Primer" 2021 Marvel 1 issues — far (gap 2), found by 'Moon Girl and Devil Dinosaur Infinity Comic Primer' (via CV candidate name "Moon Girl and Devil Dinosaur Infinity Comic Primer"); invisible before TODO 30
S5477	g	S cv=-+provider-missing: CV 132174 "Disciples A.D." 2020 Disciples CB L.L.C. 1 issues — far (gap 2), found by 'Disciples A.D.' (via CV candidate name "Disciples A.D."); invisible before TODO 30
S5489	g	provider-missing: CV 137358 "Disney Big Hero 6: The Series Cinestory Comic" 2018 Joe Books 1 issues — near (gap 1), found by 'Disney Big Hero 6: The Series Cinestory Comic' (via CV candidate name "Disney Big Hero 6: The Series Cinestory Comic"); invisible before TODO 30
S5537	g	S cv=-+provider-missing: CV 126263 "Disney Wish: The Graphic Novel" 2024 Random House 1 issues — near (gap 1), found by 'Disney Wish: The Graphic Novel' (via CV candidate name "Disney Wish: The Graphic Novel"); invisible before TODO 30
S5537	g	S cv=-+provider-missing: CV 149358 "Disney Encanto: The Graphic Novel " 2022 Random House 1 issues — near (gap 1), found by 'Disney Encanto: The Graphic Novel ' (via CV candidate name "Disney Encanto: The Graphic Novel "); invisible before TODO 30
S5607	g	S cv=-: CV 2091 "Doctor Solar, Man of the Atom" 1962 Western Publishing 31 issues — near (gap 0), found by 'Doctor Solar - Man of the Atom' (own spelling); invisible before TODO 30
S5607	g	S cv=-: CV 34401 "Doctor Solar, Man of the Atom" 2010 Dark Horse Comics 8 issues — far (gap 48), found by 'Doctor Solar - Man of the Atom' (own spelling); invisible before TODO 30
S5607	g	S cv=-: CV 48999 "Doctor Solar, Man Of The Atom" 2011 Dark Horse Comics 2 issues — far (gap 49), found by 'Doctor Solar - Man of the Atom' (own spelling); invisible before TODO 30
S5635	g	provider-missing: CV 38785 "Doctor Strange: From the Marvel Vault" 2011 Marvel 1 issues — far (gap 16), found by 'Doctor Strange: From the Marvel Vault' (via GCD name "Doctor Strange: From the Marvel Vault"); invisible before TODO 30
S5636	g	provider-missing: CV 143368 "Doctor Strange: The Way of the Weird Infinity Comic" 2022 Marvel 7 issues — near (gap 0), found by 'Doctor Strange: The Way of the Weird Infinity Comic' (via CV name "Doctor Strange: The Way of the Weird Infinity Comic"); invisible before TODO 30
S5636	g	provider-missing: CV 89927 "Doctor Strange: Last Days of Magic" 2016 Marvel 1 issues — far (gap 6), found by 'Doctor Strange: Last Days of Magic' (via CV candidate name "Doctor Strange: Last Days of Magic"); invisible before TODO 30
S5636	g	provider-missing: CV 94623 "Doctor Strange: The Last Days of Magic" 2016 Marvel 1 issues — far (gap 6), found by 'Doctor Strange: The Last Days of Magic' (via CV candidate name "Doctor Strange: The Last Days of Magic"); invisible before TODO 30
S5656	g	provider-missing: CV 88922 "Doctor Who: The Tenth Doctor Archives" 2016 Titan Comics 3 issues — near (gap 1), found by 'Doctor Who: The Tenth Doctor Archives' (own spelling); invisible before TODO 30
S5663	g	provider-missing: CV 98734 "Doctor Who: Supremacy of the Cybermen" 2017 Titan Comics 1 issues — near (gap 1), found by 'Doctor Who: Supremacy of the Cybermen' (own spelling); invisible before TODO 30
S5670	g	provider-missing: CV 89588 "Doctor Who: The Ninth Doctor Ongoing" 2016 Titan Comics 15 issues — near (gap 1), found by 'Doctor Who: The Ninth Doctor Ongoing' (via CV candidate name "Doctor Who: The Ninth Doctor Ongoing"); invisible before TODO 30
S5670	g	provider-missing: CV 104049 "Doctor Who: The Ninth Doctor Special" 2017 Titan Comics 1 issues — far (gap 2), found by 'Doctor Who: The Ninth Doctor Special' (via CV candidate name "Doctor Who: The Ninth Doctor Special"); invisible before TODO 30
S5723	g	S cv=-+provider-missing: CV 114242 "Don't Let the Penguin Drive the Batmobile!" 2018 DC Comics 1 issues — far (gap 6), found by 'Don't Let the Penguin Drive the Batmobile!' (via CV candidate name "Don't Let the Penguin Drive the Batmobile!"); invisible before TODO 30
S5745	g	S cv=-+provider-missing: CV 59267 "Athena Voltaire: The Collected Webcomics" 2006 Ape Entertainment 1 issues — near (gap 1), found by 'Athena Voltaire: The Collected Webcomics' (via CV candidate name "Athena Voltaire: The Collected Webcomics"); invisible before TODO 30
S5745	g	S cv=-+provider-missing: CV 64290 "The Stuff of Legend Volume I: The Dark" 2009 Th3rd World Studios 2 issues — far (gap 2), found by 'The Stuff of Legend Volume I: The Dark' (via CV candidate name "The Stuff of Legend Volume I: The Dark"); invisible before TODO 30
S5834	g	provider-missing: CV 132665 "Marriage on the Edge" 2020 Harlequin Comics 1 issues — far (gap 2), found by 'Marriage on the Edge' (via CV candidate name "Marriage on the Edge"); invisible before TODO 30
S5834	g	provider-missing: CV 85557 "Birds & Squirrel On the Edge!" 2015 Scholastic Book Services 1 issues — far (gap 7), found by 'Birds & Squirrel On the Edge!' (via CV candidate name "Birds & Squirrel On the Edge!"); invisible before TODO 30
S5845	g	provider-missing: CV 119139 "Dream Daddy: A Dad Dating Comic Book" 2019 Oni Press 1 issues — near (gap 1), found by 'Dream Daddy: A Dad Dating Comic Book' (via CV candidate name "Dream Daddy: A Dad Dating Comic Book"); invisible before TODO 30
S5855	g	provider-missing: CV 95726 "DreamWorks Dragons: Defenders of Berk Collection: Fire & Ice" 2016 Titan Comics 1 issues — near (gap 0), found by 'DreamWorks Dragons: Defenders of Berk Collection: Fire & Ice' (via CV candidate name "DreamWorks Dragons: Defenders of Berk Collection: Fire & Ice"); invisible before TODO 30
S5856	g	provider-missing: CV 85284 "DreamWorks Dragons: Riders of Berk: The Collectors Edition" 2015 Titan Comics 1 issues — near (gap 1), found by 'DreamWorks Dragons: Riders of Berk: The Collectors Edition' (via CV candidate name "DreamWorks Dragons: Riders of Berk: The Collectors Edition"); invisible before TODO 30
S5856	g	provider-missing: CV 89294 "DreamWorks Dragons: Riders of Berk: The Enemies Within..." 2016 Titan Comics 1 issues — far (gap 2), found by 'DreamWorks Dragons - Riders of Berk - The Enemies Within...' (own spelling); invisible before TODO 30
S5859	g	S cv=-+provider-missing: CV 52728 "Flock of Dreamers" 1997 Kitchen Sink 1 issues — far (gap 27), found by 'Flock of Dreamers' (via CV candidate name "Flock of Dreamers"); invisible before TODO 30
S5939	g	S cv=-: CV 60560 "Dungeons & Dragons: The Legend of Drizzt: Neverwinter Tales" 2013 IDW Publishing 1 issues — far (gap 2), found by 'Dungeons & Dragons: The Legend of Drizzt: Neverwinter Tales' (via CV candidate name "Dungeons & Dragons: The Legend of Drizzt: Neverwinter Tales"); invisible before TODO 30
S5939	g	S cv=-: CV 42318 "Dungeons & Dragons: The Legend of Drizzt: Neverwinter Tales" 2011 IDW Publishing 5 issues — far (gap 4), found by 'Dungeons & Dragons: The Legend of Drizzt: Neverwinter Tales' (via CV candidate name "Dungeons & Dragons: The Legend of Drizzt: Neverwinter Tales"); invisible before TODO 30
S5953	g	provider-missing: CV 70280 "Ten Cats: Annie and the Cats" 2013 Andrews McMeel Publishing 1 issues — far (gap 10), found by 'Ten Cats: Annie and the Cats' (via CV candidate name "Ten Cats: Annie and the Cats"); invisible before TODO 30
S5954	g	S cv=-+provider-missing: CV 119158 "RuinWorld: Eye For An Eye" 2019 Boom! Studios 1 issues — near (gap 1), found by 'RuinWorld: Eye For An Eye' (via CV candidate name "RuinWorld: Eye For An Eye"); invisible before TODO 30
S5955	g	S cv=-+provider-missing: CV 116609 "The Art of Dying" 2019 Europe Comics 1 issues — far (gap 4), found by 'The Art of Dying' (via CV candidate name "The Art of Dying"); invisible before TODO 30
S5955	g	S cv=-+provider-missing: CV 94645 "Low: Shore of the Dying Light" 2016 Image 1 issues — far (gap 7), found by 'Low: Shore of the Dying Light' (via CV candidate name "Low: Shore of the Dying Light"); invisible before TODO 30
S5955	g	S cv=-+provider-missing: CV 81555 "Soulfire: Dying of the Light" 2015 Aspen MLT 1 issues — far (gap 8), found by 'Soulfire: Dying of the Light' (via CV candidate name "Soulfire: Dying of the Light"); invisible before TODO 30
S5955	g	S cv=-+provider-missing: CV 18387 "Soulfire: Dying of the Light" 2006 Aspen MLT 6 issues — far (gap 17), found by 'Soulfire: Dying of the Light' (via CV candidate name "Soulfire: Dying of the Light"); invisible before TODO 30
S5977	g	provider-missing: CV 102087 "The Frigates of EVE Online" 2017 Dark Horse Comics 1 issues — far (gap 4), found by 'The Frigates of EVE Online' (via CV candidate name "The Frigates of EVE Online"); invisible before TODO 30
S5977	g	provider-missing: CV 5829 "A Decade of Dark Horse" 1996 Dark Horse Comics 4 issues — far (gap 25), found by 'A Decade of Dark Horse' (via CV candidate name "A Decade of Dark Horse"); invisible before TODO 30
S5989	g	provider-missing: CV 145235 "Van Helsing: Flesh of My Blood" 2022 Zenescope Entertainment 1 issues — near (gap 0), found by 'Van Helsing: Flesh of My Blood' (via CV candidate name "Van Helsing: Flesh of My Blood"); invisible before TODO 30
S6021	g	provider-missing: CV 146842 "Edgar Rice Burroughs' Tarzan of the Apes" 2022 Dark Horse Comics 1 issues — far (gap 7), found by 'Edgar Rice Burroughs' Tarzan of the Apes' (via CV candidate name "Edgar Rice Burroughs' Tarzan of the Apes"); invisible before TODO 30
S6021	g	provider-missing: CV 46632 "Edgar Rice Burroughs' Tarzan Of The Apes" 1999 Dark Horse Comics 1 issues — far (gap 16), found by 'Edgar Rice Burroughs' Tarzan of the Apes' (via CV candidate name "Edgar Rice Burroughs' Tarzan of the Apes"); invisible before TODO 30
S6021	g	provider-missing: CV 45123 "Edgar Rice Burroughs Tarzan of the Apes" 1971 Thorpe & Porter 116 issues — far (gap 44), found by 'Edgar Rice Burroughs' Tarzan of the Apes' (via CV candidate name "Edgar Rice Burroughs' Tarzan of the Apes"); invisible before TODO 30
S6021	g	provider-missing: CV 64361 "Edgar Rice Burroughs Tarzan of the Apes" 1970 Thorpe & Porter 6 issues — far (gap 45), found by 'Edgar Rice Burroughs' Tarzan of the Apes' (via CV candidate name "Edgar Rice Burroughs' Tarzan of the Apes"); invisible before TODO 30
S6021	g	provider-missing: CV 1343 "Edgar Rice Burroughs' Tarzan of the Apes" 1963 Western Publishing 69 issues — far (gap 52), found by 'Edgar Rice Burroughs' Tarzan of the Apes' (via CV candidate name "Edgar Rice Burroughs' Tarzan of the Apes"); invisible before TODO 30
S6032	g	provider-missing: CV 166828 "Edge of Venomverse" 2025 Marvel 1 issues — far (gap 2), found by 'Edge of Venomverse' (via CV candidate name "Edge of Venomverse"); invisible before TODO 30
S6032	g	provider-missing: CV 102455 "Edge of Venomverse" 2017 Marvel 5 issues — far (gap 6), found by 'Edge of Venomverse' (via CV candidate name "Edge of Venomverse"); invisible before TODO 30
S6032	g	provider-missing: CV 105962 "Edge of Venomverse" 2017 Marvel 1 issues — far (gap 6), found by 'Edge of Venomverse' (via CV candidate name "Edge of Venomverse"); invisible before TODO 30
S6047	g	provider-missing: CV 138539 "The Best of Archie Comics: Eighty Years, Eighty Stories" 2021 Archie Comics 1 issues — near (gap 0), found by 'The Best of Archie Comics: Eighty Years, Eighty Stories' (via CV candidate name "The Best of Archie Comics: Eighty Years, Eighty Stories"); invisible before TODO 30
S6047	g	provider-missing: CV 75855 "Around the World in Eighty Days" 1984 Academic Industries, Inc 1 issues — far (gap 37), found by 'Around the World in Eighty Days' (via CV candidate name "Around the World in Eighty Days"); invisible before TODO 30
S6050	g	S cv=-+provider-missing: CV 5829 "A Decade of Dark Horse" 1996 Dark Horse Comics 4 issues — far, found by 'A Decade of Dark Horse' (via CV candidate name "A Decade of Dark Horse"); invisible before TODO 30
S6083	g	provider-missing: CV 128431 "Elephantmen: Theo Laroux Meets the Elephantmen" 2020 Comicraft 5 issues — far (gap 14), found by 'Elephantmen: Theo Laroux Meets the Elephantmen' (via CV candidate name "Elephantmen: Theo Laroux Meets the Elephantmen"); invisible before TODO 30
S6085	g	provider-missing: CV 111307 "Elephantmen 2261: The Death of Shorty" 2018 Comicraft 5 issues — near (gap 0), found by 'Elephantmen 2261: The Death of Shorty' (via CV candidate name "Elephantmen 2261: The Death of Shorty"); invisible before TODO 30
S6085	g	provider-missing: CV 118677 "Elephantmen 2261: The Death of Shorty" 2019 Comicraft 1 issues — near (gap 1), found by 'Elephantmen 2261: The Death of Shorty' (via CV candidate name "Elephantmen 2261: The Death of Shorty"); invisible before TODO 30
S6086	g	provider-missing: CV 118677 "Elephantmen 2261: The Death of Shorty" 2019 Comicraft 1 issues — near (gap 1), found by 'Elephantmen 2261: The Death of Shorty' (via CV candidate name "Elephantmen 2261: The Death of Shorty"); invisible before TODO 30
S6086	g	provider-missing: CV 111307 "Elephantmen 2261: The Death of Shorty" 2018 Comicraft 5 issues — far (gap 2), found by 'Elephantmen 2261: The Death of Shorty' (via CV candidate name "Elephantmen 2261: The Death of Shorty"); invisible before TODO 30
S6088	g	provider-missing: CV 118677 "Elephantmen 2261: The Death of Shorty" 2019 Comicraft 1 issues — near (gap 1), found by 'Elephantmen 2261: The Death of Shorty' (own spelling); invisible before TODO 30
S6124	g	provider-missing: CV 123854 "The Mighty Elvis: A Graphic Biography" 2020 IDW Publishing 1 issues — far (gap 4), found by 'The Mighty Elvis: A Graphic Biography' (via CV candidate name "The Mighty Elvis: A Graphic Biography"); invisible before TODO 30
S6133	g	provider-missing: CV 30547 "Art of Emily the Strange" 2009 Dark Horse Comics 1 issues — near (gap 0), found by 'The Art of Emily the Strange' (own spelling); invisible before TODO 30
S6133	g	provider-missing: CV 19083 "Emily the Strange" 2007 Dark Horse Comics 4 issues — far (gap 2), found by 'Emily the Strange' (via CV name "Emily the Strange"); invisible before TODO 30
S6133	g	provider-missing: CV 73052 "Emily the Strange" 2006 Dark Horse Comics 2 issues — far (gap 3), found by 'Emily the Strange' (via CV name "Emily the Strange"); invisible before TODO 30
S6133	g	provider-missing: CV 23170 "Emily the Strange" 2005 Dark Horse Comics 4 issues — far (gap 4), found by 'Emily the Strange' (via CV name "Emily the Strange"); invisible before TODO 30
S6133	g	provider-missing: CV 56395 "Emily and the Strangers" 2013 Dark Horse Comics 6 issues — far (gap 4), found by 'Emily and the Strangers' (via GCD name "Emily and the Strangers"); invisible before TODO 30
S6169	g	provider-missing: CV 57366 "The Art of Boom! Studios" 2010 Boom! Studios 1 issues — far (gap 10), found by 'The Art of Boom! Studios' (via CV candidate name "The Art of Boom! Studios"); invisible before TODO 30
S6197	g	S cv=-+provider-missing: CV 135915 "Crude: A Memoir" 2021 Penn State University Press 1 issues — far (gap 2), found by 'Crude: A Memoir' (via CV candidate name "Crude: A Memoir"); invisible before TODO 30
S6197	g	S cv=-+provider-missing: CV 35112 "Marzi: A Memoir" 2011 DC Comics 1 issues — far (gap 12), found by 'Marzi: A Memoir' (via CV candidate name "Marzi: A Memoir"); invisible before TODO 30
S6197	g	S cv=-+provider-missing: CV 39674 "Stitches: A Memoir" ? W. W. Norton & Company 1 issues — far, found by 'Stitches: A Memoir' (via CV candidate name "Stitches: A Memoir"); invisible before TODO 30
S6208	g	provider-missing: CV 29769 "Darwin: A Graphic Biography" 2009 Unknown Publisher 1 issues — far, found by 'Darwin: A Graphic Biography' (via CV candidate name "Darwin: A Graphic Biography"); invisible before TODO 30
S6208	g	provider-missing: CV 105278 "Che: A Graphic Biography" 2008 Verso 1 issues — far, found by 'Che: A Graphic Biography' (via CV candidate name "Che: A Graphic Biography"); invisible before TODO 30
S6208	g	provider-missing: CV 127417 "Churchill: A Graphic Biography" 2020 Dead Reckoning 1 issues — far, found by 'Churchill: A Graphic Biography' (via CV candidate name "Churchill: A Graphic Biography"); invisible before TODO 30
S6233	g	provider-missing: CV 153227 "Marvel Platinum: The Definitive Eternals" 2021 Marvel UK/Panini UK 1 issues — near (gap 0), found by 'Marvel Platinum: The Definitive Eternals' (via CV candidate name "Marvel Platinum: The Definitive Eternals"); invisible before TODO 30
S6233	g	provider-missing: CV 123710 "The Eternals: Secrets From The Marvel Universe" 2019 Marvel 1 issues — far (gap 2), found by 'The Eternals: Secrets From The Marvel Universe' (via CV candidate name "The Eternals: Secrets From The Marvel Universe"); invisible before TODO 30
S6234	g	S cv=-: CV 153227 "Marvel Platinum: The Definitive Eternals" 2021 Marvel UK/Panini UK 1 issues — near (gap 0), found by 'Marvel Platinum: The Definitive Eternals' (via CV candidate name "Marvel Platinum: The Definitive Eternals"); invisible before TODO 30
S6234	g	S cv=-: CV 141918 "Eternals: The Heretic " 2022 Marvel 1 issues — near (gap 1), found by 'Eternals - The Heretic' (own spelling); invisible before TODO 30
S6235	g	S cv=-+provider-missing: CV 33020 "Neil Gaiman and Charles Vess' Stardust" 1998 DC Comics 1 issues — far (gap 10), found by 'Neil Gaiman and Charles Vess' Stardust' (via CV candidate name "Neil Gaiman and Charles Vess' Stardust"); invisible before TODO 30
S6235	g	S cv=-+provider-missing: CV 5970 "Neil Gaiman and Charles Vess' Stardust" 1997 DC Comics 4 issues — far (gap 11), found by 'Neil Gaiman and Charles Vess' Stardust' (via CV candidate name "Neil Gaiman and Charles Vess' Stardust"); invisible before TODO 30
S6235	g	S cv=-+provider-missing: CV 37784 "Neil Gaiman: Guest of Honor (Ashcan)" 1993 Unknown Publisher 1 issues — far (gap 15), found by 'Neil Gaiman: Guest of Honor (Ashcan)' (via CV candidate name "Neil Gaiman: Guest of Honor (Ashcan)"); invisible before TODO 30
S6239	g	provider-missing: CV 123710 "The Eternals: Secrets From The Marvel Universe" 2019 Marvel 1 issues — far (gap 2), found by 'Eternals: Secrets from the Marvel Universe' (via GCD name "Eternals: Secrets from the Marvel Universe"); invisible before TODO 30
S6259	g	provider-missing: CV 57951 "Terry and the Pirates: Raven-Evermore?"" 1983 Pacific Comics Club 1 issues — far (gap 38), found by 'Terry and the Pirates: Raven-Evermore?"' (via CV candidate name "Terry and the Pirates: Raven-Evermore?""); invisible before TODO 30
S6260	g	provider-missing: CV 115623 "Bangalore: A Graphic Novel: Every City Is A Story" 2018 Syenagiri 1 issues — far (gap 12), found by 'Bangalore: A Graphic Novel: Every City Is A Story' (via CV candidate name "Bangalore: A Graphic Novel: Every City Is A Story"); invisible before TODO 30
S6271	g	provider-missing: CV 65963 "Fame: The Cast of Glee" 2013 TidalWave Productions 1 issues — far (gap 10), found by 'Fame: The Cast of Glee' (via CV candidate name "Fame: The Cast of Glee"); invisible before TODO 30
S6271	g	provider-missing: CV 56240 "Fame: The Cast of Glee" 2011 TidalWave Productions 2 issues — far (gap 12), found by 'Fame: The Cast of Glee' (via CV candidate name "Fame: The Cast of Glee"); invisible before TODO 30
S6272	g	S cv=-: CV 19348 "Dark Horse Book of the Dead" 2005 Dark Horse Comics 1 issues — far (gap 3), found by 'Dark Horse Book of the Dead' (via CV candidate name "Dark Horse Book of the Dead"); invisible before TODO 30
S6277	g	S cv=-+provider-missing: CV 139153 "Evil Thing: A Villains Graphic Novel" 2021 Disney-Hyperion 1 issues — far (gap 10), found by 'Evil Thing: A Villains Graphic Novel' (via CV candidate name "Evil Thing: A Villains Graphic Novel"); invisible before TODO 30
S6280	g	provider-missing: CV 124141 "Charles Darwin and the Theory of Evolution" 2020 Lerner Publishing Group 1 issues — far (gap 2), found by 'Charles Darwin and the Theory of Evolution' (via CV candidate name "Charles Darwin and the Theory of Evolution"); invisible before TODO 30
S6289	g	S cv=-+provider-missing: CV 38072 "Excalibur: Forging the Sword" 2004 Marvel 1 issues — far (gap 16), found by 'Excalibur: Forging the Sword' (via CV candidate name "Excalibur: Forging the Sword"); invisible before TODO 30
S6289	g	S cv=-+provider-missing: CV 99861 "Excalibur Epic Collection: The Sword Is Drawn" 2017 Marvel 1 issues — far (gap 29), found by 'Excalibur Epic Collection: The Sword Is Drawn' (via CV candidate name "Excalibur Epic Collection: The Sword Is Drawn"); invisible before TODO 30
S6310	g	provider-missing: CV 5829 "A Decade of Dark Horse" 1996 Dark Horse Comics 4 issues — far (gap 16), found by 'A Decade of Dark Horse' (via CV candidate name "A Decade of Dark Horse"); invisible before TODO 30
S6323	g	provider-missing: CV 34509 "Sales To Astonish: The Comic Book, Summer 1992" 1992 Marvel 1 issues — near (gap 0), found by 'Sales To Astonish: The Comic Book, Summer 1992' (via CV candidate name "Sales To Astonish: The Comic Book, Summer 1992"); invisible before TODO 30
S6328	g	provider-missing: CV 147041 "Calvin and Hobbes" 1988 Sphere 1 issues — far (gap 27), found by 'Calvin and Hobbes' (via CV candidate name "Calvin and Hobbes"); invisible before TODO 30
S6328	g	provider-missing: CV 21805 "Calvin and Hobbes" 1987 Andrews McMeel Publishing 1 issues — far (gap 28), found by 'Calvin and Hobbes' (via CV candidate name "Calvin and Hobbes"); invisible before TODO 30
S6330	g	provider-missing: CV 82725 "Exquisite Corpse Bakes a Pie" 1994 Starhead Comix 1 issues — far (gap 21), found by 'Exquisite Corpse Bakes a Pie' (via CV candidate name "Exquisite Corpse Bakes a Pie"); invisible before TODO 30
S6348	g	S cv=-+provider-missing: CV 79983 "Nickelodeon Avatar: The Last Airbender - The Rift - Library Edition" 2015 Dark Horse Comics 1 issues — far (gap 4), found by 'Nickelodeon Avatar: The Last Airbender - The Rift - Library Edition' (via CV candidate name "Nickelodeon Avatar: The Last Airbender - The Rift - Library Edition"); invisible before TODO 30
S6348	g	S cv=-+provider-missing: CV 121713 "Nickelodeon Avatar: The Last Airbender - Team Avatar Tales" 2019 Dark Horse Comics 1 issues — far (gap 8), found by 'Nickelodeon Avatar: The Last Airbender - Team Avatar Tales' (via CV candidate name "Nickelodeon Avatar: The Last Airbender - Team Avatar Tales"); invisible before TODO 30
S6348	g	S cv=-+provider-missing: CV 137937 "Nickelodeon Avatar: The Last Airbender -- Suki, Alone" 2021 Dark Horse Comics 1 issues — far (gap 10), found by 'Nickelodeon Avatar: The Last Airbender -- Suki, Alone' (via CV candidate name "Nickelodeon Avatar: The Last Airbender -- Suki, Alone"); invisible before TODO 30
S6349	g	S cv=-+provider-missing: CV 116035 "Nickelodeon Avatar: The Last Airbender - Imbalance" 2018 Dark Horse Comics 3 issues — far (gap 5), found by 'Nickelodeon Avatar: The Last Airbender - Imbalance' (via CV candidate name "Nickelodeon Avatar: The Last Airbender - Imbalance"); invisible before TODO 30
S6349	g	S cv=-+provider-missing: CV 19410 "Avatar: The Last Airbender" 2006 Tokyopop 8 issues — far (gap 7), found by 'Avatar: The Last Airbender' (via CV candidate name "Avatar: The Last Airbender"); invisible before TODO 30
S6350	g	provider-missing: CV 19410 "Avatar: The Last Airbender" 2006 Tokyopop 8 issues — far (gap 9), found by 'Avatar: The Last Airbender' (via CV candidate name "Avatar: The Last Airbender"); invisible before TODO 30
S6387	g	S cv=-+provider-missing: CV 149117 "Fae and the Moon" 2023 Yellow Jacket 1 issues — far (gap 5), found by 'Fae and the Moon' (via CV candidate name "Fae and the Moon"); invisible before TODO 30
S6443	g	provider-missing: CV 80612 "Mouse Guard: Legends of the Guard" 2015 Boom! Studios 4 issues — far (gap 6), found by 'Mouse Guard: Legends of the Guard' (via CV candidate name "Mouse Guard: Legends of the Guard"); invisible before TODO 30
S6443	g	provider-missing: CV 63091 "Mouse Guard: Legends of the Guard" 2013 Archaia 4 issues — far (gap 8), found by 'Mouse Guard: Legends of the Guard' (via CV candidate name "Mouse Guard: Legends of the Guard"); invisible before TODO 30
S6443	g	provider-missing: CV 33562 "Mouse Guard: Legends of the Guard" 2010 Archaia 4 issues — far (gap 11), found by 'Mouse Guard: Legends of the Guard' (via CV candidate name "Mouse Guard: Legends of the Guard"); invisible before TODO 30
S6443	g	provider-missing: CV 52715 "Mouse Guard: Legends of the Guard" 2010 Archaia 3 issues — far (gap 11), found by 'Mouse Guard: Legends of the Guard' (via CV candidate name "Mouse Guard: Legends of the Guard"); invisible before TODO 30
S6495	g	S cv=-: CV 111826 "Fantastic Four Epic Collection: The New Fantastic Four" 2018 Marvel 1 issues — far (gap 4), found by 'Fantastic Four Epic Collection: The New Fantastic Four' (via CV name "Fantastic Four Epic Collection: The New Fantastic Four"); invisible before TODO 30
S6495	g	S cv=-: CV 165130 "Ultimate Fantastic Four Epic Collection: The Fantastic" 2025 Marvel 1 issues — far (gap 11), found by 'Ultimate Fantastic Four Epic Collection: The Fantastic' (via CV candidate name "Ultimate Fantastic Four Epic Collection: The Fantastic"); invisible before TODO 30
S6531	g	provider-missing: CV 76675 "Fantastic Four: The Fall of the Fantastic Four" 2014 Marvel 1 issues — far (gap 13), found by 'Fantastic Four: The Fall of the Fantastic Four' (via CV candidate name "Fantastic Four: The Fall of the Fantastic Four"); invisible before TODO 30
S6533	g	provider-missing: CV 42995 "Fantastic Four: The World's Greatest Comics Magazine" 2011 Marvel 1 issues — far (gap 10), found by 'Fantastic Four: The World's Greatest Comics Magazine' (own spelling); invisible before TODO 30
S6533	g	provider-missing: CV 76910 "Fantastic Four Epic Collection: The World's Greatest Comic Magazine" 2014 Marvel 1 issues — far (gap 13), found by 'Fantastic Four Epic Collection: The World's Greatest Comic Magazine' (via CV candidate name "Fantastic Four Epic Collection: The World's Greatest Comic Magazine"); invisible before TODO 30
S6548	g	S cv=-+provider-missing: CV 80763 "Museum of Mistakes: The Fart Party Collection" 2015 Atomic Book Company 1 issues — far (gap 8), found by 'Museum of Mistakes: The Fart Party Collection' (via CV candidate name "Museum of Mistakes: The Fart Party Collection"); invisible before TODO 30
S6566	g	provider-missing: CV 114904 "Phantom of Fear City Omnibus" 2018 COMICMIX 1 issues — far (gap 6), found by 'Phantom of Fear City Omnibus' (via CV candidate name "Phantom of Fear City Omnibus"); invisible before TODO 30
S6603	g	provider-missing: CV 64403 "Felix the Cat" 1931 McLoughlin Bros. 1 issues — far (gap 7), found by 'Felix the Cat' (own spelling); invisible before TODO 30
S6603	g	provider-missing: CV 10720 "Felix the Cat" 1948 Dell 19 issues — far (gap 10), found by 'Felix the Cat' (own spelling); invisible before TODO 30
S6603	g	provider-missing: CV 10721 "Felix the Cat" 1951 Toby 42 issues — far (gap 13), found by 'Felix the Cat' (own spelling); invisible before TODO 30
S6603	g	provider-missing: CV 111895 "Felix the Cat " 1953 Paladin Press 7 issues — far (gap 15), found by 'Felix the Cat' (own spelling); invisible before TODO 30
S6603	g	provider-missing: CV 59161 "Felix the Cat" 1955 Elmsdale 1 issues — far (gap 17), found by 'Felix the Cat' (own spelling); invisible before TODO 30
S6603	g	provider-missing: CV 112260 "Felix the Cat  " 1955 Young's Merchandising 2 issues — far (gap 17), found by 'Felix the Cat' (own spelling); invisible before TODO 30
S6632	g	provider-missing: CV 57534 "HelmetGirls: The Art of Camilla d’Errico" 2013 Dark Horse Comics 1 issues — far (gap 4), found by 'HelmetGirls: The Art of Camilla d’Errico' (via CV candidate name "HelmetGirls: The Art of Camilla d’Errico"); invisible before TODO 30
S6632	g	provider-missing: CV 40154 "Femina & Fauna: The Art Of Camilla D'Errico" 2011 Dark Horse Comics 1 issues — far (gap 6), found by 'Femina & Fauna - The Art of Camilla d'Errico' (via the parsed key without the filing suffix "Femina & Fauna - The Art of Camilla d'Errico"); invisible before TODO 30
S6640	g	S cv=-: CV 93944 "Sonic Boom: The Big Boom" 2016 Archie Comics 1 issues — far (gap 6), found by 'Sonic Boom: The Big Boom' (via CV candidate name "Sonic Boom: The Big Boom"); invisible before TODO 30
S6683	g	provider-missing: CV 65196 "The Sky: The Art of Final Fantasy" 2013 Dark Horse Comics 1 issues — far (gap 5), found by 'The Sky: The Art of Final Fantasy' (via CV candidate name "The Sky: The Art of Final Fantasy"); invisible before TODO 30
S6693	g	provider-missing: CV 43400 "Disney Movies The Graphic Novels" 2010 Disney 25 issues — far (gap 13), found by 'Disney Movies The Graphic Novels' (via CV candidate name "Disney Movies The Graphic Novels"); invisible before TODO 30
S6709	g	provider-missing: CV 156365 "Atana and the Firebird" 2023 HarperCollins 1 issues — near (gap 0), found by 'Atana and the Firebird' (via CV candidate name "Atana and the Firebird"); invisible before TODO 30
S6710	g	S cv=-+provider-missing: CV 119642 "Firebrand: The Initiation of Natali Presano" 2019 Legendary Comics 1 issues — near (gap 0), found by 'Firebrand: The Initiation of Natali Presano' (via CV candidate name "Firebrand: The Initiation of Natali Presano"); invisible before TODO 30
S6712	g	S cv=-+provider-missing: CV 46273 "The Best of Drawn & Quarterly" 1993 Drawn & Quarterly 1 issues — far (gap 31), found by 'The Best of Drawn & Quarterly' (via CV candidate name "The Best of Drawn & Quarterly"); invisible before TODO 30
S6744	g	provider-missing: CV 48449 "Witch Doctor: Under the Knife" 2011 Image 1 issues — far (gap 9), found by 'Witch Doctor: Under the Knife' (via CV candidate name "Witch Doctor: Under the Knife"); invisible before TODO 30
S6752	g	S cv=-: CV 4319 "Fist of the North Star" 1989 Viz 8 issues — far (gap 6), found by 'Fist Of The North Star' (own spelling); invisible before TODO 30
S6752	g	S cv=-: CV 136896 "Fist of the North Star" 2021 Viz 18 issues — far (gap 38), found by 'Fist Of The North Star' (own spelling); invisible before TODO 30
S6850	g	S cv=-: CV 157333 "Follow Me Into the Darkness" 2022 Behemoth Comics 1 issues — near (gap 0), found by 'Follow Me Into the Darkness' (own spelling); invisible before TODO 30
S6850	g	S cv=-: CV 161058 "Blood Hunters: Once More Into the Darkness" 2024 Marvel 1 issues — far (gap 2), found by 'Blood Hunters: Once More Into the Darkness' (via CV candidate name "Blood Hunters: Once More Into the Darkness"); invisible before TODO 30
S6877	g	provider-missing: CV 57366 "The Art of Boom! Studios" 2010 Boom! Studios 1 issues — far (gap 8), found by 'The Art of Boom! Studios' (via CV candidate name "The Art of Boom! Studios"); invisible before TODO 30
S6883	g	provider-missing: CV 75941 "Female Force: Women of Europe" 2014 TidalWave Productions 1 issues — far (gap 6), found by 'Female Force: Women of Europe' (via CV candidate name "Female Force: Women of Europe"); invisible before TODO 30
S6887	g	S cv=-+provider-missing: CV 118246 "Fortune and Glory" 2019 DC Comics 1 issues — far (gap 5), found by 'Fortune and Glory' (via CV candidate name "Fortune and Glory"); invisible before TODO 30
S6887	g	S cv=-+provider-missing: CV 55722 "Fortune and Glory" 2000 Oni Press 1 issues — far (gap 24), found by 'Fortune and Glory' (via CV candidate name "Fortune and Glory"); invisible before TODO 30
S6887	g	S cv=-+provider-missing: CV 18068 "Fortune And Glory" 1999 Oni Press 3 issues — far (gap 25), found by 'Fortune and Glory' (via CV candidate name "Fortune and Glory"); invisible before TODO 30
S6893	g	provider-missing: CV 70604 "Snow and Kisses" 2013 Digital Manga Publishing 1 issues — far (gap 7), found by 'Snow and Kisses' (via CV candidate name "Snow and Kisses"); invisible before TODO 30
S6902	g	provider-missing: CV 114677 "Mother Is Coming: A FoxTrot Collection" 2018 Andrews McMeel Publishing 1 issues — far (gap 30), found by 'Mother Is Coming: A FoxTrot Collection' (via CV candidate name "Mother Is Coming: A FoxTrot Collection"); invisible before TODO 30
S6934	g	provider-missing: CV 1197 "Frankie and Lana Comics" 1948 Marvel 4 issues — far (gap 72), found by 'Frankie and Lana Comics' (via CV candidate name "Frankie and Lana Comics"); invisible before TODO 30
S6942	g	provider-missing: CV 32162 "Northlanders: Blood in the Snow" 2010 DC Comics 1 issues — far (gap 10), found by 'Northlanders: Blood in the Snow' (via CV candidate name "Northlanders: Blood in the Snow"); invisible before TODO 30
S6972	g	provider-missing: CV 102788 "Shit and Piss" 2017 Retrofit Comics 1 issues — far (gap 2), found by 'Shit and Piss' (via CV candidate name "Shit and Piss"); invisible before TODO 30
S7003	g	provider-missing: CV 39273 "Fringe: Tales from the Fringe" 2011 DC Comics 1 issues — near (gap 0), found by 'Fringe: Tales from the Fringe' (via CV candidate name "Fringe: Tales from the Fringe"); invisible before TODO 30
S7003	g	provider-missing: CV 33935 "Fringe: Tales from the Fringe" 2010 DC Comics 6 issues — near (gap 1), found by 'Fringe: Tales from the Fringe' (via CV candidate name "Fringe: Tales from the Fringe"); invisible before TODO 30
S7003	g	provider-missing: CV 46515 "Beyond the Fringe" 2012 DC Comics 1 issues — near (gap 1), found by 'Beyond The Fringe' (own spelling); invisible before TODO 30
S7003	g	provider-missing: CV 70147 "Fringe: Beyond the Fringe" 2013 DC Comics 1 issues — far (gap 2), found by 'Fringe - Beyond the Fringe' (own spelling); invisible before TODO 30
S7006	g	provider-missing: CV 46030 "Punk Rock and Trailer Parks" 2008 SLG Publishing 1 issues — far (gap 14), found by 'Punk Rock and Trailer Parks' (via CV candidate name "Punk Rock and Trailer Parks"); invisible before TODO 30
S7008	g	provider-missing: CV 125975 "From Beyond The Unknown Giant" 2020 DC Comics 1 issues — near (gap 0), found by 'From Beyond The Unknown Giant' (via CV candidate name "From Beyond The Unknown Giant"); invisible before TODO 30
S7008	g	provider-missing: CV 2434 "From Beyond the Unknown" 1969 DC Comics 25 issues — far (gap 51), found by 'From Beyond the Unknown' (own spelling); invisible before TODO 30
S7040	g	S cv=-+provider-missing: CV 135725 "Penny: A Graphic Memoir" 2021 Chronicle Books 1 issues — far (gap 3), found by 'Penny: A Graphic Memoir' (via CV candidate name "Penny: A Graphic Memoir"); invisible before TODO 30
S7040	g	S cv=-+provider-missing: CV 113459 "Rx: A Graphic Memoir" 2018 Warner Books 1 issues — far (gap 6), found by 'Rx: A Graphic Memoir' (via CV candidate name "Rx: A Graphic Memoir"); invisible before TODO 30
S7040	g	S cv=-+provider-missing: CV 76656 "Tomboy: A Graphic Memoir" 2014 Houghton Mifflin Harcourt 1 issues — far (gap 10), found by 'Tomboy: A Graphic Memoir' (via CV candidate name "Tomboy: A Graphic Memoir"); invisible before TODO 30
S7050	g	S cv=-+provider-missing: CV 139410 "Are You Afraid of Darkseid?" 2021 DC Comics 1 issues — far (gap 2), found by 'Are You Afraid of Darkseid?' (via CV candidate name "Are You Afraid of Darkseid?"); invisible before TODO 30
S7054	g	S cv=-+provider-missing: CV 85303 "Peanuts: A Tribute to Charles M. Schulz" 2015 Boom! Studios 1 issues — far (gap 8), found by 'Peanuts: A Tribute to Charles M. Schulz' (via CV candidate name "Peanuts: A Tribute to Charles M. Schulz"); invisible before TODO 30
S7054	g	S cv=-+provider-missing: CV 57317 "Peanuts: The Art of Charles Schulz" 2001 Random House 1 issues — far (gap 22), found by 'Peanuts: The Art of Charles Schulz' (via CV candidate name "Peanuts: The Art of Charles Schulz"); invisible before TODO 30
S7088	g	provider-missing: CV 125760 "Legend of Heaven's Door" 2020 MediBang! 1 issues — far (gap 19), found by 'Legend of Heaven's Door' (via CV candidate name "Legend of Heaven's Door"); invisible before TODO 30
S7123	g	S cv=-: CV 143601 "G.I. Joe: A Real American Hero" 1994 Hasbro 2 issues — near (gap 0), found by 'G.I. Joe: A Real American Hero' (via CV name "G.I. Joe: A Real American Hero"); invisible before TODO 30
S7123	g	S cv=-: CV 3138 "G.I. Joe: A Real American Hero" 1982 Marvel 155 issues — far (gap 12), found by 'G.I. Joe: A Real American Hero' (via CV name "G.I. Joe: A Real American Hero"); invisible before TODO 30
S7123	g	S cv=-: CV 34667 "G.I. Joe:  A Real American Hero" 2008 Hasbro 20 issues — far (gap 14), found by 'G.I. Joe: A Real American Hero' (via CV name "G.I. Joe: A Real American Hero"); invisible before TODO 30
S7123	g	S cv=-: CV 32910 "G.I. Joe: A Real American Hero" 2010 IDW Publishing 146 issues — far (gap 16), found by 'G.I. Joe: A Real American Hero' (via CV name "G.I. Joe: A Real American Hero"); invisible before TODO 30
S7123	g	S cv=-: CV 53587 "G.I. Joe: A Real American Hero" 2011 IDW Publishing 25 issues — far (gap 17), found by 'G.I. Joe: A Real American Hero' (via CV name "G.I. Joe: A Real American Hero"); invisible before TODO 30
S7123	g	S cv=-: CV 154808 "G.I. Joe: A Real American Hero" 2023 Image 24 issues — far (gap 29), found by 'G.I. Joe: A Real American Hero' (via CV name "G.I. Joe: A Real American Hero"); invisible before TODO 30
S7142	g	S cv=-+provider-missing: CV 46273 "The Best of Drawn & Quarterly" 1993 Drawn & Quarterly 1 issues — far (gap 31), found by 'The Best of Drawn & Quarterly' (via CV candidate name "The Best of Drawn & Quarterly"); invisible before TODO 30
S7191	g	provider-missing: CV 57366 "The Art of Boom! Studios" 2010 Boom! Studios 1 issues — far (gap 28), found by 'The Art of Boom! Studios' (via CV candidate name "The Art of Boom! Studios"); invisible before TODO 30
S7268	g	provider-missing: CV 57366 "The Art of Boom! Studios" 2010 Boom! Studios 1 issues — far (gap 10), found by 'The Art of Boom! Studios' (via CV candidate name "The Art of Boom! Studios"); invisible before TODO 30
S7291	g	provider-missing: CV 128561 "The Great Gatsby: The Graphic Novel" 2020 Simon and Schuster 1 issues — far (gap 3), found by 'The Great Gatsby: The Graphic Novel' (via CV candidate name "The Great Gatsby: The Graphic Novel"); invisible before TODO 30
S7329	g	provider-missing: CV 58046 "Gene Simmons House of Horrors" 2013 Arcana Studio 1 issues — near (gap 0), found by 'Gene Simmons House of Horrors' (own spelling); invisible before TODO 30
S7329	g	provider-missing: CV 62767 "Gene Simmons House of Horrors" 2007 IDW Publishing 1 issues — far (gap 6), found by 'Gene Simmons House of Horrors' (own spelling); invisible before TODO 30
S7330	g	provider-missing: CV 68810 "Gene Simmons Comics Presents Zipper vs. Dominatrix: The Slave Trade" 2013 Arcana Studio 1 issues — far (gap 10), found by 'Gene Simmons Comics Presents Zipper vs. Dominatrix: The Slave Trade' (via CV candidate name "Gene Simmons Comics Presents Zipper vs. Dominatrix: The Slave Trade"); invisible before TODO 30
S7360	g	provider-missing: CV 133531 "Lucifer: The Devil at Heart" 2021 DC Comics 1 issues — far (gap 2), found by 'Lucifer: The Devil at Heart' (via CV candidate name "Lucifer: The Devil at Heart"); invisible before TODO 30
S7429	g	S cv=-+provider-missing: CV 114869 "The Backstagers and the Ghost Light" 2018 Boom! Studios 1 issues — far (gap 3), found by 'The Backstagers and the Ghost Light' (via CV candidate name "The Backstagers and the Ghost Light"); invisible before TODO 30
S7448	g	S cv=-: CV 108582 "Deadpool By Daniel Way: The Complete Collection" 2018 Marvel 2 issues — near (gap 1), found by 'Deadpool By Daniel Way: The Complete Collection' (via CV candidate name "Deadpool By Daniel Way: The Complete Collection"); invisible before TODO 30
S7448	g	S cv=-: CV 65431 "Deadpool By Daniel Way: The Complete Collection" 2013 Marvel 4 issues — far (gap 4), found by 'Deadpool By Daniel Way: The Complete Collection' (via CV candidate name "Deadpool By Daniel Way: The Complete Collection"); invisible before TODO 30
S7583	g	S cv=-+provider-missing: CV 46273 "The Best of Drawn & Quarterly" 1993 Drawn & Quarterly 1 issues — far (gap 30), found by 'The Best of Drawn & Quarterly' (via CV candidate name "The Best of Drawn & Quarterly"); invisible before TODO 30
S7586	g	provider-missing: CV 149594 "Girl Taking Over: A Lois Lane Story" 2023 DC Comics 1 issues — near (gap 0), found by 'Girl Taking Over: A Lois Lane Story' (via CV candidate name "Girl Taking Over: A Lois Lane Story"); invisible before TODO 30
S7586	g	provider-missing: CV 150155 "Dawn of DC We Are Legends Special Edition" 2023 DC Comics 1 issues — near (gap 0), found by 'Dawn of DC We Are Legends Special Edition' (via GCD name "Dawn of DC We Are Legends Special Edition"); invisible before TODO 30
S7595	g	provider-missing: CV 75941 "Female Force: Women of Europe" 2014 TidalWave Productions 1 issues — far (gap 3), found by 'Female Force: Women of Europe' (via CV candidate name "Female Force: Women of Europe"); invisible before TODO 30
S7609	g	S cv=-+provider-missing: CV 52423 "Halo and Sprocket: Natural Creatures" 2012 SLG Publishing 1 issues — far (gap 10), found by 'Halo and Sprocket: Natural Creatures' (via CV candidate name "Halo and Sprocket: Natural Creatures"); invisible before TODO 30
S7609	g	S cv=-+provider-missing: CV 52426 "Halo and Sprocket" 2003 SLG Publishing 1 issues — far (gap 19), found by 'Halo and Sprocket' (via CV candidate name "Halo and Sprocket"); invisible before TODO 30
S7609	g	S cv=-+provider-missing: CV 38628 "Halo and Sprocket" 2002 SLG Publishing 5 issues — far (gap 20), found by 'Halo and Sprocket' (via CV candidate name "Halo and Sprocket"); invisible before TODO 30
S7656	g	S cv=-+provider-missing: CV 159334 "Best of Godzilla" 2023 IDW Publishing 1 issues — near (gap 1), found by 'Best of Godzilla' (via CV candidate name "Best of Godzilla"); invisible before TODO 30
S7656	g	S cv=-+provider-missing: CV 74735 "Godzilla: The IDW Era" 2014 IDW Publishing 1 issues — far (gap 8), found by 'Godzilla: The IDW Era' (via CV candidate name "Godzilla: The IDW Era"); invisible before TODO 30
S7688	g	S cv=-: CV 145536 "Godzilla: Monsters & Protectors - All Hail the King!" 2022 IDW Publishing 5 issues — near (gap 1), found by 'Godzilla: Monsters & Protectors—All Hail the King!' (own spelling); invisible before TODO 30
S7688	g	S cv=-: CV 74735 "Godzilla: The IDW Era" 2014 IDW Publishing 1 issues — far (gap 9), found by 'Godzilla: The IDW Era' (via CV candidate name "Godzilla: The IDW Era"); invisible before TODO 30
S7727	g	provider-missing: CV 67523 "Gold Digger: Throne of Shadows" 2013 Antarctic Press 1 issues — far (gap 7), found by 'Gold Digger: Throne of Shadows' (own spelling); invisible before TODO 30
S7815	g	provider-missing: CV 144888 "DC's Saved by the Belle Reve" 2022 DC Comics 1 issues — near (gap 1), found by 'DC's Saved by the Belle Reve' (via GCD name "DC's Saved by the Belle Reve"); invisible before TODO 30
S7841	g	provider-missing: CV 113205 "Tomo-chan Is A Girl!" 2018 Seven Seas Entertainment 8 issues — far (gap 2), found by 'Tomo-chan Is A Girl!' (via CV candidate name "Tomo-chan Is A Girl!"); invisible before TODO 30
S7852	g	provider-missing: CV 139794 "TKO Presents: Tales of Terror" 2021 TKO Studios 1 issues — near (gap 0), found by 'TKO Presents: Tales of Terror' (via CV candidate name "TKO Presents: Tales of Terror"); invisible before TODO 30
S7858	g	provider-missing: CV 115836 "Chevrolet Fun Book and Touring Guide" 1950 General Motors 1 issues — far (gap 64), found by 'Chevrolet Fun Book and Touring Guide' (via CV candidate name "Chevrolet Fun Book and Touring Guide"); invisible before TODO 30
S7865	g	provider-missing: CV 93944 "Sonic Boom: The Big Boom" 2016 Archie Comics 1 issues — far (gap 3), found by 'Sonic Boom: The Big Boom' (via CV candidate name "Sonic Boom: The Big Boom"); invisible before TODO 30
S7992	g	S cv=-: CV 84969 "Greenberg the Vampire" 2015 Marvel 1 issues — far (gap 29), found by 'Greenberg The Vampire' (own spelling); invisible before TODO 30
S7992	g	S cv=-: CV 127866 "To the MAX" 2020 DC Comics 3 issues — far (gap 34), found by 'To the MAX' (via CV candidate name "To the MAX"); invisible before TODO 30
S8013	g	provider-missing: CV 74536 "Grimm Fairy Tales presents Godstorm: Age of Darkness" 2014 Zenescope Entertainment 1 issues — near (gap 0), found by 'Grimm Fairy Tales presents Godstorm: Age of Darkness' (via CV candidate name "Grimm Fairy Tales presents Godstorm: Age of Darkness"); invisible before TODO 30
S8013	g	provider-missing: CV 77956 "Grimm Fairy Tales presents Cinderella: Age of Darkness" 2014 Zenescope Entertainment 3 issues — near (gap 0), found by 'Grimm Fairy Tales presents Cinderella: Age of Darkness' (via CV candidate name "Grimm Fairy Tales presents Cinderella: Age of Darkness"); invisible before TODO 30
S8093	g	provider-missing: CV 85478 "Grimm Tales of Terror" 2015 Zenescope Entertainment 13 issues — near (gap 0), found by 'Grimm Tales of Terror' (own spelling); invisible before TODO 30
S8093	g	provider-missing: CV 76097 "Grimm Tales of Terror" 2014 Zenescope Entertainment 13 issues — near (gap 1), found by 'Grimm Tales of Terror' (own spelling); invisible before TODO 30
S8093	g	provider-missing: CV 98336 "Grimm Tales of Terror" 2017 Zenescope Entertainment 13 issues — far (gap 2), found by 'Grimm Tales of Terror' (own spelling); invisible before TODO 30
S8093	g	provider-missing: CV 109766 "Grimm Tales of Terror" 2018 Zenescope Entertainment 13 issues — far (gap 3), found by 'Grimm Tales of Terror' (own spelling); invisible before TODO 30
S8093	g	provider-missing: CV 162017 "Grimm Tales of Terror" 2025 Zenescope Entertainment 12 issues — far (gap 10), found by 'Grimm Tales of Terror' (own spelling); invisible before TODO 30
S8103	g	provider-missing: CV 33429 "The Dodo and The Frog" 1956 DC Comics 13 issues — far (gap 67), found by 'The Dodo and The Frog' (via CV candidate name "The Dodo and The Frog"); invisible before TODO 30
S8155	g	provider-missing: CV 76202 "Guardians of the Galaxy Infinite" 2014 Marvel 1 issues — far (gap 2), found by 'Guardians of the Galaxy Infinite' (via CV candidate name "Guardians of the Galaxy Infinite"); invisible before TODO 30
S8155	g	provider-missing: CV 58526 "Guardians of the Galaxy Infinite Comic" 2013 Marvel 4 issues — far (gap 3), found by 'Guardians of the Galaxy Infinite Comic' (via CV candidate name "Guardians of the Galaxy Infinite Comic"); invisible before TODO 30
S8158	g	S cv=-: CV 92960 "Guardians of the Galaxy: Guardians of Infinity" 2016 Marvel 1 issues — near (gap 0), found by 'Guardians of the Galaxy - Guardians of Infinity' (own spelling); invisible before TODO 30
S8158	g	S cv=-: CV 146623 "Guardians of the Galaxy" 2016 Panini Verlag 8 issues — near (gap 0), found by 'Guardians of the Galaxy' (via CV candidate name "Guardians of the Galaxy"); invisible before TODO 30
S8158	g	S cv=-: CV 81904 "Guardians of the Galaxy" 2015 Marvel 5 issues — near (gap 1), found by 'Guardians of the Galaxy' (via CV candidate name "Guardians of the Galaxy"); invisible before TODO 30
S8158	g	S cv=-: CV 85290 "Guardians of the Galaxy" 2015 Marvel 20 issues — near (gap 1), found by 'Guardians of the Galaxy' (via CV candidate name "Guardians of the Galaxy"); invisible before TODO 30
S8158	g	S cv=-: CV 105759 "Guardians of the Galaxy" 2017 Marvel 5 issues — near (gap 1), found by 'Guardians of the Galaxy' (via CV candidate name "Guardians of the Galaxy"); invisible before TODO 30
S8158	g	S cv=-: CV 116349 "Guardians of the Galaxy" 2015 Standaard Uitgeverij 5 issues — near (gap 1), found by 'Guardians of the Galaxy' (via CV candidate name "Guardians of the Galaxy"); invisible before TODO 30
S8160	g	S cv=-: CV 81904 "Guardians of the Galaxy" 2015 Marvel 5 issues — near (gap 0), found by 'Guardians of the Galaxy' (via CV name "Guardians of the Galaxy"); invisible before TODO 30
S8160	g	S cv=-: CV 116349 "Guardians of the Galaxy" 2015 Standaard Uitgeverij 5 issues — near (gap 0), found by 'Guardians of the Galaxy' (via CV name "Guardians of the Galaxy"); invisible before TODO 30
S8160	g	S cv=-: CV 78275 "Guardians of the Galaxy: Guardians Disassembled" 2014 Marvel 1 issues — near (gap 1), found by 'Guardians of the Galaxy: Guardians Disassembled' (via CV candidate name "Guardians of the Galaxy: Guardians Disassembled"); invisible before TODO 30
S8160	g	S cv=-: CV 84159 "Guardians of the Galaxy" 2014 Panini Verlag 7 issues — near (gap 1), found by 'Guardians of the Galaxy' (via CV name "Guardians of the Galaxy"); invisible before TODO 30
S8160	g	S cv=-: CV 146623 "Guardians of the Galaxy" 2016 Panini Verlag 8 issues — near (gap 1), found by 'Guardians of the Galaxy' (via CV name "Guardians of the Galaxy"); invisible before TODO 30
S8160	g	S cv=-: CV 57960 "Guardians of the Galaxy" 2013 Marvel 28 issues — far (gap 2), found by 'Guardians of the Galaxy' (via CV name "Guardians of the Galaxy"); invisible before TODO 30
S8162	g	S cv=-: CV 80115 "Marvel Universe Guardians of the Galaxy" 2015 Marvel 4 issues — near (gap 0), found by 'Marvel Universe Guardians of the Galaxy' (via CV name "Marvel Universe Guardians of the Galaxy"); invisible before TODO 30
S8162	g	S cv=-: CV 85120 "Marvel Universe Guardians of the Galaxy" 2015 Marvel 23 issues — near (gap 0), found by 'Marvel Universe Guardians of the Galaxy' (via CV name "Marvel Universe Guardians of the Galaxy"); invisible before TODO 30
S8162	g	S cv=-: CV 89302 "Marvel Universe Guardians of the Galaxy" 2016 Marvel 6 issues — near (gap 1), found by 'Marvel Universe Guardians of the Galaxy' (via CV name "Marvel Universe Guardians of the Galaxy"); invisible before TODO 30
S8162	g	S cv=-: CV 95825 "Guardians of the Galaxy: New Guard - Wanted" 2016 Marvel 1 issues — near (gap 1), found by 'Guardians of the Galaxy: New Guard - Wanted' (via CV candidate name "Guardians of the Galaxy: New Guard - Wanted"); invisible before TODO 30
S8165	g	provider-missing: CV 92960 "Guardians of the Galaxy: Guardians of Infinity" 2016 Marvel 1 issues — far (gap 7), found by 'Guardians of the Galaxy: Guardians of Infinity' (via CV candidate name "Guardians of the Galaxy: Guardians of Infinity"); invisible before TODO 30
S8165	g	provider-missing: CV 58526 "Guardians of the Galaxy Infinite Comic" 2013 Marvel 4 issues — far (gap 10), found by 'Guardians of the Galaxy Infinite Comic' (via CV candidate name "Guardians of the Galaxy Infinite Comic"); invisible before TODO 30
S8170	g	provider-missing: CV 153613 "Guardians of the Galaxy Modern Era Epic Collection: Somebody's Got to Do It" 2023 Marvel 1 issues — near (gap 0), found by 'Guardians of the Galaxy Modern Era Epic Collection: Somebody's Got to Do It' (via CV candidate name "Guardians of the Galaxy Modern Era Epic Collection: Somebody's Got to Do It"); invisible before TODO 30
S8170	g	provider-missing: CV 92960 "Guardians of the Galaxy: Guardians of Infinity" 2016 Marvel 1 issues — far (gap 7), found by 'Guardians of the Galaxy: Guardians of Infinity' (via CV candidate name "Guardians of the Galaxy: Guardians of Infinity"); invisible before TODO 30
S8176	g	S cv=-+provider-missing: CV 46273 "The Best of Drawn & Quarterly" 1993 Drawn & Quarterly 1 issues — far (gap 8), found by 'The Best of Drawn & Quarterly' (via CV candidate name "The Best of Drawn & Quarterly"); invisible before TODO 30
S8226	g	provider-missing: CV 5829 "A Decade of Dark Horse" 1996 Dark Horse Comics 4 issues — far (gap 21), found by 'A Decade of Dark Horse' (via CV candidate name "A Decade of Dark Horse"); invisible before TODO 30
S8229	g	provider-missing: CV 108251 "H.G. Wells: The War of the Worlds" 2018 Insight Editions 1 issues — near (gap 0), found by 'H. G. Wells' The War of the Worlds' (via CV candidate name "H. G. Wells' The War of the Worlds"); invisible before TODO 30
S8229	g	provider-missing: CV 48294 "H. G. Wells' The War of the Worlds" 2005 Dark Horse Comics 1 issues — far (gap 13), found by 'H. G. Wells' The War of the Worlds' (via CV candidate name "H. G. Wells' The War of the Worlds"); invisible before TODO 30
S8230	g	provider-missing: CV 114058 "H.G. Wells: The Island of Dr. Moreau" 2018 Insight Editions 1 issues — near (gap 0), found by 'H.G. Wells: The Island of Dr. Moreau' (via CV candidate name "H.G. Wells: The Island of Dr. Moreau"); invisible before TODO 30
S8230	g	provider-missing: CV 48294 "H. G. Wells' The War of the Worlds" 2005 Dark Horse Comics 1 issues — far (gap 13), found by 'H.G. Wells: The War of the Worlds' (own spelling); invisible before TODO 30
S8300	g	S cv=-+provider-missing: CV 33557 "You, Me, and Zombie" 2010 self published 1 issues — far (gap 14), found by 'You, Me, and Zombie' (via CV candidate name "You, Me, and Zombie"); invisible before TODO 30
S8301	g	provider-missing: CV 34508 "Sales To Astonish: The Comic Book, Autumn 1992" 1992 Marvel 1 issues — near (gap 0), found by 'Sales To Astonish: The Comic Book, Autumn 1992' (via CV candidate name "Sales To Astonish: The Comic Book, Autumn 1992"); invisible before TODO 30
S8301	g	provider-missing: CV 34509 "Sales To Astonish: The Comic Book, Summer 1992" 1992 Marvel 1 issues — near (gap 0), found by 'Sales To Astonish: The Comic Book, Summer 1992' (via CV candidate name "Sales To Astonish: The Comic Book, Summer 1992"); invisible before TODO 30
S8302	g	S cv=-+provider-missing: CV 127976 "Manga! Manga! The World of Japanese Comics" 1983 Kodansha International 1 issues — far, found by 'Manga! Manga! The World of Japanese Comics' (via CV candidate name "Manga! Manga! The World of Japanese Comics"); invisible before TODO 30
S8400	g	S cv=-+provider-missing: CV 36655 "Haru Hana: The Complete Collection" 2010 Tokyopop 1 issues — near (gap 0), found by 'Haru Hana: The Complete Collection' (via CV candidate name "Haru Hana: The Complete Collection"); invisible before TODO 30
S8400	g	S cv=-+provider-missing: CV 149733 "Haru Hana: The Complete Collection" 2015 Viz 1 issues — far (gap 5), found by 'Haru Hana: The Complete Collection' (via CV candidate name "Haru Hana: The Complete Collection"); invisible before TODO 30
S8405	g	provider-missing: CV 59144 "American Splendor: The Life and Times of Harvey Pekar" 1986 Doubleday 1 issues — far (gap 24), found by 'American Splendor: The Life and Times of Harvey Pekar' (via CV candidate name "American Splendor: The Life and Times of Harvey Pekar"); invisible before TODO 30
S8406	g	provider-missing: CV 59144 "American Splendor: The Life and Times of Harvey Pekar" 1986 Doubleday 1 issues — far (gap 24), found by 'American Splendor: The Life and Times of Harvey Pekar' (via CV candidate name "American Splendor: The Life and Times of Harvey Pekar"); invisible before TODO 30
S8407	g	provider-missing: CV 45313 "Back in the Day" 2011 Action Lab 1 issues — far (gap 2), found by 'Back in the Day' (via CV candidate name "Back in the Day"); invisible before TODO 30
S8407	g	provider-missing: CV 59144 "American Splendor: The Life and Times of Harvey Pekar" 1986 Doubleday 1 issues — far (gap 23), found by 'American Splendor: The Life and Times of Harvey Pekar' (via CV candidate name "American Splendor: The Life and Times of Harvey Pekar"); invisible before TODO 30
S8409	g	provider-missing: CV 59144 "American Splendor: The Life and Times of Harvey Pekar" 1986 Doubleday 1 issues — far (gap 23), found by 'American Splendor: The Life and Times of Harvey Pekar' (via CV candidate name "American Splendor: The Life and Times of Harvey Pekar"); invisible before TODO 30
S8410	g	provider-missing: CV 73471 "More American Splendor: The Life and Times of Harvey Pekar" 1987 Doubleday 1 issues — far (gap 22), found by 'More American Splendor: The Life and Times of Harvey Pekar' (via CV candidate name "More American Splendor: The Life and Times of Harvey Pekar"); invisible before TODO 30
S8410	g	provider-missing: CV 59144 "American Splendor: The Life and Times of Harvey Pekar" 1986 Doubleday 1 issues — far (gap 23), found by 'American Splendor: The Life and Times of Harvey Pekar' (via CV candidate name "American Splendor: The Life and Times of Harvey Pekar"); invisible before TODO 30
S8411	g	provider-missing: CV 73471 "More American Splendor: The Life and Times of Harvey Pekar" 1987 Doubleday 1 issues — far (gap 23), found by 'More American Splendor: The Life and Times of Harvey Pekar' (via CV candidate name "More American Splendor: The Life and Times of Harvey Pekar"); invisible before TODO 30
S8411	g	provider-missing: CV 59144 "American Splendor: The Life and Times of Harvey Pekar" 1986 Doubleday 1 issues — far (gap 24), found by 'American Splendor: The Life and Times of Harvey Pekar' (via CV candidate name "American Splendor: The Life and Times of Harvey Pekar"); invisible before TODO 30
S8412	g	provider-missing: CV 59144 "American Splendor: The Life and Times of Harvey Pekar" 1986 Doubleday 1 issues — far (gap 23), found by 'American Splendor: The Life and Times of Harvey Pekar' (via CV candidate name "American Splendor: The Life and Times of Harvey Pekar"); invisible before TODO 30
S8415	g	provider-missing: CV 59144 "American Splendor: The Life and Times of Harvey Pekar" 1986 Doubleday 1 issues — far (gap 23), found by 'American Splendor: The Life and Times of Harvey Pekar' (via CV candidate name "American Splendor: The Life and Times of Harvey Pekar"); invisible before TODO 30
S8416	g	provider-missing: CV 59144 "American Splendor: The Life and Times of Harvey Pekar" 1986 Doubleday 1 issues — far (gap 23), found by 'American Splendor: The Life and Times of Harvey Pekar' (via CV candidate name "American Splendor: The Life and Times of Harvey Pekar"); invisible before TODO 30
S8417	g	provider-missing: CV 59144 "American Splendor: The Life and Times of Harvey Pekar" 1986 Doubleday 1 issues — far (gap 23), found by 'American Splendor: The Life and Times of Harvey Pekar' (via CV candidate name "American Splendor: The Life and Times of Harvey Pekar"); invisible before TODO 30
S8419	g	provider-missing: CV 59144 "American Splendor: The Life and Times of Harvey Pekar" 1986 Doubleday 1 issues — far (gap 24), found by 'American Splendor: The Life and Times of Harvey Pekar' (via CV candidate name "American Splendor: The Life and Times of Harvey Pekar"); invisible before TODO 30
S8441	g	S cv=-: CV 11273 "Hawaiian Dick: The Last Resort" 2003 Image 4 issues — near (gap 0), found by 'Hawaiian Dick: The Last Resort' (via CV candidate name "Hawaiian Dick: The Last Resort"); invisible before TODO 30
S8441	g	S cv=-: CV 66353 "Hawaiian Dick: Byrd of Paradise" 2003 Image 1 issues — near (gap 0), found by 'Hawaiian Dick: Byrd of Paradise' (via CV candidate name "Hawaiian Dick: Byrd of Paradise"); invisible before TODO 30
S8441	g	S cv=-: CV 107728 "Hawaiian Dick: The Last Resort" 2006 Image 1 issues — far (gap 3), found by 'Hawaiian Dick: The Last Resort' (via CV candidate name "Hawaiian Dick: The Last Resort"); invisible before TODO 30
S8451	g	S cv=-: CV 144407 "Hawkeye Epic Collection: The Avenging Archer" 2022 Marvel 1 issues — near (gap 1), found by 'Hawkeye Epic Collection: The Avenging Archer' (via CV candidate name "Hawkeye Epic Collection: The Avenging Archer"); invisible before TODO 30
S8478	g	provider-missing: CV 130860 "He-Man and the Masters of the Universe" 2020 DC Comics 1 issues — far (gap 3), found by 'He-Man and the Masters of the Universe' (via CV candidate name "He-Man and the Masters of the Universe"); invisible before TODO 30
S8478	g	provider-missing: CV 59980 "He-Man and the Masters of the Universe" 2013 DC Comics 19 issues — far (gap 4), found by 'He-Man and the Masters of the Universe' (via CV candidate name "He-Man and the Masters of the Universe"); invisible before TODO 30
S8478	g	provider-missing: CV 65194 "He-Man and the Masters of the Universe" 2013 DC Comics 2 issues — far (gap 4), found by 'He-Man and the Masters of the Universe' (via CV candidate name "He-Man and the Masters of the Universe"); invisible before TODO 30
S8478	g	provider-missing: CV 50154 "He-Man and the Masters of the Universe" 2012 DC Comics 6 issues — far (gap 5), found by 'He-Man and the Masters of the Universe' (via CV candidate name "He-Man and the Masters of the Universe"); invisible before TODO 30
S8478	g	provider-missing: CV 150305 "He-Man and the Masters of the Universe" 2011 DC Comics 8 issues — far (gap 6), found by 'He-Man and the Masters of the Universe' (via CV candidate name "He-Man and the Masters of the Universe"); invisible before TODO 30
S8493	g	provider-missing: CV 84587 "Heart In A Box" 2015 Dark Horse Comics 1 issues — near (gap 0), found by 'Heart In A Box' (own spelling); invisible before TODO 30
S8493	g	provider-missing: CV 130299 "Heart in a Box" 2016 Tokyopop GmbH 1 issues — near (gap 1), found by 'Heart In A Box' (own spelling); invisible before TODO 30
S8499	g	provider-missing: CV 55237 "The Transformers: Evolutions - Hearts of Steel" 2006 IDW Publishing 1 issues — far (gap 17), found by 'The Transformers: Evolutions - Hearts of Steel' (via CV candidate name "The Transformers: Evolutions - Hearts of Steel"); invisible before TODO 30
S8507	g	provider-missing: CV 47398 "Heathcliff The Cat Detective" 1991 Tor Books 1 issues — far, found by 'Heathcliff The Cat Detective' (via CV candidate name "Heathcliff The Cat Detective"); invisible before TODO 30
S8507	g	provider-missing: CV 155790 "Heathcliff: Cat and Mouse Games " 1990 Tor Books 1 issues — far, found by 'Heathcliff: Cat and Mouse Games ' (via CV candidate name "Heathcliff: Cat and Mouse Games "); invisible before TODO 30
S8512	g	S cv=-+provider-missing: CV 80266 "Heathcliff Specialties, On The House" 1982 Tor Books 1 issues — far, found by 'Heathcliff Specialties, On The House' (via CV candidate name "Heathcliff Specialties, On The House"); invisible before TODO 30
S8539	g	S cv=-+provider-missing: CV 33975 "The Best of Heavy Metal" 1982 Heavy Metal 2 issues — far (gap 40), found by 'The Best of Heavy Metal' (via CV candidate name "The Best of Heavy Metal"); invisible before TODO 30
S8700	g	provider-missing: CV 105926 "The Little Book of Knowledge: Heavy Metal" 2017 IDW Publishing 1 issues — far (gap 18), found by 'The Little Book of Knowledge: Heavy Metal' (via CV candidate name "The Little Book of Knowledge: Heavy Metal"); invisible before TODO 30
S8703	g	provider-missing: CV 33975 "The Best of Heavy Metal" 1982 Heavy Metal 2 issues — far (gap 13), found by 'The Best of Heavy Metal' (via CV candidate name "The Best of Heavy Metal"); invisible before TODO 30
S8712	g	S cv=-+provider-missing: CV 33975 "The Best of Heavy Metal" 1982 Heavy Metal 2 issues — far (gap 5), found by 'The Best of Heavy Metal' (via CV candidate name "The Best of Heavy Metal"); invisible before TODO 30
S8721	g	provider-missing: CV 52953 "The Swords of Rome" 2005 iBooks 1 issues — far (gap 13), found by 'The Swords of Rome' (via CV candidate name "The Swords of Rome"); invisible before TODO 30
S8737	g	S cv=-: CV 46136 "Best of Dark Horse Presents" 1989 Dark Horse Comics 3 issues — far (gap 5), found by 'Best of Dark Horse Presents' (via CV candidate name "Best of Dark Horse Presents"); invisible before TODO 30
S8742	g	provider-missing: CV 43078 "The Art of Hellboy" 2003 Dark Horse Comics 1 issues — far (gap 16), found by 'The Art of Hellboy' (via CV candidate name "The Art of Hellboy"); invisible before TODO 30
S8742	g	provider-missing: CV 20531 "Masters of the Universe The Motion Picture" 1987 Marvel 1 issues — far (gap 32), found by 'Masters of the Universe The Motion Picture' (via CV candidate name "Masters of the Universe The Motion Picture"); invisible before TODO 30
S8748	g	S cv=-+provider-missing: CV 56263 "Odd Comic World of Richard Corben" 1977 Warren 1 issues — far (gap 47), found by 'Odd Comic World of Richard Corben' (via CV candidate name "Odd Comic World of Richard Corben"); invisible before TODO 30
S8860	g	provider-missing: CV 10196 "The League of Extraordinary Gentlemen" 2002 DC Comics 6 issues — near (gap 1), found by 'The League of Extraordinary Gentlemen' (via CV candidate name "The League of Extraordinary Gentlemen"); invisible before TODO 30
S8860	g	provider-missing: CV 79752 "The League of Extraordinary Gentlemen" 2002 Planeta DeAgostini 1 issues — near (gap 1), found by 'The League of Extraordinary Gentlemen' (via CV candidate name "The League of Extraordinary Gentlemen"); invisible before TODO 30
S8860	g	provider-missing: CV 33608 "The League of Extraordinary Gentlemen" 2000 DC Comics 2 issues — far (gap 3), found by 'The League of Extraordinary Gentlemen' (via CV candidate name "The League of Extraordinary Gentlemen"); invisible before TODO 30
S8860	g	provider-missing: CV 6569 "The League of Extraordinary Gentlemen" 1999 DC Comics 6 issues — far (gap 4), found by 'The League of Extraordinary Gentlemen' (via CV candidate name "The League of Extraordinary Gentlemen"); invisible before TODO 30
S8872	g	provider-missing: CV 93944 "Sonic Boom: The Big Boom" 2016 Archie Comics 1 issues — far (gap 3), found by 'Sonic Boom: The Big Boom' (via CV candidate name "Sonic Boom: The Big Boom"); invisible before TODO 30
S8874	g	S cv=-+provider-missing: CV 57366 "The Art of Boom! Studios" 2010 Boom! Studios 1 issues — far (gap 14), found by 'The Art of Boom! Studios' (via CV candidate name "The Art of Boom! Studios"); invisible before TODO 30
S8890	g	provider-missing: CV 59704 "Legends From Darkwood: High Times and Small Crimes" 2005 Antarctic Press 1 issues — far (gap 8), found by 'Legends From Darkwood: High Times and Small Crimes' (via CV candidate name "Legends From Darkwood: High Times and Small Crimes"); invisible before TODO 30
S8957	g	S cv=-+provider-missing: CV 131034 "The First: Historical Graphic Novel About King Saul, the First King of Israel" 2020 Mr. Mintz 2 issues — far (gap 3), found by 'The First: Historical Graphic Novel About King Saul, the First King of Israel' (via CV candidate name "The First: Historical Graphic Novel About King Saul, the First King of Israel"); invisible before TODO 30
S8957	g	S cv=-+provider-missing: CV 109261 "Vatican Assassin: The Graphic Novel" 2018 Glow-in-the-Dark Radio 1 issues — far (gap 5), found by 'Vatican Assassin: The Graphic Novel' (via CV candidate name "Vatican Assassin: The Graphic Novel"); invisible before TODO 30
S8957	g	S cv=-+provider-missing: CV 108015 "Vatican Assassin: The Graphic Novel" 2017 Glow-in-the-Dark Radio 4 issues — far (gap 6), found by 'Vatican Assassin: The Graphic Novel' (via CV candidate name "Vatican Assassin: The Graphic Novel"); invisible before TODO 30
S8957	g	S cv=-+provider-missing: CV 64449 "First Family: The Obamas - A Graphic Novel" 2012 TidalWave Productions 1 issues — far (gap 11), found by 'First Family: The Obamas - A Graphic Novel' (via CV candidate name "First Family: The Obamas - A Graphic Novel"); invisible before TODO 30
S8980	g	provider-missing: CV 151596 "The Monster Book of Manga: Boys" 2009 HarperCollins 1 issues — far (gap 29), found by 'The Monster Book of Manga: Boys' (via CV candidate name "The Monster Book of Manga: Boys"); invisible before TODO 30
S9009	g	provider-missing: CV 155946 "House of X Infinity Comic " 2023 Marvel 6 issues — near (gap 1), found by 'House of X Infinity Comic ' (via CV candidate name "House of X Infinity Comic "); invisible before TODO 30
S9036	g	provider-missing: CV 62082 "Lost and Found" 2011 Tokyopop GmbH 1 issues — far (gap 12), found by 'Lost and Found' (via CV candidate name "Lost and Found"); invisible before TODO 30
S9038	g	provider-missing: CV 54151 "Interview With the Vampire: Claudia's Story" 2012 Headline 1 issues — far (gap 11), found by 'Interview With the Vampire: Claudia's Story' (via CV candidate name "Interview With the Vampire: Claudia's Story"); invisible before TODO 30
S9038	g	provider-missing: CV 51418 "Story of Bread with Miss Sunbeam" 1949 Magazine Enterprises 1 issues — far (gap 74), found by 'Story of Bread with Miss Sunbeam' (via CV candidate name "Story of Bread with Miss Sunbeam"); invisible before TODO 30
S9075	g	provider-missing: CV 31254 "Fall of the Hulks: Red Hulk" 2010 Marvel 4 issues — near (gap 0), found by 'Fall of the Hulks: Red Hulk' (via CV candidate name "Fall of the Hulks: Red Hulk"); invisible before TODO 30
S9075	g	provider-missing: CV 34749 "Fall of the Hulks: Red Hulk" 2010 Marvel 1 issues — near (gap 0), found by 'Fall of the Hulks: Red Hulk' (via CV candidate name "Fall of the Hulks: Red Hulk"); invisible before TODO 30
S9075	g	provider-missing: CV 34944 "Incredible Hulk: Fall of the Hulks" 2010 Marvel 1 issues — near (gap 0), found by 'Incredible Hulk: Fall of the Hulks' (via CV candidate name "Incredible Hulk: Fall of the Hulks"); invisible before TODO 30
S9105	g	provider-missing: CV 59411 "Marvel Universe Vs The  Avengers" 2013 Marvel 1 issues — far (gap 7), found by 'Marvel Universe Vs The  Avengers' (via CV candidate name "Marvel Universe Vs The  Avengers"); invisible before TODO 30
S9105	g	provider-missing: CV 52893 "Marvel Universe vs. The Avengers" 2012 Marvel 4 issues — far (gap 8), found by 'Marvel Universe Vs The  Avengers' (via CV candidate name "Marvel Universe Vs The  Avengers"); invisible before TODO 30
S9127	g	provider-missing: CV 31464 "Lobo: In the Chair" 1994 DC Comics 1 issues — far (gap 13), found by 'Lobo: In the Chair' (via CV candidate name "Lobo: In the Chair"); invisible before TODO 30
S9150	g	provider-missing: CV 119158 "RuinWorld: Eye For An Eye" 2019 Boom! Studios 1 issues — near (gap 1), found by 'RuinWorld: Eye For An Eye' (via CV candidate name "RuinWorld: Eye For An Eye"); invisible before TODO 30
S9164	g	S cv=-+provider-missing: CV 37536 "The Spirit of Capitalism" 2007 Icarus Publications 1 issues — far (gap 13), found by 'The Spirit of Capitalism' (via CV candidate name "The Spirit of Capitalism"); invisible before TODO 30
S9222	g	provider-missing: CV 57366 "The Art of Boom! Studios" 2010 Boom! Studios 1 issues — far (gap 2), found by 'The Art of Boom! Studios' (via CV candidate name "The Art of Boom! Studios"); invisible before TODO 30
S9226	g	provider-missing: CV 76304 "I Was the Cat" 2014 Oni Press 1 issues — near (gap 0), found by 'I Was the Cat' (own spelling); invisible before TODO 30
S9236	g	provider-missing: CV 31227 "It's a World, World, World, World Mad" 1965 New American Library 1 issues — far (gap 52), found by 'It's a World, World, World, World Mad' (via CV candidate name "It's a World, World, World, World Mad"); invisible before TODO 30
S9249	g	provider-missing: CV 153974 "IDW Endless Summer - Dungeons and Dragons: Saturday Morning Adventures" 2023 IDW Publishing 1 issues — near (gap 0), found by 'IDW Endless Summer - Dungeons and Dragons: Saturday Morning Adventures' (via CV candidate name "IDW Endless Summer - Dungeons and Dragons: Saturday Morning Adventures"); invisible before TODO 30
S9279	g	provider-missing: CV 149775 "Friday: On a Cold Winter's Night" 2022 Image 1 issues — far (gap 3), found by 'Friday: On a Cold Winter's Night' (via CV candidate name "Friday: On a Cold Winter's Night"); invisible before TODO 30
S9313	g	provider-missing: CV 133338 "The Art of Immortals: Fenyx Rising" 2021 Dark Horse Comics 1 issues — near (gap 1), found by 'The Art of Immortals: Fenyx Rising' (via CV candidate name "The Art of Immortals: Fenyx Rising"); invisible before TODO 30
S9339	g	S cv=-+provider-missing: CV 84826 "A Baby Of His Own" 2014 Harlequin Comics 1 issues — far (gap 8), found by 'A Baby Of His Own' (via CV candidate name "A Baby Of His Own"); invisible before TODO 30
S9345	g	provider-missing: CV 109877 "In Search of the Unicorn" 2018 Europe Comics 3 issues — far (gap 5), found by 'In Search of the Unicorn' (via CV candidate name "In Search of the Unicorn"); invisible before TODO 30
S9345	g	provider-missing: CV 61769 "In Search of The Far Side" 1984 Andrews McMeel Publishing 1 issues — far (gap 39), found by 'In Search of The Far Side' (via CV candidate name "In Search of The Far Side"); invisible before TODO 30
S9346	g	provider-missing: CV 83186 "In Search of Lost Time: Swann's Way" 2015 Liveright 1 issues — far (gap 4), found by 'In Search of Lost Time: Swann's Way' (via CV candidate name "In Search of Lost Time: Swann's Way"); invisible before TODO 30
S9346	g	provider-missing: CV 78959 "In Search of Lost Dragons" 2014 Dynamite Entertainment 1 issues — far (gap 5), found by 'In Search of Lost Dragons' (via CV candidate name "In Search of Lost Dragons"); invisible before TODO 30
S9349	g	provider-missing: CV 114126 "The Librarians: In Search Of…" 2018 Dynamite Entertainment 1 issues — near (gap 0), found by 'The Librarians: In Search Of…' (via CV candidate name "The Librarians: In Search Of…"); invisible before TODO 30
S9349	g	provider-missing: CV 106100 "In Search of Peter Pan" 2017 Europe Comics 1 issues — near (gap 1), found by 'In Search of Peter Pan' (via CV candidate name "In Search of Peter Pan"); invisible before TODO 30
S9351	g	S cv=-+provider-missing: CV 52992 "Justice League Dark: In the Dark" 2012 DC Comics 1 issues — far (gap 2), found by 'Justice League Dark: In the Dark' (via CV candidate name "Justice League Dark: In the Dark"); invisible before TODO 30
S9351	g	S cv=-+provider-missing: CV 45137 "Azrael: Angel in the Dark" 2011 DC Comics 1 issues — far (gap 3), found by 'Azrael: Angel in the Dark' (via CV candidate name "Azrael: Angel in the Dark"); invisible before TODO 30
S9351	g	S cv=-+provider-missing: CV 33215 "Alone In The Dark" 2002 Image 1 issues — far (gap 12), found by 'Alone In The Dark' (via CV candidate name "Alone In The Dark"); invisible before TODO 30
S9351	g	S cv=-+provider-missing: CV 150669 "Alone in the Dark" 2002 Lexy Produzioni Audiovisive 1 issues — far (gap 12), found by 'Alone In The Dark' (via CV candidate name "Alone In The Dark"); invisible before TODO 30
S9351	g	S cv=-+provider-missing: CV 150668 "Alone in the Dark" 2001 Planeta DeAgostini 1 issues — far (gap 13), found by 'Alone In The Dark' (via CV candidate name "Alone In The Dark"); invisible before TODO 30
S9351	g	S cv=-+provider-missing: CV 150671 "Alone in the Dark" 1994 Vents d'Ouest 1 issues — far (gap 20), found by 'Alone In The Dark' (via CV candidate name "Alone In The Dark"); invisible before TODO 30
S9359	g	provider-missing: CV 144723 "Wynd: The Throne in the Sky" 2022 Boom! Studios 5 issues — near (gap 0), found by 'Wynd: The Throne in the Sky' (via CV candidate name "Wynd: The Throne in the Sky"); invisible before TODO 30
S9377	g	provider-missing: CV 36383 "Hulk: Fall of the Hulks" 2010 Marvel 1 issues — near (gap 0), found by 'Hulk: Fall of the Hulks' (via CV candidate name "Hulk: Fall of the Hulks"); invisible before TODO 30
S9377	g	provider-missing: CV 45592 "Incredible Hulks: Fall of the Hulks" 2012 Marvel 1 issues — far (gap 2), found by 'Incredible Hulks: Fall of the Hulks' (via CV candidate name "Incredible Hulks: Fall of the Hulks"); invisible before TODO 30
S9404	g	provider-missing: CV 124651 "The Incredible Rockhead: The Complete Comics Collection" 2020 Stone Arch Books 1 issues — near (gap 0), found by 'The Incredible Rockhead: The Complete Comics Collection' (via CV candidate name "The Incredible Rockhead: The Complete Comics Collection"); invisible before TODO 30
S9404	g	provider-missing: CV 75941 "Female Force: Women of Europe" 2014 TidalWave Productions 1 issues — far (gap 6), found by 'Female Force: Women of Europe' (via CV candidate name "Female Force: Women of Europe"); invisible before TODO 30
S9440	g	S cv=-: CV 111829 "Infinity 8: Love and Mummies" 2018 Lion Forge Comics 1 issues — near (gap 0), found by 'Infinity 8: Love and Mummies' (via CV candidate name "Infinity 8: Love and Mummies"); invisible before TODO 30
S9440	g	S cv=-: CV 114438 "Infinity 8: ...Back To the Führer!" 2018 Magnetic Press 1 issues — near (gap 0), found by 'Infinity 8: ...Back To the Führer!' (via CV candidate name "Infinity 8: ...Back To the Führer!"); invisible before TODO 30
S9459	g	provider-missing: CV 52423 "Halo and Sprocket: Natural Creatures" 2012 SLG Publishing 1 issues — far (gap 12), found by 'Halo and Sprocket: Natural Creatures' (via CV candidate name "Halo and Sprocket: Natural Creatures"); invisible before TODO 30
S9459	g	provider-missing: CV 52426 "Halo and Sprocket" 2003 SLG Publishing 1 issues — far (gap 21), found by 'Halo and Sprocket' (via CV candidate name "Halo and Sprocket"); invisible before TODO 30
S9459	g	provider-missing: CV 38628 "Halo and Sprocket" 2002 SLG Publishing 5 issues — far (gap 22), found by 'Halo and Sprocket' (via CV candidate name "Halo and Sprocket"); invisible before TODO 30
S9508	g	provider-missing: CV 57366 "The Art of Boom! Studios" 2010 Boom! Studios 1 issues — far (gap 4), found by 'The Art of Boom! Studios' (via CV candidate name "The Art of Boom! Studios"); invisible before TODO 30
S9510	g	provider-missing: CV 108538 "Please Destroy The Internet!!!" 2018 Silver Sprocket 1 issues — near (gap 1), found by 'Please Destroy The Internet!!!' (via CV candidate name "Please Destroy The Internet!!!"); invisible before TODO 30
S9532	g	provider-missing: CV 76017 "Invasion of the Space Amazons from the Purple Planet" 1997 Grizmart Productions 4 issues — far (gap 22), found by 'Invasion of the Space Amazons from the Purple Planet' (via CV candidate name "Invasion of the Space Amazons from the Purple Planet"); invisible before TODO 30
S9553	g	S cv=-+provider-missing: CV 149088 "Invisible: A Graphic Novel" 2022 Scholastic Book Services 1 issues — near (gap 0), found by 'Invisible: A Graphic Novel' (via CV candidate name "Invisible: A Graphic Novel"); invisible before TODO 30
S9596	g	provider-missing: CV 84068 "Iron Man: The Inevitable" 2006 Marvel 1 issues — near (gap 0), found by 'Iron Man: The Inevitable' (own spelling); invisible before TODO 30
S9656	g	provider-missing: CV 61329 "The Li'l Depressed Boy: Love Is A Place" 2013 Image 1 issues — far (gap 5), found by 'The Li'l Depressed Boy: Love Is A Place' (via CV candidate name "The Li'l Depressed Boy: Love Is A Place"); invisible before TODO 30
S9660	g	provider-missing: CV 57366 "The Art of Boom! Studios" 2010 Boom! Studios 1 issues — far (gap 5), found by 'The Art of Boom! Studios' (via CV candidate name "The Art of Boom! Studios"); invisible before TODO 30
S9662	g	provider-missing: CV 113940 "The Adventure's of Simon's Island" 2018 self published 7 issues — far (gap 4), found by 'The Adventure's of Simon's Island' (via CV candidate name "The Adventure's of Simon's Island"); invisible before TODO 30
S9677	g	S cv=-+provider-missing: CV 121508 "Glenn Ganges in: The River at Night" 2019 Drawn & Quarterly 1 issues — far (gap 2), found by 'Glenn Ganges in: The River at Night' (via CV candidate name "Glenn Ganges in: The River at Night"); invisible before TODO 30
S9686	g	provider-missing: CV 139248 "It's a Dog's Life, Snoopy" 2001 Random House 1 issues — far (gap 20), found by 'It's a Dog's Life, Snoopy' (via CV candidate name "It's a Dog's Life, Snoopy"); invisible before TODO 30
S9689	g	provider-missing: CV 66277 "It's a Mystery, Charlie Brown" 1975 Scholastic Book Services 1 issues — far (gap 41), found by 'It's a Mystery, Charlie Brown' (via CV candidate name "It's a Mystery, Charlie Brown"); invisible before TODO 30
S9689	g	provider-missing: CV 58414 "It's a Dog's Life, Charlie Brown" 1962 Holt, Rinehart and Winston 1 issues — far (gap 54), found by 'It's a Dog's Life, Charlie Brown' (via CV candidate name "It's a Dog's Life, Charlie Brown"); invisible before TODO 30
S9823	g	provider-missing: CV 119205 "Jeremy - A Tribute To..." 2019 Europe Comics 1 issues — far (gap 4), found by 'Jeremy - A Tribute To...' (via CV candidate name "Jeremy - A Tribute To..."); invisible before TODO 30
S9831	g	provider-missing: CV 110101 "Jessica Jones: Return of the Purple Man" 2018 Marvel 1 issues — near (gap 1), found by 'Jessica Jones: Return of the Purple Man' (via CV candidate name "Jessica Jones: Return of the Purple Man"); invisible before TODO 30
S9847	g	provider-missing: CV 74522 "Jim Butcher's The Dresden Files: War Cry" 2014 Dynamite Entertainment 5 issues — near (gap 1), found by 'Jim Butcher's The Dresden Files: War Cry' (via CV candidate name "Jim Butcher's The Dresden Files: War Cry"); invisible before TODO 30
S9847	g	provider-missing: CV 77897 "Jim Butcher's The Dresden Files: War Cry" 2014 Dynamite Entertainment 1 issues — near (gap 1), found by 'Jim Butcher's The Dresden Files: War Cry' (via CV candidate name "Jim Butcher's The Dresden Files: War Cry"); invisible before TODO 30
S9847	g	provider-missing: CV 102116 "Jim Butcher's The Dresden Files: Dog Men" 2017 Dynamite Entertainment 6 issues — far (gap 2), found by 'Jim Butcher's The Dresden Files: Dog Men' (via CV candidate name "Jim Butcher's The Dresden Files: Dog Men"); invisible before TODO 30
S9847	g	provider-missing: CV 108736 "Jim Butcher's The Dresden Files: Dog Men" 2018 Dynamite Entertainment 1 issues — far (gap 3), found by 'Jim Butcher's The Dresden Files: Dog Men' (via CV candidate name "Jim Butcher's The Dresden Files: Dog Men"); invisible before TODO 30
S9852	g	provider-missing: CV 140369 "Jim Henson's Fraggle Rock: Tails and Tales" 2011 Archaia 1 issues — far (gap 9), found by 'Jim Henson's Fraggle Rock: Tails and Tales' (via CV candidate name "Jim Henson's Fraggle Rock: Tails and Tales"); invisible before TODO 30
S9881	g	provider-missing: CV 80512 "The Adventures of The Green Thumb & Purple Haze" 2014 Ntr Sentra Productions 1 issues — far (gap 10), found by 'The Adventures of The Green Thumb & Purple Haze' (via CV candidate name "The Adventures of The Green Thumb & Purple Haze"); invisible before TODO 30
S9889	g	provider-missing: CV 145474 "Chilling Adventures of Salem" 2022 Archie Comics 1 issues — far (gap 10), found by 'Chilling Adventures of Salem' (via GCD name "Chilling Adventures of Salem"); invisible before TODO 30
S9983	g	provider-missing: CV 101620 "Josie and the Pussycats" 2017 Archie Comics 2 issues — far (gap 2), found by 'Josie and the Pussycats' (via CV candidate name "Josie and the Pussycats"); invisible before TODO 30
S9983	g	provider-missing: CV 94434 "Josie and the Pussycats" 2016 Archie Comics 9 issues — far (gap 3), found by 'Josie and the Pussycats' (via CV candidate name "Josie and the Pussycats"); invisible before TODO 30
S9983	g	provider-missing: CV 11908 "Josie and the Pussycats" 1993 Archie Comics 2 issues — far (gap 26), found by 'Josie and the Pussycats' (via CV candidate name "Josie and the Pussycats"); invisible before TODO 30
S9983	g	provider-missing: CV 11907 "Josie and the Pussycats" 1969 Archie Comics 62 issues — far (gap 50), found by 'Josie and the Pussycats' (via CV candidate name "Josie and the Pussycats"); invisible before TODO 30
S10025	g	provider-missing: CV 84433 "Judge Dredd Classics: The Dark Judges" 2015 IDW Publishing 1 issues — near (gap 0), found by 'Judge Dredd Classics: The Dark Judges' (own spelling); invisible before TODO 30
S10067	g	provider-missing: CV 46273 "The Best of Drawn & Quarterly" 1993 Drawn & Quarterly 1 issues — far (gap 30), found by 'The Best of Drawn & Quarterly' (via CV candidate name "The Best of Drawn & Quarterly"); invisible before TODO 30
S10078	g	provider-missing: CV 83139 "Junior Braves of the Apocalypse: A Brave Is Brave" 2015 Oni Press 1 issues — near (gap 0), found by 'Junior Braves of the Apocalypse: A Brave Is Brave' (via CV candidate name "Junior Braves of the Apocalypse: A Brave Is Brave"); invisible before TODO 30
S10080	g	provider-missing: CV 105281 "Voices in the Dark" 2017 New York Review Comics 1 issues — far (gap 11), found by 'Voices in the Dark' (via CV candidate name "Voices in the Dark"); invisible before TODO 30
S10081	g	provider-missing: CV 105281 "Voices in the Dark" 2017 New York Review Comics 1 issues — far (gap 14), found by 'Voices in the Dark' (via CV candidate name "Voices in the Dark"); invisible before TODO 30
S10088	g	provider-missing: CV 107382 "The Canadian Alternative: Cartoonists, Comics, and Graphic Novels" 2017 University Press of Mississippi 1 issues — far (gap 2), found by 'The Canadian Alternative: Cartoonists, Comics, and Graphic Novels' (via CV candidate name "The Canadian Alternative: Cartoonists, Comics, and Graphic Novels"); invisible before TODO 30
S10156	g	provider-missing: CV 23383 "Justice League of America Archives" 1997 DC Comics 10 issues — far (gap 14), found by 'Justice League of America Archives' (via CV candidate name "Justice League of America Archives"); invisible before TODO 30
S10158	g	S cv=-: CV 36997 "Justice League of America: Sanctuary" 2009 DC Comics 1 issues — far (gap 12), found by 'Justice League of America - Sanctuary' (own spelling); invisible before TODO 30
S10158	g	S cv=-: CV 42980 "Justice League of America: Omega" 2011 DC Comics 1 issues — far (gap 14), found by 'Justice League of America - Omega' (own spelling); invisible before TODO 30
S10162	g	provider-missing: CV 23383 "Justice League of America Archives" 1997 DC Comics 10 issues — far (gap 13), found by 'Justice League of America Archives' (via CV candidate name "Justice League of America Archives"); invisible before TODO 30
S10163	g	provider-missing: CV 23383 "Justice League of America Archives" 1997 DC Comics 10 issues — far (gap 13), found by 'Justice League of America Archives' (via CV candidate name "Justice League of America Archives"); invisible before TODO 30
S10165	g	provider-missing: CV 23383 "Justice League of America Archives" 1997 DC Comics 10 issues — far (gap 11), found by 'Justice League of America Archives' (via CV candidate name "Justice League of America Archives"); invisible before TODO 30
S10166	g	provider-missing: CV 23383 "Justice League of America Archives" 1997 DC Comics 10 issues — far (gap 12), found by 'Justice League of America Archives' (via CV candidate name "Justice League of America Archives"); invisible before TODO 30
S10169	g	provider-missing: CV 23383 "Justice League of America Archives" 1997 DC Comics 10 issues — far (gap 15), found by 'Justice League of America Archives' (via CV candidate name "Justice League of America Archives"); invisible before TODO 30
S10170	g	provider-missing: CV 23383 "Justice League of America Archives" 1997 DC Comics 10 issues — far (gap 11), found by 'Justice League of America Archives' (via CV candidate name "Justice League of America Archives"); invisible before TODO 30
S10173	g	provider-missing: CV 23383 "Justice League of America Archives" 1997 DC Comics 10 issues — far (gap 13), found by 'Justice League of America Archives' (via CV candidate name "Justice League of America Archives"); invisible before TODO 30
S10182	g	provider-missing: CV 111679 "Justice League: The People vs. The Justice League" 2018 DC Comics 1 issues — far (gap 3), found by 'Justice League: The People vs. The Justice League' (via CV candidate name "Justice League: The People vs. The Justice League"); invisible before TODO 30
S10262	g	provider-missing: CV 143608 "Kang The Conqueror: Only Myself Left To Conquer" 2022 Marvel 1 issues — near (gap 1), found by 'Kang The Conqueror: Only Myself Left To Conquer' (via CV candidate name "Kang The Conqueror: Only Myself Left To Conquer"); invisible before TODO 30
S10262	g	provider-missing: CV 138345 "Kang the Conqueror" 2021 Marvel 5 issues — far (gap 2), found by 'Kang the Conqueror' (via CV candidate name "Kang the Conqueror"); invisible before TODO 30
S10266	g	provider-missing: CV 128436 "Spores: Prom of the Dead" 2020 Behemoth Comics 1 issues — far (gap 4), found by 'Spores: Prom of the Dead' (via CV candidate name "Spores: Prom of the Dead"); invisible before TODO 30
S10285	g	S cv=-+provider-missing: CV 23070 "Domu: A Child's Dream" 1995 Dark Horse Comics 3 issues — far (gap 15), found by 'Domu: A Child's Dream' (via CV candidate name "Domu: A Child's Dream"); invisible before TODO 30
S10285	g	S cv=-+provider-missing: CV 137391 "Domu: A Child's Dream" 1996 Dark Horse Comics 1 issues — far (gap 16), found by 'Domu: A Child's Dream' (via CV candidate name "Domu: A Child's Dream"); invisible before TODO 30
S10294	g	provider-missing: CV 29937 "Wart and the Wizard" 1964 Western Publishing 1 issues — far (gap 60), found by 'Wart and the Wizard' (via CV candidate name "Wart and the Wizard"); invisible before TODO 30
S10333	g	S cv=-: CV 57550 "Kill Shakespeare: The Tide of Blood" 2013 IDW Publishing 5 issues — far (gap 3), found by 'Kill Shakespeare: The Tide of Blood' (via CV candidate name "Kill Shakespeare: The Tide of Blood"); invisible before TODO 30
S10333	g	S cv=-: CV 68183 "Kill Shakespeare: The Tide of Blood" 2013 IDW Publishing 1 issues — far (gap 3), found by 'Kill Shakespeare: The Tide of Blood' (via CV candidate name "Kill Shakespeare: The Tide of Blood"); invisible before TODO 30
S10351	g	S cv=-: CV 110635 "Scout Comics Presents: The Mall" 2018 Scout Comics 1 issues — far (gap 5), found by 'Scout Comics Presents: The Mall' (via CV candidate name "Scout Comics Presents: The Mall"); invisible before TODO 30
S10409	g	provider-missing: CV 82293 "Blood and Honor: The Foreworld Saga Graphic Novels" 2015 Jet City Comics 1 issues — near (gap 1), found by 'Blood and Honor: The Foreworld Saga Graphic Novels' (via CV candidate name "Blood and Honor: The Foreworld Saga Graphic Novels"); invisible before TODO 30
S10426	g	provider-missing: CV 85116 "The Marvel Legacy of Jack Kirby" 2015 Marvel 1 issues — far, found by 'The Marvel Legacy of Jack Kirby' (via CV candidate name "The Marvel Legacy of Jack Kirby"); invisible before TODO 30
S10427	g	provider-missing: CV 53109 "Charles Burns The Hive" 2012 Random House 1 issues — far (gap 10), found by 'Charles Burns The Hive' (via CV candidate name "Charles Burns The Hive"); invisible before TODO 30
S10458	g	provider-missing: CV 9179 "Knights of the Dinner Table" 1994 Kenzer and Company 310 issues — near (gap 0), found by 'Knights of the Dinner Table' (via CV candidate name "Knights of the Dinner Table"); invisible before TODO 30
S10458	g	provider-missing: CV 46158 "Knights of the Dinner Table Special" 2003 Kenzer and Company 3 issues — far (gap 9), found by 'Knights of the Dinner Table Special' (via CV candidate name "Knights of the Dinner Table Special"); invisible before TODO 30
S10458	g	provider-missing: CV 46155 "Knights of the Dinner Table Special" 2008 Kenzer and Company 1 issues — far (gap 14), found by 'Knights of the Dinner Table Special' (via CV candidate name "Knights of the Dinner Table Special"); invisible before TODO 30
S10458	g	provider-missing: CV 56640 "Knights of the Dinner Table: Black Hands 2011 Special" 2011 Kenzer and Company 1 issues — far (gap 17), found by 'Knights of the Dinner Table: Black Hands 2011 Special' (via CV candidate name "Knights of the Dinner Table: Black Hands 2011 Special"); invisible before TODO 30
S10459	g	provider-missing: CV 9179 "Knights of the Dinner Table" 1994 Kenzer and Company 310 issues — near (gap 0), found by 'Knights of the Dinner Table' (via CV candidate name "Knights of the Dinner Table"); invisible before TODO 30
S10459	g	provider-missing: CV 36220 "Knights of the Dinner Table: Black Hands 2010 Special" 2010 Kenzer and Company 2 issues — far (gap 16), found by 'Knights of the Dinner Table: Black Hands 2010 Special' (via CV candidate name "Knights of the Dinner Table: Black Hands 2010 Special"); invisible before TODO 30
S10462	g	provider-missing: CV 46155 "Knights of the Dinner Table Special" 2008 Kenzer and Company 1 issues — far (gap 2), found by 'Knights of the Dinner Table Special' (via CV candidate name "Knights of the Dinner Table Special"); invisible before TODO 30
S10462	g	provider-missing: CV 46158 "Knights of the Dinner Table Special" 2003 Kenzer and Company 3 issues — far (gap 7), found by 'Knights of the Dinner Table Special' (via CV candidate name "Knights of the Dinner Table Special"); invisible before TODO 30
S10462	g	provider-missing: CV 9179 "Knights of the Dinner Table" 1994 Kenzer and Company 310 issues — far (gap 16), found by 'Knights of the Dinner Table' (via CV candidate name "Knights of the Dinner Table"); invisible before TODO 30
S10463	g	provider-missing: CV 46155 "Knights of the Dinner Table Special" 2008 Kenzer and Company 1 issues — far (gap 3), found by 'Knights of the Dinner Table Special' (via CV candidate name "Knights of the Dinner Table Special"); invisible before TODO 30
S10463	g	provider-missing: CV 46158 "Knights of the Dinner Table Special" 2003 Kenzer and Company 3 issues — far (gap 8), found by 'Knights of the Dinner Table Special' (via CV candidate name "Knights of the Dinner Table Special"); invisible before TODO 30
S10463	g	provider-missing: CV 9179 "Knights of the Dinner Table" 1994 Kenzer and Company 310 issues — far (gap 17), found by 'Knights of the Dinner Table' (via CV candidate name "Knights of the Dinner Table"); invisible before TODO 30
S10516	g	S cv=-: CV 81156 "Krazy & Ignatz: 1922-1924 - Drim of Love" 2015 Fantagraphics 1 issues — far (gap 13), found by 'Krazy & Ignatz: 1922-1924 - Drim of Love' (via CV candidate name "Krazy & Ignatz: 1922-1924 - Drim of Love"); invisible before TODO 30
S10531	g	provider-missing: CV 95386 "LEGO DC Super Heroes: Save The Day!" 2016 Scholastic Book Services 1 issues — far (gap 3), found by 'LEGO DC Super Heroes: Save The Day!' (via CV candidate name "LEGO DC Super Heroes: Save The Day!"); invisible before TODO 30
S10535	g	provider-missing: CV 52423 "Halo and Sprocket: Natural Creatures" 2012 SLG Publishing 1 issues — far (gap 11), found by 'Halo and Sprocket: Natural Creatures' (via CV candidate name "Halo and Sprocket: Natural Creatures"); invisible before TODO 30
S10535	g	provider-missing: CV 52426 "Halo and Sprocket" 2003 SLG Publishing 1 issues — far (gap 20), found by 'Halo and Sprocket' (via CV candidate name "Halo and Sprocket"); invisible before TODO 30
S10535	g	provider-missing: CV 38628 "Halo and Sprocket" 2002 SLG Publishing 5 issues — far (gap 21), found by 'Halo and Sprocket' (via CV candidate name "Halo and Sprocket"); invisible before TODO 30
S10543	g	provider-missing: CV 50432 "Ladies of the Night" 2011 Antarctic Press 1 issues — far (gap 11), found by 'Ladies of the Night' (via CV candidate name "Ladies of the Night"); invisible before TODO 30
S10585	g	provider-missing: CV 66881 "Mickey Mouse and the Last Dance" 2013 Disney 1 issues — far (gap 8), found by 'Mickey Mouse and the Last Dance' (via CV candidate name "Mickey Mouse and the Last Dance"); invisible before TODO 30
S10598	g	provider-missing: CV 28445 "Chronicles of Wormwood: The Last Battle" 2009 Avatar Press 6 issues — far, found by 'Chronicles of Wormwood: The Last Battle' (via CV candidate name "Chronicles of Wormwood: The Last Battle"); invisible before TODO 30
S10598	g	provider-missing: CV 70297 "Chronicles of Wormwood: The Last Battle" 2011 Avatar Press 1 issues — far, found by 'Chronicles of Wormwood: The Last Battle' (via CV candidate name "Chronicles of Wormwood: The Last Battle"); invisible before TODO 30
S10614	g	provider-missing: CV 118706 "Whispers: A Book About Mental Health" 2019 AAM/Markosia 1 issues — far (gap 5), found by 'Whispers: A Book About Mental Health' (via CV candidate name "Whispers: A Book About Mental Health"); invisible before TODO 30
S10614	g	provider-missing: CV 121686 "Hardcore Anxiety: A Graphic Guide to Punk Rock and Mental Health" 2019 Microcosm Publishing 1 issues — far (gap 5), found by 'Hardcore Anxiety: A Graphic Guide to Punk Rock and Mental Health' (via CV candidate name "Hardcore Anxiety: A Graphic Guide to Punk Rock and Mental Health"); invisible before TODO 30
S10614	g	provider-missing: CV 76505 "Amazing Facts About Cleanliness and Health" 1955 Monsanto 1 issues — far (gap 69), found by 'Amazing Facts About Cleanliness and Health' (via CV candidate name "Amazing Facts About Cleanliness and Health"); invisible before TODO 30
S10631	g	provider-missing: CV 119151 "League of Legends: Ashe: Warmother" 2019 Marvel 1 issues — near (gap 1), found by 'League of Legends: Ashe - Warmother' (own spelling); invisible before TODO 30
S10631	g	provider-missing: CV 146955 "League of Legends" 2019 Panini Verlag 3 issues — near (gap 1), found by 'League of Legends' (via CV candidate name "League of Legends"); invisible before TODO 30
S10632	g	provider-missing: CV 122673 "League of Legends: Lux" 2019 Marvel 1 issues — near (gap 0), found by 'League of Legends: Lux' (own spelling); invisible before TODO 30
S10632	g	provider-missing: CV 146955 "League of Legends" 2019 Panini Verlag 3 issues — near (gap 0), found by 'League of Legends' (via CV candidate name "League of Legends"); invisible before TODO 30
S10633	g	provider-missing: CV 146955 "League of Legends" 2019 Panini Verlag 3 issues — near (gap 0), found by 'League of Legends' (via CV candidate name "League of Legends"); invisible before TODO 30
S10633	g	provider-missing: CV 130787 "League of Legends: Zed" 2020 Marvel 1 issues — near (gap 1), found by 'League of Legends: Zed' (own spelling); invisible before TODO 30
S10640	g	provider-missing: CV 102880 "Adam Strange: The Silver Age Omnibus" 2017 DC Comics 1 issues — far (gap 6), found by 'Adam Strange: The Silver Age Omnibus' (via CV candidate name "Adam Strange: The Silver Age Omnibus"); invisible before TODO 30
S10648	g	provider-missing: CV 61301 "The Legend of Isis: Manga" ? TidalWave Productions 1 issues — far, found by 'The Legend of Isis: Manga' (via CV candidate name "The Legend of Isis: Manga"); invisible before TODO 30
S10656	g	provider-missing: CV 150155 "Dawn of DC We Are Legends Special Edition" 2023 DC Comics 1 issues — far (gap 7), found by 'Dawn of DC We Are Legends Special Edition' (via CV candidate name "Dawn of DC We Are Legends Special Edition"); invisible before TODO 30
S10675	g	provider-missing: CV 148279 "Legends of the Pierced Veil: The Scarlet Blades" 2023 Humanoids 1 issues — near (gap 0), found by 'Legends of the Pierced Veil: The Scarlet Blades' (via CV candidate name "Legends of the Pierced Veil: The Scarlet Blades"); invisible before TODO 30
S10675	g	provider-missing: CV 151410 "Legends of the Pierced Veil: Izuna" 2023 Humanoids 1 issues — near (gap 0), found by 'Legends of the Pierced Veil: Izuna' (via CV candidate name "Legends of the Pierced Veil: Izuna"); invisible before TODO 30
S10702	g	provider-missing: CV 34357 "Adventures With The DC Super Heroes" 2000 DC Comics 2 issues — far (gap 16), found by 'Adventures With The DC Super Heroes' (via CV candidate name "Adventures With The DC Super Heroes"); invisible before TODO 30
S10703	g	provider-missing: CV 56885 "The Amazing World of DC Comics" 1976 DC Comics 1 issues — far (gap 40), found by 'The Amazing World of DC Comics' (via CV candidate name "The Amazing World of DC Comics"); invisible before TODO 30
S10703	g	provider-missing: CV 19724 "The Amazing World of DC Comics" 1974 DC Comics 17 issues — far (gap 42), found by 'The Amazing World of DC Comics' (via CV candidate name "The Amazing World of DC Comics"); invisible before TODO 30
S10708	g	provider-missing: CV 124099 "Stranger Things: Into the Fire" 2020 Dark Horse Comics 4 issues — near (gap 0), found by 'Stranger Things: Into the Fire' (via CV candidate name "Stranger Things: Into the Fire"); invisible before TODO 30
S10708	g	provider-missing: CV 129116 "Stranger Things: Into the Fire" 2020 Dark Horse Comics 1 issues — near (gap 0), found by 'Stranger Things: Into the Fire' (via CV candidate name "Stranger Things: Into the Fire"); invisible before TODO 30
S10708	g	provider-missing: CV 113739 "WWE: NXT Takeover - Into the Fire" 2018 Boom! Studios 1 issues — far (gap 2), found by 'WWE: NXT Takeover - Into the Fire' (via CV candidate name "WWE: NXT Takeover - Into the Fire"); invisible before TODO 30
S10726	g	provider-missing: CV 121000 "Stalingrad: Letters From the Volga" 2019 Dead Reckoning 1 issues — far (gap 2), found by 'Stalingrad: Letters From the Volga' (via CV candidate name "Stalingrad: Letters From the Volga"); invisible before TODO 30
S10736	g	provider-missing: CV 1837 "Adventures of Homer Ghost" 1957 Marvel 2 issues — far (gap 55), found by 'Adventures of Homer Ghost' (via CV candidate name "Adventures of Homer Ghost"); invisible before TODO 30
S10742	g	provider-missing: CV 87447 "Poison Ivy: Cycle of Life and Death" 2016 DC Comics 6 issues — far (gap 3), found by 'Poison Ivy: Cycle of Life and Death' (via CV candidate name "Poison Ivy: Cycle of Life and Death"); invisible before TODO 30
S10742	g	provider-missing: CV 93935 "Poison Ivy: Cycle of Life and Death" 2016 DC Comics 1 issues — far (gap 3), found by 'Poison Ivy: Cycle of Life and Death' (via CV candidate name "Poison Ivy: Cycle of Life and Death"); invisible before TODO 30
S10751	g	provider-missing: CV 158695 "Life of Wolverine" 2024 Marvel 1 issues — far (gap 2), found by 'Life of Wolverine' (via CV candidate name "Life of Wolverine"); invisible before TODO 30
S10755	g	S cv=-+provider-missing: CV 164002 "Crush of a Lifetime" 2024 ReNoir Comics 3 issues — far (gap 3), found by 'Crush of a Lifetime' (via CV candidate name "Crush of a Lifetime"); invisible before TODO 30
S10755	g	S cv=-+provider-missing: CV 24689 "Chance Of A Lifetime" 2005 Cellar Door Publishing 1 issues — far (gap 16), found by 'Chance Of A Lifetime' (via CV candidate name "Chance Of A Lifetime"); invisible before TODO 30
S10760	g	S cv=-+provider-missing: CV 130008 "Lightfall: The Girl & the Galdurian" 2020 HarperCollins 1 issues — far (gap 4), found by 'Lightfall: The Girl & the Galdurian' (via CV candidate name "Lightfall: The Girl & the Galdurian"); invisible before TODO 30
S10761	g	provider-missing: CV 75941 "Female Force: Women of Europe" 2014 TidalWave Productions 1 issues — far (gap 4), found by 'Female Force: Women of Europe' (via CV candidate name "Female Force: Women of Europe"); invisible before TODO 30
S10775	g	S cv=-+provider-missing: CV 50305 "Top Shelf Asks the Big Questions" 2003 Top Shelf 1 issues — far (gap 20), found by 'Top Shelf Asks the Big Questions' (via CV candidate name "Top Shelf Asks the Big Questions"); invisible before TODO 30
S10784	g	provider-missing: CV 74365 "Golden Book of Comics" 1950 Amalgamated Press 1 issues — far (gap 54), found by 'Golden Book of Comics' (via CV candidate name "Golden Book of Comics"); invisible before TODO 30
S10806	g	provider-missing: CV 94394 "Little Tails: In the Forest" 2016 Magnetic Press 1 issues — far (gap 14), found by 'Little Tails: In the Forest' (via CV candidate name "Little Tails: In the Forest"); invisible before TODO 30
S10806	g	provider-missing: CV 119364 "My Little Pony: Spirit of the Forest" 2019 IDW Publishing 3 issues — far (gap 17), found by 'My Little Pony: Spirit of the Forest' (via CV candidate name "My Little Pony: Spirit of the Forest"); invisible before TODO 30
S10806	g	provider-missing: CV 122411 "My Little Pony: Spirit of the Forest" 2019 IDW Publishing 1 issues — far (gap 17), found by 'My Little Pony: Spirit of the Forest' (via CV candidate name "My Little Pony: Spirit of the Forest"); invisible before TODO 30
S10818	g	provider-missing: CV 141810 "Loaded Bible: Blood of My Blood" 2022 Image 6 issues — far (gap 16), found by 'Loaded Bible: Blood Of My Blood' (own spelling); invisible before TODO 30
S10869	g	provider-missing: CV 124136 "Loki: The God Who Fell To Earth" 2020 Marvel 1 issues — far (gap 3), found by 'Loki: The God Who Fell To Earth' (via CV candidate name "Loki: The God Who Fell To Earth"); invisible before TODO 30
S10869	g	provider-missing: CV 37490 "Thor: The Mighty Avenger: The God Who Fell To Earth" 2010 Marvel 1 issues — far (gap 13), found by 'Thor: The Mighty Avenger: The God Who Fell To Earth' (via CV candidate name "Thor: The Mighty Avenger: The God Who Fell To Earth"); invisible before TODO 30
S10926	g	provider-missing: CV 129439 "Walk On the Wild Side" 2020 Harlequin Comics 1 issues — far (gap 3), found by 'Walk On the Wild Side' (via CV candidate name "Walk On the Wild Side"); invisible before TODO 30
S10964	g	provider-missing: CV 62082 "Lost and Found" 2011 Tokyopop GmbH 1 issues — far (gap 9), found by 'Lost and Found' (via CV candidate name "Lost and Found"); invisible before TODO 30
S10978	g	S cv=-+provider-missing: CV 136483 "In: A Graphic Novel" 2021 Houghton Mifflin Harcourt 1 issues — far (gap 2), found by 'In: A Graphic Novel' (via CV candidate name "In: A Graphic Novel"); invisible before TODO 30
S10978	g	S cv=-+provider-missing: CV 114025 "Paradise Lost: A Graphic Novel" 2018 Pegasus 1 issues — far (gap 5), found by 'Paradise Lost: A Graphic Novel' (via CV candidate name "Paradise Lost: A Graphic Novel"); invisible before TODO 30
S10986	g	S cv=-+provider-missing: CV 48204 "Bumperboy and the Loud, Loud Mountain" 2006 Adhouse Books 1 issues — far (gap 16), found by 'Bumperboy and the Loud, Loud Mountain' (via CV candidate name "Bumperboy and the Loud, Loud Mountain"); invisible before TODO 30
S10988	g	provider-missing: CV 46273 "The Best of Drawn & Quarterly" 1993 Drawn & Quarterly 1 issues — far (gap 16), found by 'The Best of Drawn & Quarterly' (via CV candidate name "The Best of Drawn & Quarterly"); invisible before TODO 30
S10989	g	provider-missing: CV 64980 "Defenders of Europe" 2011 Emmetre Edizioni 2 issues — far (gap 8), found by 'Defenders of Europe' (via CV candidate name "Defenders of Europe"); invisible before TODO 30
S10996	g	provider-missing: CV 120873 "Mars Attacks Kills the Comics Universe" 2019 Comics Zone 1 issues — far (gap 4), found by 'Mars Attacks Kills the Comics Universe' (via CV candidate name "Mars Attacks Kills the Comics Universe"); invisible before TODO 30
S11024	g	provider-missing: CV 27747 "Marvel Romance Redux: Another Kind Of Love" 2007 Marvel 1 issues — far (gap 10), found by 'Marvel Romance Redux: Another Kind Of Love' (via CV candidate name "Marvel Romance Redux: Another Kind Of Love"); invisible before TODO 30
S11047	g	provider-missing: CV 88546 "Action Lab, Dog of Wonder" 2016 Action Lab 8 issues — far (gap 4), found by 'Action Lab: Dog of Wonder' (via CV candidate name "Action Lab: Dog of Wonder"); invisible before TODO 30
S11047	g	provider-missing: CV 85396 "Action Lab: Dog of Wonder" 2015 Action Lab 1 issues — far (gap 5), found by 'Action Lab: Dog of Wonder' (via CV candidate name "Action Lab: Dog of Wonder"); invisible before TODO 30
S11081	g	S cv=-+provider-missing: CV 114656 "First Year Out: A Transition Story" 2017 Jessica Kingsley Publishers 1 issues — far (gap 7), found by 'First Year Out: A Transition Story' (via CV candidate name "First Year Out: A Transition Story"); invisible before TODO 30
S11094	g	S cv=-+provider-missing: CV 45416 "My Boyfriend is a Monster" 2011 Lerner Publishing Group 8 issues — far (gap 11), found by 'My Boyfriend is a Monster' (via CV candidate name "My Boyfriend is a Monster"); invisible before TODO 30
S11098	g	provider-missing: CV 112139 "F.A.W.K." 2007 Fallen Angel Media 1 issues — far (gap 10), found by 'F.A.W.K.' (via CV candidate name "F.A.W.K."); invisible before TODO 30
S11112	g	S cv=-+provider-missing: CV 69346 "Mad Presents Spy vs. Spy: Fighting to the Finish!" 2013 DC Comics 1 issues — far (gap 2), found by 'Mad Presents Spy vs. Spy: Fighting to the Finish!' (via CV candidate name "Mad Presents Spy vs. Spy: Fighting to the Finish!"); invisible before TODO 30
S11112	g	S cv=-+provider-missing: CV 78988 "MAD Presents: Spy Vs. Spy - The Top Secret Files" 2013 DC Comics 1 issues — far (gap 2), found by 'MAD Presents: Spy Vs. Spy - The Top Secret Files' (via CV candidate name "MAD Presents: Spy Vs. Spy - The Top Secret Files"); invisible before TODO 30
S11123	g	provider-missing: CV 31527 "Spy vs Spy Missions of Madness" 2009 Watson-Guptill Publications 1 issues — far (gap 27), found by 'Spy vs Spy Missions of Madness' (via CV candidate name "Spy vs Spy Missions of Madness"); invisible before TODO 30
S11142	g	S cv=-+provider-missing: CV 53063 "Willie The Penguin" 1951 Pines Publishing 6 issues — far (gap 73), found by 'Willie The Penguin' (via CV candidate name "Willie The Penguin"); invisible before TODO 30
S11164	g	provider-missing: CV 119106 "SeaFoam: A Friend For Madison" 2019 Action Lab 4 issues — near (gap 1), found by 'SeaFoam: A Friend For Madison' (via CV candidate name "SeaFoam: A Friend For Madison"); invisible before TODO 30
S11164	g	provider-missing: CV 121041 "SeaFoam: A Friend For Madison" 2019 Action Lab 1 issues — near (gap 1), found by 'SeaFoam: A Friend For Madison' (via CV candidate name "SeaFoam: A Friend For Madison"); invisible before TODO 30
S11188	g	provider-missing: CV 28588 "Jiggs and Maggie" 1941 Pines Publishing 18 issues — far (gap 71), found by 'Jiggs and Maggie' (via CV candidate name "Jiggs and Maggie"); invisible before TODO 30
S11193	g	S cv=-: CV 45576 "Magic The Gathering" 2012 IDW Publishing 4 issues — near (gap 0), found by 'Magic - The Gathering' (own spelling); invisible before TODO 30
S11193	g	S cv=-: CV 54319 "Magic the Gathering" 2012 IDW Publishing 2 issues — near (gap 0), found by 'Magic - The Gathering' (own spelling); invisible before TODO 30
S11193	g	S cv=-: CV 54467 "Magic: The Gathering -- Path of Vengeance" 2012 IDW Publishing 4 issues — near (gap 0), found by 'Magic: The Gathering -- Path of Vengeance' (via CV candidate name "Magic: The Gathering -- Path of Vengeance"); invisible before TODO 30
S11193	g	S cv=-: CV 60562 "Magic: The Gathering -- Path of Vengeance" 2013 IDW Publishing 1 issues — near (gap 1), found by 'Magic: The Gathering -- Path of Vengeance' (via CV candidate name "Magic: The Gathering -- Path of Vengeance"); invisible before TODO 30
S11193	g	S cv=-: CV 61781 "Magic: The Gathering" 2013 Panini Verlag 1 issues — near (gap 1), found by 'Magic - The Gathering' (own spelling); invisible before TODO 30
S11193	g	S cv=-: CV 161002 "Magic - The Gathering" 2024 Panini Verlag 6 issues — far (gap 12), found by 'Magic - The Gathering' (own spelling); invisible before TODO 30
S11202	g	provider-missing: CV 120189 "Magic: The Gathering: A Visual History" 2019 Harry N. Abrams 1 issues — near (gap 1), found by 'Magic: The Gathering: A Visual History' (via CV candidate name "Magic: The Gathering: A Visual History"); invisible before TODO 30
S11202	g	provider-missing: CV 161002 "Magic - The Gathering" 2024 Panini Verlag 6 issues — far (gap 4), found by 'Magic: The Gathering' (via CV candidate name "Magic: The Gathering"); invisible before TODO 30
S11202	g	provider-missing: CV 61781 "Magic: The Gathering" 2013 Panini Verlag 1 issues — far (gap 7), found by 'Magic: The Gathering' (via CV candidate name "Magic: The Gathering"); invisible before TODO 30
S11202	g	provider-missing: CV 45576 "Magic The Gathering" 2012 IDW Publishing 4 issues — far (gap 8), found by 'Magic: The Gathering' (via CV candidate name "Magic: The Gathering"); invisible before TODO 30
S11202	g	provider-missing: CV 54319 "Magic the Gathering" 2012 IDW Publishing 2 issues — far (gap 8), found by 'Magic: The Gathering' (via CV candidate name "Magic: The Gathering"); invisible before TODO 30
S11202	g	provider-missing: CV 127586 "Magic the Gathering" 1996 JuniorPress BV 5 issues — far (gap 24), found by 'Magic: The Gathering' (via CV candidate name "Magic: The Gathering"); invisible before TODO 30
S11203	g	provider-missing: CV 120189 "Magic: The Gathering: A Visual History" 2019 Harry N. Abrams 1 issues — far (gap 2), found by 'Magic: The Gathering: A Visual History' (via CV candidate name "Magic: The Gathering: A Visual History"); invisible before TODO 30
S11203	g	provider-missing: CV 161002 "Magic - The Gathering" 2024 Panini Verlag 6 issues — far (gap 3), found by 'Magic: The Gathering' (via CV candidate name "Magic: The Gathering"); invisible before TODO 30
S11203	g	provider-missing: CV 61781 "Magic: The Gathering" 2013 Panini Verlag 1 issues — far (gap 8), found by 'Magic: The Gathering' (via CV candidate name "Magic: The Gathering"); invisible before TODO 30
S11203	g	provider-missing: CV 45576 "Magic The Gathering" 2012 IDW Publishing 4 issues — far (gap 9), found by 'Magic: The Gathering' (via CV candidate name "Magic: The Gathering"); invisible before TODO 30
S11203	g	provider-missing: CV 54319 "Magic the Gathering" 2012 IDW Publishing 2 issues — far (gap 9), found by 'Magic: The Gathering' (via CV candidate name "Magic: The Gathering"); invisible before TODO 30
S11203	g	provider-missing: CV 127586 "Magic the Gathering" 1996 JuniorPress BV 5 issues — far (gap 25), found by 'Magic: The Gathering' (via CV candidate name "Magic: The Gathering"); invisible before TODO 30
S11223	g	provider-missing: CV 18954 "Iron and the Maiden" 2007 Aspen MLT 5 issues — far (gap 13), found by 'Iron and the Maiden' (via CV candidate name "Iron and the Maiden"); invisible before TODO 30
S11228	g	provider-missing: CV 7337 "Beyond the Grave" 1975 Charlton 17 issues — far (gap 48), found by 'Beyond the Grave' (via CV candidate name "Beyond the Grave"); invisible before TODO 30
S11233	g	provider-missing: CV 65599 "Makeshift Miracle: The Girl From Nowhere" 2012 UDON 12 issues — near (gap 1), found by 'Makeshift Miracle: The Girl From Nowhere' (own spelling); invisible before TODO 30
S11289	g	S cv=-+provider-missing: CV 168148 "March Comes in Like a Lion" 2017 Dargaud 17 issues — far (gap 7), found by 'March Comes in Like a Lion' (own spelling); invisible before TODO 30
S11289	g	S cv=-+provider-missing: CV 150064 "March Comes in Like a Lion" 2023 Denpa 3 issues — far (gap 13), found by 'March Comes in Like a Lion' (own spelling); invisible before TODO 30
S11301	g	provider-missing: CV 87460 "Mark Trail in the Smokies" 1989 King Features Syndicate 1 issues — far (gap 43), found by 'Mark Trail in the Smokies' (via CV candidate name "Mark Trail in the Smokies"); invisible before TODO 30
S11323	g	provider-missing: CV 76448 "Beast of the Beast" 2014 ZakMax 1 issues — far (gap 7), found by 'Beast of the Beast' (via CV candidate name "Beast of the Beast"); invisible before TODO 30
S11383	g	provider-missing: CV 116245 "Conan the Barbarian" 2019 Marvel 25 issues — near (gap 0), found by 'Conan the Barbarian' (via CV candidate name "Conan the Barbarian"); invisible before TODO 30
S11383	g	provider-missing: CV 131528 "The Marvel Art of the Savage Sword of Conan the Barbarian" 2020 Marvel 1 issues — near (gap 1), found by 'The Marvel Art of the Savage Sword of Conan the Barbarian' (via CV candidate name "The Marvel Art of the Savage Sword of Conan the Barbarian"); invisible before TODO 30
S11383	g	provider-missing: CV 152857 "Conan the Barbarian" 2023 Titan Comics 26 issues — far (gap 4), found by 'Conan the Barbarian' (via CV candidate name "Conan the Barbarian"); invisible before TODO 30
S11383	g	provider-missing: CV 159225 "Conan the Barbarian" 2024 Titan Comics 3 issues — far (gap 5), found by 'Conan the Barbarian' (via CV candidate name "Conan the Barbarian"); invisible before TODO 30
S11383	g	provider-missing: CV 44351 "Conan the Barbarian" 2012 Dark Horse Comics 25 issues — far (gap 7), found by 'Conan the Barbarian' (via CV candidate name "Conan the Barbarian"); invisible before TODO 30
S11383	g	provider-missing: CV 115185 "Conan the Barbarian " 2003 Gotham Entertainment Group 1 issues — far (gap 16), found by 'Conan the Barbarian' (via CV candidate name "Conan the Barbarian"); invisible before TODO 30
S11395	g	provider-missing: CV 88386 "Guidebook To the Marvel Cinematic Universe – Marvel's The Avengers" 2016 Marvel 1 issues — near (gap 1), found by 'Guidebook To the Marvel Cinematic Universe – Marvel's The Avengers' (via CV candidate name "Guidebook To the Marvel Cinematic Universe – Marvel's The Avengers"); invisible before TODO 30
S11395	g	provider-missing: CV 90706 "Guidebook to the Marvel Cinematic Universe - Marvel's Ant-Man" 2016 Marvel 1 issues — near (gap 1), found by 'Guidebook to the Marvel Cinematic Universe - Marvel's Ant-Man' (via CV candidate name "Guidebook to the Marvel Cinematic Universe - Marvel's Ant-Man"); invisible before TODO 30
S11396	g	provider-missing: CV 100582 "Marvel Cinematic Universe Guidebook: The Avengers Initiative" 2017 Marvel 1 issues — near (gap 1), found by 'Marvel Cinematic Universe Guidebook: The Avengers Initiative' (via CV candidate name "Marvel Cinematic Universe Guidebook: The Avengers Initiative"); invisible before TODO 30
S11396	g	provider-missing: CV 90706 "Guidebook to the Marvel Cinematic Universe - Marvel's Ant-Man" 2016 Marvel 1 issues — far (gap 2), found by 'Guidebook to the Marvel Cinematic Universe - Marvel's Ant-Man' (via CV candidate name "Guidebook to the Marvel Cinematic Universe - Marvel's Ant-Man"); invisible before TODO 30
S11428	g	provider-missing: CV 45956 "The Picture of Dorian Gray" 2008 SelfMadeHero 1 issues — near (gap 0), found by 'The Picture of Dorian Gray' (via CV candidate name "The Picture of Dorian Gray"); invisible before TODO 30
S11428	g	provider-missing: CV 52313 "Marvel Illustrated: The Picture of Dorian Gray" 2007 Marvel 1 issues — near (gap 1), found by 'Marvel Illustrated: The Picture Of Dorian Gray' (own spelling); invisible before TODO 30
S11428	g	provider-missing: CV 52622 "The Picture of Dorian Gray" 2012 IDW Publishing 1 issues — far (gap 4), found by 'The Picture of Dorian Gray' (via CV candidate name "The Picture of Dorian Gray"); invisible before TODO 30
S11442	g	provider-missing: CV 35197 "Marvel Masterworks: The Fantastic Four" 2003 Marvel 27 issues — far (gap 16), found by 'Marvel Masterworks: The Fantastic Four' (via CV candidate name "Marvel Masterworks: The Fantastic Four"); invisible before TODO 30
S11454	g	provider-missing: CV 4235 "The Official Handbook of the Marvel Universe" 1989 Marvel 8 issues — far (gap 17), found by 'The Official Handbook of the Marvel Universe' (via CV candidate name "The Official Handbook of the Marvel Universe"); invisible before TODO 30
S11454	g	provider-missing: CV 33959 "The Official Handbook of the Marvel Universe" 1986 Marvel 10 issues — far (gap 20), found by 'The Official Handbook of the Marvel Universe' (via CV candidate name "The Official Handbook of the Marvel Universe"); invisible before TODO 30
S11454	g	provider-missing: CV 3497 "The Official Handbook of the Marvel Universe" 1985 Marvel 20 issues — far (gap 21), found by 'The Official Handbook of the Marvel Universe' (via CV candidate name "The Official Handbook of the Marvel Universe"); invisible before TODO 30
S11454	g	provider-missing: CV 3237 "The Official Handbook of the Marvel Universe" 1983 Marvel 15 issues — far (gap 23), found by 'The Official Handbook of the Marvel Universe' (via CV candidate name "The Official Handbook of the Marvel Universe"); invisible before TODO 30
S11469	g	S cv=-: CV 59106 "Marvel Masterworks: Atlas Era Tales of Suspense" 2006 Marvel 4 issues — near (gap 0), found by 'Marvel Masterworks - Atlas Era Tales of Suspense' (own spelling); invisible before TODO 30
S11470	g	S cv=-: CV 59106 "Marvel Masterworks: Atlas Era Tales of Suspense" 2006 Marvel 4 issues — near (gap 0), found by 'Marvel Masterworks: Atlas Era Tales of Suspense' (via CV candidate name "Marvel Masterworks: Atlas Era Tales of Suspense"); invisible before TODO 30
S11471	g	provider-missing: CV 149570 "Mighty Marvel Masterworks: The Black Panther" 2022 Marvel 2 issues — far (gap 12), found by 'Mighty Marvel Masterworks: The Black Panther' (via CV candidate name "Mighty Marvel Masterworks: The Black Panther"); invisible before TODO 30
S11497	g	S cv=-: CV 23402 "Marvel Masterworks: The Amazing Spider-Man" 2003 Marvel 26 issues — near (gap 0), found by 'Marvel Masterworks - The Amazing Spider-Man' (own spelling); invisible before TODO 30
S11497	g	S cv=-: CV 102605 "Marvel Masterworks: The Spectacular Spider-Man" 2017 Marvel 8 issues — far (gap 14), found by 'Marvel Masterworks: The Spectacular Spider-Man' (via CV candidate name "Marvel Masterworks: The Spectacular Spider-Man"); invisible before TODO 30
S11497	g	S cv=-: CV 136825 "Mighty Marvel Masterworks: The Amazing Spider-Man" 2021 Marvel 5 issues — far (gap 18), found by 'Mighty Marvel Masterworks: The Amazing Spider-Man' (via CV candidate name "Mighty Marvel Masterworks: The Amazing Spider-Man"); invisible before TODO 30
S11498	g	S cv=-: CV 138892 "Mighty Marvel Masterworks: The Avengers" 2021 Marvel 4 issues — far (gap 18), found by 'Mighty Marvel Masterworks: The Avengers' (via CV candidate name "Mighty Marvel Masterworks: The Avengers"); invisible before TODO 30
S11500	g	S cv=-: CV 35197 "Marvel Masterworks: The Fantastic Four" 2003 Marvel 27 issues — near (gap 0), found by 'Marvel Masterworks - The Fantastic Four' (own spelling); invisible before TODO 30
S11500	g	S cv=-: CV 137621 "Mighty Marvel Masterworks: The Fantastic Four" 2021 Marvel 3 issues — far (gap 18), found by 'Mighty Marvel Masterworks: The Fantastic Four' (via CV candidate name "Mighty Marvel Masterworks: The Fantastic Four"); invisible before TODO 30
S11501	g	S cv=-: CV 149572 "Mighty Marvel Masterworks: The Incredible Hulk" 2021 Marvel 4 issues — far (gap 2), found by 'Mighty Marvel Masterworks: The Incredible Hulk' (via CV candidate name "Mighty Marvel Masterworks: The Incredible Hulk"); invisible before TODO 30
S11501	g	S cv=-: CV 35210 "Marvel Masterworks: The Incredible Hulk" 2003 Marvel 19 issues — far (gap 16), found by 'Marvel Masterworks - The Incredible Hulk' (own spelling); invisible before TODO 30
S11503	g	S cv=-: CV 35196 "Marvel Masterworks: The Invincible Iron Man" 2003 Marvel 18 issues — far (gap 3), found by 'Marvel Masterworks - The Invincible Iron Man' (own spelling); invisible before TODO 30
S11504	g	provider-missing: CV 151824 "Marvel Select: Man Thing: Curse of the Man-Thing" 2023 Marvel UK/Panini UK 1 issues — near (gap 1), found by 'Marvel Select: Man Thing: Curse of the Man-Thing' (via CV candidate name "Marvel Select: Man Thing: Curse of the Man-Thing"); invisible before TODO 30
S11508	g	S cv=-: CV 35188 "Marvel Masterworks: The Sub-Mariner" 2002 Marvel 8 issues — near (gap 0), found by 'Marvel Masterworks - The Sub-Mariner' (own spelling); invisible before TODO 30
S11508	g	S cv=-: CV 149573 "Mighty Marvel Masterworks: Namor, The Sub-Mariner " 2022 Marvel 1 issues — far (gap 20), found by 'Mighty Marvel Masterworks: Namor, The Sub-Mariner ' (via CV candidate name "Mighty Marvel Masterworks: Namor, The Sub-Mariner "); invisible before TODO 30
S11514	g	S cv=-: CV 102605 "Marvel Masterworks: The Spectacular Spider-Man" 2017 Marvel 8 issues — far (gap 11), found by 'Marvel Masterworks: The Spectacular Spider-Man' (via CV candidate name "Marvel Masterworks: The Spectacular Spider-Man"); invisible before TODO 30
S11514	g	S cv=-: CV 160550 "Marvel Masterworks: The Man-Thing " 2024 Marvel 2 issues — far (gap 18), found by 'Marvel Masterworks: The Man-Thing ' (via CV candidate name "Marvel Masterworks: The Man-Thing "); invisible before TODO 30
S11565	g	provider-missing: CV 111397 "Ant-Man & the Wasp" 2018 Marvel 5 issues — near (gap 0), found by 'Ant-Man & the Wasp' (via CV candidate name "Ant-Man & the Wasp"); invisible before TODO 30
S11565	g	provider-missing: CV 111431 "Marvel's Ant-Man and the Wasp Prelude" 2018 Marvel 1 issues — near (gap 0), found by 'Marvel's Ant-Man and the Wasp Prelude' (own spelling); invisible before TODO 30
S11566	g	provider-missing: CV 113892 "Marvel Studios: The Visual Dictionary" 2018 DK Publishing 1 issues — near (gap 0), found by 'Marvel Studios: The Visual Dictionary' (via CV candidate name "Marvel Studios: The Visual Dictionary"); invisible before TODO 30
S11566	g	provider-missing: CV 132090 "Marvel Comics: The First 80 Years" 2020 Titan Comics 1 issues — far (gap 2), found by 'Marvel Comics: The First 80 Years' (via CV candidate name "Marvel Comics: The First 80 Years"); invisible before TODO 30
S11615	g	S cv=-: CV 67385 "Marvel Platinum: The Definitive Silver Surfer" 2007 Marvel UK/Panini UK 1 issues — far (gap 9), found by 'Marvel Platinum: The Definitive Silver Surfer' (via CV candidate name "Marvel Platinum: The Definitive Silver Surfer"); invisible before TODO 30
S11649	g	provider-missing: CV 80115 "Marvel Universe Guardians of the Galaxy" 2015 Marvel 4 issues — near (gap 0), found by 'Marvel Universe Guardians of the Galaxy' (via CV candidate name "Marvel Universe Guardians of the Galaxy"); invisible before TODO 30
S11649	g	provider-missing: CV 85120 "Marvel Universe Guardians of the Galaxy" 2015 Marvel 23 issues — near (gap 0), found by 'Marvel Universe Guardians of the Galaxy' (via CV candidate name "Marvel Universe Guardians of the Galaxy"); invisible before TODO 30
S11649	g	provider-missing: CV 89302 "Marvel Universe Guardians of the Galaxy" 2016 Marvel 6 issues — near (gap 1), found by 'Marvel Universe Guardians of the Galaxy' (via CV candidate name "Marvel Universe Guardians of the Galaxy"); invisible before TODO 30
S11651	g	S cv=-: CV 89268 "Marvel Universe Ultimate Spider-Man: Contest of Champions" 2016 Marvel 4 issues — far (gap 4), found by 'Marvel Universe Ultimate Spider-Man: Contest of Champions' (via CV candidate name "Marvel Universe Ultimate Spider-Man: Contest of Champions"); invisible before TODO 30
S11651	g	S cv=-: CV 93674 "Marvel Universe Ultimate Spider-Man: Contest of Champions" 2016 Marvel 1 issues — far (gap 4), found by 'Marvel Universe Ultimate Spider-Man: Contest of Champions' (via CV candidate name "Marvel Universe Ultimate Spider-Man: Contest of Champions"); invisible before TODO 30
S11663	g	provider-missing: CV 44093 "Vampires: The Marvel Undead" 2011 Marvel 1 issues — near (gap 1), found by 'Vampires: The Marvel Undead' (via CV candidate name "Vampires: The Marvel Undead"); invisible before TODO 30
S11705	g	provider-missing: CV 71357 "Captain America: The Winter Soldier" 2014 Marvel 1 issues — near (gap 0), found by 'Captain America: The Winter Soldier' (via CV candidate name "Captain America: The Winter Soldier"); invisible before TODO 30
S11705	g	provider-missing: CV 163076 "Captain America: The Winter Soldier" 2025 Marvel 1 issues — far (gap 11), found by 'Captain America: The Winter Soldier' (via CV candidate name "Captain America: The Winter Soldier"); invisible before TODO 30
S11718	g	provider-missing: CV 49762 "Marvel's The Avengers Prelude: Fury's Big Week" 2012 Marvel 1 issues — near (gap 0), found by 'Marvel's The Avengers Prelude: Fury's Big Week' (own spelling); invisible before TODO 30
S11718	g	provider-missing: CV 52258 "Marvel's The Avengers Prelude: Fury's Big Week" 2012 Marvel 4 issues — near (gap 0), found by 'Marvel's The Avengers Prelude: Fury's Big Week' (own spelling); invisible before TODO 30
S11820	g	S cv=-+provider-missing: CV 107382 "The Canadian Alternative: Cartoonists, Comics, and Graphic Novels" 2017 University Press of Mississippi 1 issues — far (gap 3), found by 'The Canadian Alternative: Cartoonists, Comics, and Graphic Novels' (via CV candidate name "The Canadian Alternative: Cartoonists, Comics, and Graphic Novels"); invisible before TODO 30
S11827	g	provider-missing: CV 3117 "Masters of the Universe" 1982 DC Comics 3 issues — far, found by 'Masters of the Universe' (via CV candidate name "Masters of the Universe"); invisible before TODO 30
S11827	g	provider-missing: CV 3646 "Masters of the Universe" 1986 Marvel 13 issues — far, found by 'Masters of the Universe' (via CV candidate name "Masters of the Universe"); invisible before TODO 30
S11827	g	provider-missing: CV 20533 "Masters of the Universe" 1981 H. H. Windsor 49 issues — far, found by 'Masters of the Universe' (via CV candidate name "Masters of the Universe"); invisible before TODO 30
S11827	g	provider-missing: CV 21694 "Masters of the Universe" 2004 Image 8 issues — far, found by 'Masters of the Universe' (via CV candidate name "Masters of the Universe"); invisible before TODO 30
S11827	g	provider-missing: CV 30267 "Masters of the Universe" 2003 Image 6 issues — far, found by 'Masters of the Universe' (via CV candidate name "Masters of the Universe"); invisible before TODO 30
S11827	g	provider-missing: CV 30459 "Masters of the Universe" 2002 Image 4 issues — far, found by 'Masters of the Universe' (via CV candidate name "Masters of the Universe"); invisible before TODO 30
S11831	g	provider-missing: CV 21694 "Masters of the Universe" 2004 Image 8 issues — far (gap 8), found by 'Masters of the Universe' (own spelling); invisible before TODO 30
S11831	g	provider-missing: CV 30267 "Masters of the Universe" 2003 Image 6 issues — far (gap 9), found by 'Masters of the Universe' (own spelling); invisible before TODO 30
S11831	g	provider-missing: CV 31493 "Masters of the Universe" 2003 Dino Comics 5 issues — far (gap 9), found by 'Masters of the Universe' (own spelling); invisible before TODO 30
S11831	g	provider-missing: CV 30459 "Masters of the Universe" 2002 Image 4 issues — far (gap 10), found by 'Masters of the Universe' (own spelling); invisible before TODO 30
S11831	g	provider-missing: CV 84621 "Masters of the Universe" 1990 Folkeforlaget A/S 3 issues — far (gap 22), found by 'Masters of the Universe' (own spelling); invisible before TODO 30
S11831	g	provider-missing: CV 30610 "Masters of the Universe" 1987 JuniorPress BV 10 issues — far (gap 25), found by 'Masters of the Universe' (own spelling); invisible before TODO 30
S11832	g	S cv=-+provider-missing: CV 20533 "Masters of the Universe" 1981 H. H. Windsor 49 issues — near (gap 0), found by 'Masters of the Universe' (via CV candidate name "Masters of the Universe"); invisible before TODO 30
S11832	g	S cv=-+provider-missing: CV 3117 "Masters of the Universe" 1982 DC Comics 3 issues — near (gap 1), found by 'Masters of the Universe' (via CV candidate name "Masters of the Universe"); invisible before TODO 30
S11832	g	S cv=-+provider-missing: CV 85030 "Masters of the Universe" 1982 Western Publishing 1 issues — near (gap 1), found by 'Masters of the Universe' (via CV candidate name "Masters of the Universe"); invisible before TODO 30
S11832	g	S cv=-+provider-missing: CV 85157 "Masters of the Universe" 1983 Mattel Norge 2 issues — far (gap 2), found by 'Masters of the Universe' (via CV candidate name "Masters of the Universe"); invisible before TODO 30
S11832	g	S cv=-+provider-missing: CV 84665 "Masters of the Universe" 1984 Condor Verlag 10 issues — far (gap 3), found by 'Masters of the Universe' (via CV candidate name "Masters of the Universe"); invisible before TODO 30
S11832	g	S cv=-+provider-missing: CV 85207 "Masters of the Universe" 1984 Federal 4 issues — far (gap 3), found by 'Masters of the Universe' (via CV candidate name "Masters of the Universe"); invisible before TODO 30
S11836	g	S cv=-+provider-missing: CV 86431 "Masters of the Universe: König auf Castle Grayskull" 1983 Mattel 1 issues — far (gap 2), found by 'Masters of the Universe: König auf Castle Grayskull' (via CV candidate name "Masters of the Universe: König auf Castle Grayskull"); invisible before TODO 30
S11836	g	S cv=-+provider-missing: CV 159070 "Masters of the Universe: The Thief of Castle Grayskull" 1983 Western Publishing 1 issues — far (gap 2), found by 'Masters of the Universe: The Thief of Castle Grayskull' (via CV candidate name "Masters of the Universe: The Thief of Castle Grayskull"); invisible before TODO 30
S11836	g	S cv=-+provider-missing: CV 82691 "He-Man and the Masters of the Universe: The Blood of Grayskull" 2015 DC Comics 1 issues — far (gap 34), found by 'He-Man and the Masters of the Universe: The Blood of Grayskull' (via CV candidate name "He-Man and the Masters of the Universe: The Blood of Grayskull"); invisible before TODO 30
S11840	g	provider-missing: CV 84665 "Masters of the Universe" 1984 Condor Verlag 10 issues — near (gap 0), found by 'Masters of the Universe' (via CV candidate name "Masters of the Universe"); invisible before TODO 30
S11840	g	provider-missing: CV 85207 "Masters of the Universe" 1984 Federal 4 issues — near (gap 0), found by 'Masters of the Universe' (via CV candidate name "Masters of the Universe"); invisible before TODO 30
S11840	g	provider-missing: CV 85157 "Masters of the Universe" 1983 Mattel Norge 2 issues — near (gap 1), found by 'Masters of the Universe' (via CV candidate name "Masters of the Universe"); invisible before TODO 30
S11840	g	provider-missing: CV 85183 "Masters of the Universe" 1985 Condor Verlag 4 issues — near (gap 1), found by 'Masters of the Universe' (via CV candidate name "Masters of the Universe"); invisible before TODO 30
S11840	g	provider-missing: CV 3117 "Masters of the Universe" 1982 DC Comics 3 issues — far (gap 2), found by 'Masters of the Universe' (via CV candidate name "Masters of the Universe"); invisible before TODO 30
S11840	g	provider-missing: CV 3646 "Masters of the Universe" 1986 Marvel 13 issues — far (gap 2), found by 'Masters of the Universe' (via CV candidate name "Masters of the Universe"); invisible before TODO 30
S11842	g	provider-missing: CV 53571 "Masters of the Universe: The Origin of Skeletor" 2012 DC Comics 1 issues — near (gap 1), found by 'Masters of the Universe: The Origin of Skeletor' (via GCD name "Masters of the Universe: The Origin of Skeletor"); invisible before TODO 30
S11848	g	provider-missing: CV 52426 "Halo and Sprocket" 2003 SLG Publishing 1 issues — far (gap 20), found by 'Halo and Sprocket' (via CV candidate name "Halo and Sprocket"); invisible before TODO 30
S11848	g	provider-missing: CV 38628 "Halo and Sprocket" 2002 SLG Publishing 5 issues — far (gap 21), found by 'Halo and Sprocket' (via CV candidate name "Halo and Sprocket"); invisible before TODO 30
S11848	g	provider-missing: CV 66432 "Snoopy Features as The Matchmaker" 2000 Ravette Publishing Ltd 1 issues — far (gap 23), found by 'Snoopy Features as The Matchmaker' (via CV candidate name "Snoopy Features as The Matchmaker"); invisible before TODO 30
S11851	g	provider-missing: CV 55991 "The Art of Matt Wagner's Grendel" 2007 Dark Horse Comics 1 issues — far (gap 10), found by 'The Art of Matt Wagner's Grendel' (via CV candidate name "The Art of Matt Wagner's Grendel"); invisible before TODO 30
S11915	g	provider-missing: CV 87076 "To A Pulp" 2015 self published 1 issues — far, found by 'To A Pulp' (via CV candidate name "To A Pulp"); invisible before TODO 30
S11920	g	S cv=-: CV 77248 "Men of Wrath" 2014 Marvel 5 issues — near (gap 0), found by 'Men of Wrath' (own spelling); invisible before TODO 30
S11920	g	S cv=-: CV 81417 "Men of Wrath" 2015 Marvel 1 issues — near (gap 1), found by 'Men of Wrath' (own spelling); invisible before TODO 30
S11920	g	S cv=-: CV 115403 "Men of Wrath" 2018 Image 1 issues — far (gap 4), found by 'Men of Wrath' (own spelling); invisible before TODO 30
S11922	g	provider-missing: CV 154114 "Menji and the Ruins of Mount Mystery" 2023 Europe Comics 1 issues — near (gap 1), found by 'Menji and the Ruins of Mount Mystery' (via CV candidate name "Menji and the Ruins of Mount Mystery"); invisible before TODO 30
S11922	g	provider-missing: CV 64980 "Defenders of Europe" 2011 Emmetre Edizioni 2 issues — far (gap 11), found by 'Defenders of Europe' (via CV candidate name "Defenders of Europe"); invisible before TODO 30
S11968	g	S cv=-+provider-missing: CV 34058 "Batman: The Hill" 2000 DC Comics 1 issues — far (gap 21), found by 'Batman: The Hill' (via CV candidate name "Batman: The Hill"); invisible before TODO 30
S12041	g	provider-missing: CV 139834 "Mighty Marvel Holiday Special: Halloween with the Rhino Infinity Comic" 2021 Marvel 1 issues — near (gap 1), found by 'Mighty Marvel Holiday Special: Halloween with the Rhino Infinity Comic' (via CV candidate name "Mighty Marvel Holiday Special: Halloween with the Rhino Infinity Comic"); invisible before TODO 30
S12043	g	provider-missing: CV 139834 "Mighty Marvel Holiday Special: Halloween with the Rhino Infinity Comic" 2021 Marvel 1 issues — near (gap 0), found by 'Mighty Marvel Holiday Special: Halloween with the Rhino Infinity Comic' (via CV candidate name "Mighty Marvel Holiday Special: Halloween with the Rhino Infinity Comic"); invisible before TODO 30
S12044	g	provider-missing: CV 139834 "Mighty Marvel Holiday Special: Halloween with the Rhino Infinity Comic" 2021 Marvel 1 issues — near (gap 0), found by 'Mighty Marvel Holiday Special: Halloween with the Rhino Infinity Comic' (via CV candidate name "Mighty Marvel Holiday Special: Halloween with the Rhino Infinity Comic"); invisible before TODO 30
S12045	g	provider-missing: CV 139834 "Mighty Marvel Holiday Special: Halloween with the Rhino Infinity Comic" 2021 Marvel 1 issues — near (gap 1), found by 'Mighty Marvel Holiday Special: Halloween with the Rhino Infinity Comic' (via CV candidate name "Mighty Marvel Holiday Special: Halloween with the Rhino Infinity Comic"); invisible before TODO 30
S12126	g	provider-missing: CV 132146 "Milo Manara: The Definitive Collection" 2020 Humanoids 1 issues — far, found by 'Milo Manara: The Definitive Collection' (via CV candidate name "Milo Manara: The Definitive Collection"); invisible before TODO 30
S12129	g	provider-missing: CV 132146 "Milo Manara: The Definitive Collection" 2020 Humanoids 1 issues — far, found by 'Milo Manara: The Definitive Collection' (via CV candidate name "Milo Manara: The Definitive Collection"); invisible before TODO 30
S12142	g	provider-missing: CV 81870 "Mimi and the Wolves" 2015 Alternative Comics 2 issues — far (gap 4), found by 'Mimi and the Wolves' (own spelling); invisible before TODO 30
S12147	g	provider-missing: CV 53105 "Mind the Gap: Intimate Strangers" 2012 Image 1 issues — near (gap 0), found by 'Mind the Gap: Intimate Strangers' (via CV candidate name "Mind the Gap: Intimate Strangers"); invisible before TODO 30
S12147	g	provider-missing: CV 61196 "Mind the Gap Number 1" 2012 Image 1 issues — near (gap 0), found by 'Mind the Gap Number 1' (via CV candidate name "Mind the Gap Number 1"); invisible before TODO 30
S12240	g	provider-missing: CV 59572 "Mobile Suit Gundam THE ORIGIN" 2013 Vertical Inc. 12 issues — far, found by 'Mobile Suit Gundam THE ORIGIN' (via CV candidate name "Mobile Suit Gundam THE ORIGIN"); invisible before TODO 30
S12240	g	provider-missing: CV 165646 "Mobile Suit Gundam - The Origin" 2024 Cross Cult 3 issues — far, found by 'Mobile Suit Gundam THE ORIGIN' (via CV candidate name "Mobile Suit Gundam THE ORIGIN"); invisible before TODO 30
S12275	g	S cv=-+provider-missing: CV 29369 "The Art of Moebius" 1989 Marvel 1 issues — far, found by 'The Art of Moebius' (via CV candidate name "The Art of Moebius"); invisible before TODO 30
S12275	g	S cv=-+provider-missing: CV 144999 "Moebius: The Long Tomorrow & La Citadelle aveugle" 2019 Les Humanoïdes Associés 1 issues — far, found by 'Moebius: The Long Tomorrow & La Citadelle aveugle' (via CV candidate name "Moebius: The Long Tomorrow & La Citadelle aveugle"); invisible before TODO 30
S12288	g	provider-missing: CV 38205 "Hit-Monkey: Year of the Monkey" 2010 Marvel 1 issues — far (gap 10), found by 'Hit-Monkey: Year of the Monkey' (via CV candidate name "Hit-Monkey: Year of the Monkey"); invisible before TODO 30
S12316	g	S cv=-+provider-missing: CV 90713 "Lobster Johnson: Metal Monsters of Midtown" 2016 Dark Horse Comics 3 issues — far (gap 7), found by 'Lobster Johnson: Metal Monsters of Midtown' (via CV candidate name "Lobster Johnson: Metal Monsters of Midtown"); invisible before TODO 30
S12370	g	provider-missing: CV 82094 "Apocalyptigirl: An Aria For the End Times" 2015 Dark Horse Comics 1 issues — far (gap 2), found by 'Apocalyptigirl: An Aria For the End Times' (via CV candidate name "Apocalyptigirl: An Aria For the End Times"); invisible before TODO 30
S12370	g	provider-missing: CV 72338 "The End Times of Bram and Ben" 2014 Image 1 issues — far (gap 3), found by 'The End Times of Bram and Ben' (via CV candidate name "The End Times of Bram and Ben"); invisible before TODO 30
S12370	g	provider-missing: CV 125463 "ApocalyptiGirl: An Aria for the End Times" 2020 Dark Horse Comics 1 issues — far (gap 3), found by 'Apocalyptigirl: An Aria For the End Times' (via CV candidate name "Apocalyptigirl: An Aria For the End Times"); invisible before TODO 30
S12370	g	provider-missing: CV 55576 "The End Times of Bram and Ben" 2013 Image 4 issues — far (gap 4), found by 'The End Times of Bram and Ben' (via CV candidate name "The End Times of Bram and Ben"); invisible before TODO 30
S12383	g	provider-missing: CV 33975 "The Best of Heavy Metal" 1982 Heavy Metal 2 issues — far (gap 38), found by 'The Best of Heavy Metal' (via CV candidate name "The Best of Heavy Metal"); invisible before TODO 30
S12390	g	S cv=-: CV 104192 "Mother Nature and the EcoFriends" 2017 self published 2 issues — far (gap 6), found by 'Mother Nature and the EcoFriends' (via CV name "Mother Nature and the EcoFriends"); invisible before TODO 30
S12414	g	provider-missing: CV 49339 "Mr. and Mrs." 1922 Western Publishing 1 issues — far, found by 'Mr. and Mrs.' (via CV candidate name "Mr. and Mrs."); invisible before TODO 30
S12414	g	provider-missing: CV 64335 "Mr. and Mrs. Superman" 1982 Murray Comics 1 issues — far, found by 'Mr. and Mrs. Superman' (via CV candidate name "Mr. and Mrs. Superman"); invisible before TODO 30
S12414	g	provider-missing: CV 84684 "Mr. and Mrs. Pott and Whalesteeth" 1945 Allied Authors and Artists 1 issues — far, found by 'Mr. and Mrs. Pott and Whalesteeth' (via CV candidate name "Mr. and Mrs. Pott and Whalesteeth"); invisible before TODO 30
S12421	g	S cv=-+provider-missing: CV 119660 "Rick and Morty Presents: Mr. Meeseeks" 2019 Oni Press 1 issues — far (gap 5), found by 'Rick and Morty Presents: Mr. Meeseeks' (via CV candidate name "Rick and Morty Presents: Mr. Meeseeks"); invisible before TODO 30
S12435	g	provider-missing: CV 153238 "Ms. Marvel: The New Mutant" 2023 Marvel 4 issues — near (gap 0), found by 'Ms. Marvel: The New Mutant' (via CV candidate name "Ms. Marvel: The New Mutant"); invisible before TODO 30
S12435	g	provider-missing: CV 157335 "Ms. Marvel: The New Mutant" 2024 Marvel 2 issues — near (gap 1), found by 'Ms. Marvel: The New Mutant' (via CV candidate name "Ms. Marvel: The New Mutant"); invisible before TODO 30
S12465	g	S cv=-: CV 125160 "The Art of Mulan: A Disney Editions Classic" 2020 Disney 1 issues — far (gap 7), found by 'The Art of Mulan: A Disney Editions Classic' (via CV candidate name "The Art of Mulan: A Disney Editions Classic"); invisible before TODO 30
S12505	g	S cv=-+provider-missing: CV 45416 "My Boyfriend is a Monster" 2011 Lerner Publishing Group 8 issues — far (gap 11), found by 'My Boyfriend is a Monster' (via CV candidate name "My Boyfriend is a Monster"); invisible before TODO 30
S12516	g	provider-missing: CV 63930 "The Shadow of My Friend" 2009 self published 1 issues — far (gap 14), found by 'The Shadow of My Friend' (via CV candidate name "The Shadow of My Friend"); invisible before TODO 30
S12532	g	provider-missing: CV 102073 "My Journey: Path of Scandalous Women" 2017 Project-H 1 issues — far (gap 7), found by 'My Journey: Path of Scandalous Women' (via CV candidate name "My Journey: Path of Scandalous Women"); invisible before TODO 30
S12586	g	S cv=-+provider-missing: CV 158675 "My Name is Shingo: The Perfect Edition" 2024 Viz 5 issues — near (gap 0), found by 'My Name is Shingo: The Perfect Edition' (via CV candidate name "My Name is Shingo: The Perfect Edition"); invisible before TODO 30
S12607	g	S cv=-+provider-missing: CV 146346 "Mister Miracle: The Source of Freedom" 2022 DC Comics 1 issues — near (gap 0), found by 'Mister Miracle: The Source of Freedom' (via CV candidate name "Mister Miracle: The Source of Freedom"); invisible before TODO 30
S12607	g	S cv=-+provider-missing: CV 136278 "Mister Miracle: The Source of Freedom" 2021 DC Comics 6 issues — near (gap 1), found by 'Mister Miracle: The Source of Freedom' (via CV candidate name "Mister Miracle: The Source of Freedom"); invisible before TODO 30
S12767	g	S cv=-+provider-missing: CV 75963 "Nelvana of the Northern Lights" 2014 CGA Comics 1 issues — far (gap 3), found by 'Nelvana of the Northern Lights' (own spelling); invisible before TODO 30
S12767	g	S cv=-+provider-missing: CV 78361 "Nelvana of the Northern Lights" 2014 IDW Publishing 1 issues — far (gap 3), found by 'Nelvana of the Northern Lights' (own spelling); invisible before TODO 30
S12767	g	S cv=-+provider-missing: CV 149661 "Nelvana of the Northern Lights " 1945 Bell Features 1 issues — far (gap 72), found by 'Nelvana of the Northern Lights' (own spelling); invisible before TODO 30
S12772	g	provider-missing: CV 3423 "Nemesis the Warlock" 1984 Eagle Comics 7 issues — far, found by 'Nemesis the Warlock' (via CV candidate name "Nemesis the Warlock"); invisible before TODO 30
S12772	g	provider-missing: CV 40266 "Nemesis the Warlock" 1989 Quality Communications 19 issues — far, found by 'Nemesis the Warlock' (via CV candidate name "Nemesis the Warlock"); invisible before TODO 30
S12772	g	provider-missing: CV 48346 "Nemesis the Warlock poster prog" 1994 Fleetway 1 issues — far, found by 'Nemesis the Warlock poster prog' (via CV candidate name "Nemesis the Warlock poster prog"); invisible before TODO 30
S12772	g	provider-missing: CV 67254 "Nemesis the Warlock: Deviant Edition" 2013 Rebellion 1 issues — far, found by 'Nemesis the Warlock: Deviant Edition' (via CV candidate name "Nemesis the Warlock: Deviant Edition"); invisible before TODO 30
S12772	g	provider-missing: CV 95879 "Nemesis the Warlock" 1983 Titan Comics 9 issues — far, found by 'Nemesis the Warlock' (via CV candidate name "Nemesis the Warlock"); invisible before TODO 30
S12772	g	provider-missing: CV 132731 "Nemesis the Warlock" 2020 Rebellion 2 issues — far, found by 'Nemesis the Warlock' (via CV candidate name "Nemesis the Warlock"); invisible before TODO 30
S12888	g	provider-missing: CV 55150 "Milestones of Art: Keith Haring: Next Stop Art" 2012 TidalWave Productions 1 issues — far (gap 12), found by 'Milestones of Art: Keith Haring: Next Stop Art' (via CV candidate name "Milestones of Art: Keith Haring: Next Stop Art"); invisible before TODO 30
S12898	g	provider-missing: CV 123398 "Rugrats: The Newspaper Strips" 2019 Boom! Studios 1 issues — far (gap 5), found by 'Rugrats: The Newspaper Strips' (via CV candidate name "Rugrats: The Newspaper Strips"); invisible before TODO 30
S12898	g	provider-missing: CV 36291 "Conan: The Newspaper Strips" 2010 Dark Horse Comics 1 issues — far (gap 14), found by 'Conan: The Newspaper Strips' (via CV candidate name "Conan: The Newspaper Strips"); invisible before TODO 30
S12933	g	provider-missing: CV 157570 "Night of the Ghoul " 2024 Splitter 1 issues — far (gap 3), found by 'Night of the Ghoul' (own spelling); invisible before TODO 30
S12962	g	provider-missing: CV 95818 "DC Universe: Rebirth The Deluxe Edition" 2016 DC Comics 1 issues — near (gap 0), found by 'DC Universe: Rebirth The Deluxe Edition' (via CV candidate name "DC Universe: Rebirth The Deluxe Edition"); invisible before TODO 30
S12978	g	provider-missing: CV 18764 "Rasl: Lost Journals of Nikola Tesla" 2012 Cartoon Books 1 issues — far (gap 9), found by 'Rasl: Lost Journals of Nikola Tesla' (via CV candidate name "Rasl: Lost Journals of Nikola Tesla"); invisible before TODO 30
S12978	g	provider-missing: CV 57088 "Physics Quest 2008: Nikola Tesla and the Electric Fair" 2009 APS Physics 1 issues — far (gap 12), found by 'Physics Quest 2008: Nikola Tesla and the Electric Fair' (via CV candidate name "Physics Quest 2008: Nikola Tesla and the Electric Fair"); invisible before TODO 30
S12979	g	provider-missing: CV 77482 "Nikolai Dante: Love and War" 2014 Rebellion 1 issues — far (gap 4), found by 'Nikolai Dante: Love and War' (via CV candidate name "Nikolai Dante: Love and War"); invisible before TODO 30
S13022	g	provider-missing: CV 69862 "Michael Avon Oeming’s The Victories: Transhuman" 2013 Dark Horse Comics 1 issues — far (gap 4), found by 'Michael Avon Oeming’s The Victories: Transhuman' (via CV candidate name "Michael Avon Oeming’s The Victories: Transhuman"); invisible before TODO 30
S13043	g	S cv=-+provider-missing: CV 104277 "Dark Horse Comics/DC Comics: The Mask" 2017 Dark Horse Comics 1 issues — far (gap 3), found by 'Dark Horse Comics/DC Comics: The Mask' (via CV candidate name "Dark Horse Comics/DC Comics: The Mask"); invisible before TODO 30
S13048	g	provider-missing: CV 33975 "The Best of Heavy Metal" 1982 Heavy Metal 2 issues — far (gap 38), found by 'The Best of Heavy Metal' (via CV candidate name "The Best of Heavy Metal"); invisible before TODO 30
S13118	g	provider-missing: CV 25665 "Oz: The Manga" 2005 Antarctic Press 8 issues — far (gap 38), found by 'Oz: The Manga' (via CV candidate name "Oz: The Manga"); invisible before TODO 30
S13118	g	provider-missing: CV 56866 "Oz: The Manga" 2006 Antarctic Press 1 issues — far (gap 39), found by 'Oz: The Manga' (via CV candidate name "Oz: The Manga"); invisible before TODO 30
S13155	g	provider-missing: CV 82847 "Odd Schnozz and the Odd Squad" 2015 Oni Press 1 issues — near (gap 0), found by 'Odd Schnozz and the Odd Squad' (own spelling); invisible before TODO 30
S13158	g	provider-missing: CV 127976 "Manga! Manga! The World of Japanese Comics" 1983 Kodansha International 1 issues — far (gap 5), found by 'Manga! Manga! The World of Japanese Comics' (via CV candidate name "Manga! Manga! The World of Japanese Comics"); invisible before TODO 30
S13161	g	provider-missing: CV 109256 "Of Gods and Men" 2018 Wishful Thinking Entertainment 1 issues — near (gap 1), found by 'Of Gods and Men' (own spelling); invisible before TODO 30
S13161	g	provider-missing: CV 42583 "Thor: Gods and Men" 2011 Marvel 1 issues — far (gap 8), found by 'Thor: Gods and Men' (via CV candidate name "Thor: Gods and Men"); invisible before TODO 30
S13202	g	provider-missing: CV 133605 "Image Firsts: The Old Guard" 2021 Image 1 issues — near (gap 0), found by 'Image Firsts: The Old Guard' (via CV candidate name "Image Firsts: The Old Guard"); invisible before TODO 30
S13251	g	provider-missing: CV 131716 "One of Those Days" 2020 Random House 1 issues — near (gap 0), found by 'One of Those Days' (own spelling); invisible before TODO 30
S13251	g	provider-missing: CV 80949 "Is This "One of Those Days," Daddy?: A For Better or For Worse Collection" 1982 Andrews McMeel Publishing 1 issues — far (gap 38), found by 'Is This "One of Those Days," Daddy?: A For Better or For Worse Collection' (via CV candidate name "Is This "One of Those Days," Daddy?: A For Better or For Worse Collection"); invisible before TODO 30
S13254	g	provider-missing: CV 104906 "Simpsons One-Shot Wonders: The Mighty Moe Szyslak" 2017 Bongo 1 issues — far (gap 4), found by 'Simpsons One-Shot Wonders: The Mighty Moe Szyslak' (via CV candidate name "Simpsons One-Shot Wonders: The Mighty Moe Szyslak"); invisible before TODO 30
S13404	g	S cv=-+provider-missing: CV 50305 "Top Shelf Asks the Big Questions" 2003 Top Shelf 1 issues — far (gap 19), found by 'Top Shelf Asks the Big Questions' (via CV candidate name "Top Shelf Asks the Big Questions"); invisible before TODO 30
S13446	g	provider-missing: CV 57098 "Years of the Elephant" 2009 Fanfare/Ponent Mon 1 issues — far (gap 11), found by 'Years of the Elephant' (via CV candidate name "Years of the Elephant"); invisible before TODO 30
S13446	g	provider-missing: CV 26821 "Return of the Elephant" 2004 Adhouse Books 1 issues — far (gap 16), found by 'Return of the Elephant' (via CV candidate name "Return of the Elephant"); invisible before TODO 30
S13468	g	provider-missing: CV 59267 "Athena Voltaire: The Collected Webcomics" 2006 Ape Entertainment 1 issues — far, found by 'Athena Voltaire: The Collected Webcomics' (via CV candidate name "Athena Voltaire: The Collected Webcomics"); invisible before TODO 30
S13497	g	provider-missing: CV 104648 "The Art of Overwatch" 2017 Dark Horse Comics 1 issues — near (gap 1), found by 'The Art of Overwatch' (own spelling); invisible before TODO 30
S13502	g	provider-missing: CV 79708 "DC Entertainment Essential Graphic Novels and Chronology 2015" 2015 DC Comics 1 issues — near (gap 0), found by 'DC Entertainment Essential Graphic Novels and Chronology 2015' (via CV candidate name "DC Entertainment Essential Graphic Novels and Chronology 2015"); invisible before TODO 30
S13518	g	provider-missing: CV 106309 "Snoopy: A Peanuts Collection" 2017 Boom! Studios 1 issues — far (gap 3), found by 'Snoopy: A Peanuts Collection' (via CV candidate name "Snoopy: A Peanuts Collection"); invisible before TODO 30
S13518	g	provider-missing: CV 116857 "Lucy: A Peanuts Collection" 2019 Boom! Studios 1 issues — far (gap 5), found by 'Lucy: A Peanuts Collection' (via CV candidate name "Lucy: A Peanuts Collection"); invisible before TODO 30
S13558	g	provider-missing: CV 32214 "Twilight: The Graphic Novel" 2010 Yen Press 2 issues — far (gap 13), found by 'Twilight: The Graphic Novel' (via CV candidate name "Twilight: The Graphic Novel"); invisible before TODO 30
S13587	g	provider-missing: CV 146346 "Mister Miracle: The Source of Freedom" 2022 DC Comics 1 issues — near (gap 1), found by 'Mister Miracle: The Source of Freedom' (via CV candidate name "Mister Miracle: The Source of Freedom"); invisible before TODO 30
S13587	g	provider-missing: CV 136278 "Mister Miracle: The Source of Freedom" 2021 DC Comics 6 issues — far (gap 2), found by 'Mister Miracle: The Source of Freedom' (via CV candidate name "Mister Miracle: The Source of Freedom"); invisible before TODO 30
S13644	g	S cv=-+provider-missing: CV 75422 "Charlie Brown: POW!: A Peanuts Collection" 2014 Andrews McMeel Publishing 1 issues — near (gap 1), found by 'Charlie Brown: POW!: A Peanuts Collection' (via CV candidate name "Charlie Brown: POW!: A Peanuts Collection"); invisible before TODO 30
S13644	g	S cv=-+provider-missing: CV 58075 "Go Fly a Kite, Charlie Brown / Snoopy" 1960 Holt, Rinehart and Winston 1 issues — far (gap 55), found by 'Go Fly a Kite, Charlie Brown / Snoopy' (via CV candidate name "Go Fly a Kite, Charlie Brown / Snoopy"); invisible before TODO 30
S13647	g	provider-missing: CV 106309 "Snoopy: A Peanuts Collection" 2017 Boom! Studios 1 issues — near (gap 1), found by 'Snoopy: A Peanuts Collection' (via CV candidate name "Snoopy: A Peanuts Collection"); invisible before TODO 30
S13647	g	provider-missing: CV 86246 "Peanuts: The Snoopy Special" 2015 Boom! Studios 1 issues — far (gap 3), found by 'Peanuts: The Snoopy Special' (via CV candidate name "Peanuts: The Snoopy Special"); invisible before TODO 30
S13648	g	provider-missing: CV 55162 "Here Comes the Judge" 2012 Chick Publications 1 issues — far (gap 6), found by 'Here Comes the Judge' (via CV candidate name "Here Comes the Judge"); invisible before TODO 30
S13648	g	provider-missing: CV 24710 "Here Comes The Big People" 1997 Event Comics 1 issues — far (gap 21), found by 'Here Comes The Big People' (via CV candidate name "Here Comes The Big People"); invisible before TODO 30
S13648	g	provider-missing: CV 71255 "Here Comes the Parade" 1957 Targ And Dinner 1 issues — far (gap 61), found by 'Here Comes the Parade' (via CV candidate name "Here Comes the Parade"); invisible before TODO 30
S13649	g	provider-missing: CV 99876 "Snoopy To the Rescue: A Peanuts Collection" 2017 Andrews McMeel Publishing 1 issues — far (gap 5), found by 'Snoopy To the Rescue: A Peanuts Collection' (via CV candidate name "Snoopy To the Rescue: A Peanuts Collection"); invisible before TODO 30
S13649	g	provider-missing: CV 106309 "Snoopy: A Peanuts Collection" 2017 Boom! Studios 1 issues — far (gap 5), found by 'Snoopy: A Peanuts Collection' (via CV candidate name "Snoopy: A Peanuts Collection"); invisible before TODO 30
S13654	g	provider-missing: CV 81861 "Meet the Peanuts Gang!" 2015 Simon and Schuster 1 issues — far (gap 2), found by 'Meet the Peanuts Gang!' (via CV candidate name "Meet the Peanuts Gang!"); invisible before TODO 30
S13654	g	provider-missing: CV 74746 "Peanuts: The Beagle Has Landed, Charlie Brown!" 2014 Boom! Studios 1 issues — far (gap 3), found by 'Peanuts: The Beagle Has Landed, Charlie Brown!' (via CV candidate name "Peanuts: The Beagle Has Landed, Charlie Brown!"); invisible before TODO 30
S13662	g	provider-missing: CV 99876 "Snoopy To the Rescue: A Peanuts Collection" 2017 Andrews McMeel Publishing 1 issues — far (gap 3), found by 'Snoopy To the Rescue: A Peanuts Collection' (via CV candidate name "Snoopy To the Rescue: A Peanuts Collection"); invisible before TODO 30
S13663	g	provider-missing: CV 69543 "Joy of a Peanuts Christmas" 2000 Hallmark Books 1 issues — far (gap 22), found by 'Joy of a Peanuts Christmas' (via CV candidate name "Joy of a Peanuts Christmas"); invisible before TODO 30
S13768	g	S cv=-+provider-missing: CV 160248 "Marvel and Fantagraphics Present Stories from the Atlas Comics Library: FCBD 2024" 2024 Fantagraphics 1 issues — near (gap 0), found by 'Marvel and Fantagraphics Present Stories from the Atlas Comics Library: FCBD 2024' (via CV candidate name "Marvel and Fantagraphics Present Stories from the Atlas Comics Library: FCBD 2024"); invisible before TODO 30
S13803	g	S cv=-: CV 124858 "The Book of Jessica Graphic Novel" 2020 Mountaineer West Productions 1 issues — far (gap 4), found by 'The Book of Jessica Graphic Novel' (via CV candidate name "The Book of Jessica Graphic Novel"); invisible before TODO 30
S13803	g	S cv=-: CV 84377 "A Quest of Heroes: The Graphic Novel" 2015 self published 1 issues — far (gap 9), found by 'A Quest of Heroes: The Graphic Novel' (via CV candidate name "A Quest of Heroes: The Graphic Novel"); invisible before TODO 30
S13808	g	S cv=-: CV 64849 "Phineas and Ferb: Quantum Boogaloo" 2011 Disney 1 issues — far (gap 2), found by 'Phineas and Ferb: Quantum Boogaloo' (via CV candidate name "Phineas and Ferb: Quantum Boogaloo"); invisible before TODO 30
S13808	g	S cv=-: CV 81507 "Disney's Phineas and Ferb Comics Blowout!" 2015 Disney 1 issues — far (gap 2), found by 'Disney's Phineas and Ferb Comics Blowout!' (via CV candidate name "Disney's Phineas and Ferb Comics Blowout!"); invisible before TODO 30
S13844	g	S cv=-+provider-missing: CV 119792 "The Amulet of Lilith" 2019 Dark Gravity Comics 1 issues — far (gap 3), found by 'The Amulet of Lilith' (via CV candidate name "The Amulet of Lilith"); invisible before TODO 30
S13844	g	S cv=-+provider-missing: CV 58214 "The Amulet of Samarkand" 2011 Disney-Hyperion 1 issues — far (gap 11), found by 'The Amulet of Samarkand' (via CV candidate name "The Amulet of Samarkand"); invisible before TODO 30
S13844	g	S cv=-+provider-missing: CV 29368 "Art of Abrams" 1996 Lightning Comics 1 issues — far (gap 26), found by 'Art of Abrams' (via CV candidate name "Art of Abrams"); invisible before TODO 30
S13845	g	provider-missing: CV 149006 "Pixies of the Sixties - Anann" 2023 Humanoids 1 issues — near (gap 0), found by 'Pixies of the Sixties - Anann' (via CV candidate name "Pixies of the Sixties - Anann"); invisible before TODO 30
S13845	g	provider-missing: CV 155146 "Pixies of the Sixties - Carrie" 2023 Humanoids 1 issues — near (gap 0), found by 'Pixies of the Sixties - Carrie' (via CV candidate name "Pixies of the Sixties - Carrie"); invisible before TODO 30
S13846	g	provider-missing: CV 149005 "Pixies of the Sixties - Ailith" 2023 Humanoids 1 issues — near (gap 0), found by 'Pixies of the Sixties - Ailith' (via CV candidate name "Pixies of the Sixties - Ailith"); invisible before TODO 30
S13846	g	provider-missing: CV 149006 "Pixies of the Sixties - Anann" 2023 Humanoids 1 issues — near (gap 0), found by 'Pixies of the Sixties - Anann' (via CV candidate name "Pixies of the Sixties - Anann"); invisible before TODO 30
S13870	g	provider-missing: CV 39882 "Planet of the Apes" 2011 Boom! Studios 16 issues — far (gap 6), found by 'Planet of the Apes' (via CV candidate name "Planet of the Apes"); invisible before TODO 30
S13870	g	provider-missing: CV 49156 "Planet of the Apes" 2011 Boom! Studios 5 issues — far (gap 6), found by 'Planet of the Apes' (via CV candidate name "Planet of the Apes"); invisible before TODO 30
S13870	g	provider-missing: CV 149308 "Planet of the Apes" 2023 Marvel 5 issues — far (gap 6), found by 'Planet of the Apes' (via CV candidate name "Planet of the Apes"); invisible before TODO 30
S13870	g	provider-missing: CV 27990 "Planet of the Apes" 2001 Dark Horse Comics 6 issues — far (gap 16), found by 'Planet of the Apes' (via CV candidate name "Planet of the Apes"); invisible before TODO 30
S13870	g	provider-missing: CV 29952 "Planet of the Apes" 1990 Adventure 24 issues — far (gap 27), found by 'Planet of the Apes' (via CV candidate name "Planet of the Apes"); invisible before TODO 30
S13870	g	provider-missing: CV 2699 "Planet of the Apes" 1974 Marvel 29 issues — far (gap 43), found by 'Planet of the Apes' (via CV candidate name "Planet of the Apes"); invisible before TODO 30
S13902	g	provider-missing: CV 121667 "Commute: An Illustrated Memoir of Female Shame" 2019 Harry N. Abrams 1 issues — near (gap 0), found by 'Commute: An Illustrated Memoir of Female Shame' (via CV candidate name "Commute: An Illustrated Memoir of Female Shame"); invisible before TODO 30
S13955	g	provider-missing: CV 69260 "Popeye and the Jeep" 1982 Tony Raiola 1 issues — far (gap 39), found by 'Popeye and the Jeep' (via CV candidate name "Popeye and the Jeep"); invisible before TODO 30
S13959	g	provider-missing: CV 59267 "Athena Voltaire: The Collected Webcomics" 2006 Ape Entertainment 1 issues — far (gap 13), found by 'Athena Voltaire: The Collected Webcomics' (via CV candidate name "Athena Voltaire: The Collected Webcomics"); invisible before TODO 30
S13994	g	S cv=-: CV 38907 "Power Man and Iron Fist" 2011 Marvel 5 issues — far (gap 33), found by 'Power Man and Iron Fist' (own spelling); invisible before TODO 30
S13994	g	S cv=-: CV 88214 "Power Man and Iron Fist" 2016 Marvel 15 issues — far (gap 38), found by 'Power Man and Iron Fist' (own spelling); invisible before TODO 30
S13994	g	S cv=-: CV 94655 "Power Man and Iron Fist Epic Collection: Revenge!" 2016 Marvel 1 issues — far (gap 38), found by 'Power Man and Iron Fist Epic Collection: Revenge!' (via CV candidate name "Power Man and Iron Fist Epic Collection: Revenge!"); invisible before TODO 30
S14095	g	provider-missing: CV 148850 "Prince of Persia" 2008 Dargaud 2 issues — near (gap 0), found by 'Prince of Persia' (own spelling); invisible before TODO 30
S14095	g	provider-missing: CV 34007 "Prince of Persia: Before the Sandstorm" 2010 Dynamite Entertainment 4 issues — far (gap 2), found by 'Prince of Persia: Before the Sandstorm' (via CV candidate name "Prince of Persia: Before the Sandstorm"); invisible before TODO 30
S14095	g	provider-missing: CV 40193 "Prince of Persia: Before the Sandstorm" 2010 Disney 1 issues — far (gap 2), found by 'Prince of Persia: Before the Sandstorm' (via CV candidate name "Prince of Persia: Before the Sandstorm"); invisible before TODO 30
S14113	g	provider-missing: CV 119789 "Prison Witch: The Feral" 2019 Space Between Entertainment 1 issues — near (gap 0), found by 'Prison Witch: The Feral' (via CV candidate name "Prison Witch: The Feral"); invisible before TODO 30
S14114	g	provider-missing: CV 122746 "Mimi and the Wolves" 2019 Avery Hill Publishing 1 issues — far (gap 2), found by 'Mimi and the Wolves' (via CV candidate name "Mimi and the Wolves"); invisible before TODO 30
S14114	g	provider-missing: CV 81870 "Mimi and the Wolves" 2015 Alternative Comics 2 issues — far (gap 6), found by 'Mimi and the Wolves' (via CV candidate name "Mimi and the Wolves"); invisible before TODO 30
S14115	g	provider-missing: CV 116670 "A Fistful of Drawings" 2019 Fantagraphics 1 issues — far (gap 7), found by 'A Fistful of Drawings' (via CV candidate name "A Fistful of Drawings"); invisible before TODO 30
S14122	g	provider-missing: CV 37808 "Nanny and the Professor" 1970 Dell 2 issues — far (gap 43), found by 'Nanny and the Professor' (via CV candidate name "Nanny and the Professor"); invisible before TODO 30
S14125	g	provider-missing: CV 114840 "Over the Garden Wall and Into the Unknown" 2018 Boom! Studios 1 issues — far (gap 5), found by 'Over the Garden Wall and Into the Unknown' (via CV candidate name "Over the Garden Wall and Into the Unknown"); invisible before TODO 30
S14137	g	provider-missing: CV 52426 "Halo and Sprocket" 2003 SLG Publishing 1 issues — far (gap 20), found by 'Halo and Sprocket' (via CV candidate name "Halo and Sprocket"); invisible before TODO 30
S14137	g	provider-missing: CV 38628 "Halo and Sprocket" 2002 SLG Publishing 5 issues — far (gap 21), found by 'Halo and Sprocket' (via CV candidate name "Halo and Sprocket"); invisible before TODO 30
S14180	g	S cv=-+provider-missing: CV 35631 "Boneyard: The Swimsuit Issue" 2003 NBM 1 issues — far (gap 21), found by 'Boneyard: The Swimsuit Issue' (via CV candidate name "Boneyard: The Swimsuit Issue"); invisible before TODO 30
S14195	g	provider-missing: CV 109966 "Punisher: The Platoon" 2018 Marvel 1 issues — near (gap 1), found by 'Punisher: The Platoon' (own spelling); invisible before TODO 30
S14195	g	provider-missing: CV 34724 "Marvel Universe vs. The Punisher" 2010 Marvel 4 issues — far (gap 7), found by 'Marvel Universe vs. The Punisher' (via CV candidate name "Marvel Universe vs. The Punisher"); invisible before TODO 30
S14195	g	provider-missing: CV 38206 "Marvel Universe vs. The Punisher" 2010 Marvel 1 issues — far (gap 7), found by 'Marvel Universe vs. The Punisher' (via CV candidate name "Marvel Universe vs. The Punisher"); invisible before TODO 30
S14195	g	provider-missing: CV 23192 "Marvel Mangaverse: The Punisher" 2002 Marvel 1 issues — far (gap 15), found by 'Marvel Mangaverse: The Punisher' (via CV candidate name "Marvel Mangaverse: The Punisher"); invisible before TODO 30
S14198	g	provider-missing: CV 20535 "The Punisher: Force of Nature" 2008 Marvel 1 issues — near (gap 1), found by 'Punisher: Force of Nature' (via GCD name "Punisher: Force of Nature"); invisible before TODO 30
S14222	g	provider-missing: CV 125815 "Captain America Epic Collection: Blood and Glory" 2020 Marvel 1 issues — far (gap 28), found by 'Captain America Epic Collection: Blood and Glory' (via CV candidate name "Captain America Epic Collection: Blood and Glory"); invisible before TODO 30
S14232	g	provider-missing: CV 46030 "Punk Rock and Trailer Parks" 2008 SLG Publishing 1 issues — far (gap 16), found by 'Punk Rock and Trailer Parks' (via CV candidate name "Punk Rock and Trailer Parks"); invisible before TODO 30
S14251	g	S cv=-+provider-missing: CV 46273 "The Best of Drawn & Quarterly" 1993 Drawn & Quarterly 1 issues — far (gap 29), found by 'The Best of Drawn & Quarterly' (via CV candidate name "The Best of Drawn & Quarterly"); invisible before TODO 30
S14252	g	provider-missing: CV 143767 "Pygmalion and the Ivory Virgin" 2022 Europe Comics 1 issues — far (gap 2), found by 'Pygmalion and the Ivory Virgin' (via CV candidate name "Pygmalion and the Ivory Virgin"); invisible before TODO 30
S14286	g	S cv=-+provider-missing: CV 125954 "The Viking Queen: The Sleepers in Shadow" 2020 Source Point Press 1 issues — far, found by 'The Viking Queen: The Sleepers in Shadow' (via CV candidate name "The Viking Queen: The Sleepers in Shadow"); invisible before TODO 30
S14301	g	provider-missing: CV 120522 "Girl in the World" 2019 Silver Sprocket 1 issues — far (gap 2), found by 'Girl in the World' (via CV candidate name "Girl in the World"); invisible before TODO 30
S14305	g	provider-missing: CV 89084 "Mystery of the Missing McNugget" 1992 McDonald's Corporation 1 issues — far (gap 32), found by 'Mystery of the Missing McNugget' (via CV candidate name "Mystery of the Missing McNugget"); invisible before TODO 30
S14364	g	provider-missing: CV 57534 "HelmetGirls: The Art of Camilla d’Errico" 2013 Dark Horse Comics 1 issues — far (gap 3), found by 'HelmetGirls: The Art of Camilla d’Errico' (via CV candidate name "HelmetGirls: The Art of Camilla d’Errico"); invisible before TODO 30
S14364	g	provider-missing: CV 40154 "Femina & Fauna: The Art Of Camilla D'Errico" 2011 Dark Horse Comics 1 issues — far (gap 5), found by 'Femina & Fauna: The Art Of Camilla D'Errico' (via CV candidate name "Femina & Fauna: The Art Of Camilla D'Errico"); invisible before TODO 30
S14368	g	provider-missing: CV 158267 "Raise the Dead" 2009 Dynamite Entertainment 1 issues — far (gap 15), found by 'Raise the Dead' (via CV candidate name "Raise the Dead"); invisible before TODO 30
S14368	g	provider-missing: CV 18440 "Raise the Dead" 2007 Dynamite Entertainment 4 issues — far (gap 17), found by 'Raise the Dead' (via CV candidate name "Raise the Dead"); invisible before TODO 30
S14370	g	provider-missing: CV 73558 "CBLDF Presents Raising A Reader!" 2014 Comic Book Legal Defense Fund 1 issues — near (gap 1), found by 'CBLDF Presents Raising A Reader!' (via CV candidate name "CBLDF Presents Raising A Reader!"); invisible before TODO 30
S14491	g	provider-missing: CV 125269 "Savage Tales of Red Sonja" 2009 Dynamite Entertainment 1 issues — far (gap 13), found by 'Savage Tales of Red Sonja' (via CV candidate name "Savage Tales of Red Sonja"); invisible before TODO 30
S14546	g	S cv=-+provider-missing: CV 139794 "TKO Presents: Tales of Terror" 2021 TKO Studios 1 issues — near (gap 1), found by 'TKO Presents: Tales of Terror' (via CV candidate name "TKO Presents: Tales of Terror"); invisible before TODO 30
S14566	g	provider-missing: CV 51996 "Hellina: The Relic" 1997 Lightning Comics 1 issues — far (gap 21), found by 'Hellina: The Relic' (via CV candidate name "Hellina: The Relic"); invisible before TODO 30
S14633	g	S cv=-+provider-missing: CV 46273 "The Best of Drawn & Quarterly" 1993 Drawn & Quarterly 1 issues — far (gap 29), found by 'The Best of Drawn & Quarterly' (via CV candidate name "The Best of Drawn & Quarterly"); invisible before TODO 30
S14649	g	provider-missing: CV 35594 "Alley of First Love" 2008 Tokyopop 1 issues — far, found by 'Alley of First Love' (via CV candidate name "Alley of First Love"); invisible before TODO 30
S14674	g	provider-missing: CV 125505 "Rick and Morty vs. Dungeons & Dragons II: Painscape" 2020 Oni Press 1 issues — near (gap 1), found by 'Rick and Morty vs. Dungeons & Dragons II: Painscape' (own spelling); invisible before TODO 30
S14674	g	provider-missing: CV 138546 "Rick and Morty vs. Dungeons & Dragons: Deluxe Edition" 2021 Oni Press 1 issues — far (gap 2), found by 'Rick and Morty vs. Dungeons & Dragons: Deluxe Edition' (via CV candidate name "Rick and Morty vs. Dungeons & Dragons: Deluxe Edition"); invisible before TODO 30
S14674	g	provider-missing: CV 165379 "Rick and Morty vs. the Universe" 2025 Oni Press 4 issues — far (gap 6), found by 'Rick and Morty vs. the Universe' (via CV candidate name "Rick and Morty vs. the Universe"); invisible before TODO 30
S14684	g	provider-missing: CV 61623 "Ring of Roses" 1992 Dark Horse Comics 4 issues — far (gap 23), found by 'Ring of Roses' (own spelling); invisible before TODO 30
S14706	g	provider-missing: CV 52426 "Halo and Sprocket" 2003 SLG Publishing 1 issues — far (gap 20), found by 'Halo and Sprocket' (via CV candidate name "Halo and Sprocket"); invisible before TODO 30
S14706	g	provider-missing: CV 38628 "Halo and Sprocket" 2002 SLG Publishing 5 issues — far (gap 21), found by 'Halo and Sprocket' (via CV candidate name "Halo and Sprocket"); invisible before TODO 30
S14712	g	provider-missing: CV 109097 "Fighting American: The Ties That Bind" 2018 Titan Comics 4 issues — far (gap 3), found by 'Fighting American: The Ties That Bind' (via CV candidate name "Fighting American: The Ties That Bind"); invisible before TODO 30
S14712	g	provider-missing: CV 113470 "Fighting American: The Ties That Bind" 2018 Titan Comics 1 issues — far (gap 3), found by 'Fighting American: The Ties That Bind' (via CV candidate name "Fighting American: The Ties That Bind"); invisible before TODO 30
S14712	g	provider-missing: CV 43682 "Justice League Unlimited: The Ties That Bind" 2008 DC Comics 1 issues — far (gap 13), found by 'Justice League Unlimited: The Ties That Bind' (via CV candidate name "Justice League Unlimited: The Ties That Bind"); invisible before TODO 30
S14716	g	provider-missing: CV 109493 "Rivers of London: Here Be Dragons" 2024 Titan Comics 1 issues — near (gap 1), found by 'Rivers of London: Here Be Dragons' (own spelling); invisible before TODO 30
S14716	g	provider-missing: CV 88580 "Rivers of London: Body Work" 2016 Titan Comics 1 issues — far (gap 7), found by 'Rivers of London: Body Work' (via CV candidate name "Rivers of London: Body Work"); invisible before TODO 30
S14716	g	provider-missing: CV 83321 "Rivers of London: Body Work" 2015 Titan Comics 5 issues — far (gap 8), found by 'Rivers of London: Body Work' (via CV candidate name "Rivers of London: Body Work"); invisible before TODO 30
S14717	g	provider-missing: CV 88580 "Rivers of London: Body Work" 2016 Titan Comics 1 issues — far (gap 8), found by 'Rivers of London: Body Work' (via CV candidate name "Rivers of London: Body Work"); invisible before TODO 30
S14717	g	provider-missing: CV 83321 "Rivers of London: Body Work" 2015 Titan Comics 5 issues — far (gap 9), found by 'Rivers of London: Body Work' (via CV candidate name "Rivers of London: Body Work"); invisible before TODO 30
S14720	g	S cv=-+provider-missing: CV 52423 "Halo and Sprocket: Natural Creatures" 2012 SLG Publishing 1 issues — far (gap 9), found by 'Halo and Sprocket: Natural Creatures' (via CV candidate name "Halo and Sprocket: Natural Creatures"); invisible before TODO 30
S14720	g	S cv=-+provider-missing: CV 39484 "Muppet Show Comic Book: On The Road" 2010 Boom! Studios 1 issues — far (gap 11), found by 'Muppet Show Comic Book: On The Road' (via CV candidate name "Muppet Show Comic Book: On The Road"); invisible before TODO 30
S14803	g	provider-missing: CV 59005 "Return of the Originals: Black Bat" 2011 Moonstone 1 issues — far (gap 13), found by 'Return of the Originals: Black Bat' (via CV candidate name "Return of the Originals: Black Bat"); invisible before TODO 30
S14832	g	S cv=-+provider-missing: CV 72949 "Graphic Library: Rosa Parks and the Montgomery Bus Boycott" 2014 Capstone Press 1 issues — far, found by 'Graphic Library: Rosa Parks and the Montgomery Bus Boycott' (via CV candidate name "Graphic Library: Rosa Parks and the Montgomery Bus Boycott"); invisible before TODO 30
S14849	g	provider-missing: CV 120769 "Roy of the Rovers: The Best of the 1960s" 2019 Rebellion 1 issues — near (gap 0), found by 'Roy of the Rovers: The Best of the 1960s' (via CV candidate name "Roy of the Rovers: The Best of the 1960s"); invisible before TODO 30
S14849	g	provider-missing: CV 136574 "Roy of the Rovers: The Best of the 1980s" 2021 Rebellion 1 issues — far (gap 2), found by 'Roy of the Rovers: The Best of the 1980s' (via CV candidate name "Roy of the Rovers: The Best of the 1980s"); invisible before TODO 30
S14882	g	S cv=-+provider-missing: CV 158034 "FCBD 2024 The Valiants" 2024 Alien Books 1 issues — near (gap 1), found by 'FCBD 2024 The Valiants' (via CV candidate name "FCBD 2024 The Valiants"); invisible before TODO 30
S14883	g	provider-missing: CV 113650 "Running from the Storm" 2018 Harlequin Comics 1 issues — near (gap 0), found by 'Running from the Storm' (via CV candidate name "Running from the Storm"); invisible before TODO 30
S14958	g	provider-missing: CV 114584 "The Hawk and the Lamb" 2018 Harlequin Comics 1 issues — far (gap 5), found by 'The Hawk and the Lamb' (via CV candidate name "The Hawk and the Lamb"); invisible before TODO 30
S14958	g	provider-missing: CV 75219 "The Lamb and the Fuhrer" 2014 Kingstone Comics 1 issues — far (gap 9), found by 'The Lamb and the Fuhrer' (via CV candidate name "The Lamb and the Fuhrer"); invisible before TODO 30
S14975	g	S cv=-+provider-missing: CV 169160 "The Vault of Horror" 2023 Akileos 2 issues — near (gap 0), found by 'The Vault of Horror' (via CV candidate name "The Vault of Horror"); invisible before TODO 30
S14975	g	S cv=-+provider-missing: CV 114916 "Vault of Spiders" 2018 Marvel 2 issues — far (gap 5), found by 'Vault of Spiders' (via CV candidate name "Vault of Spiders"); invisible before TODO 30
S14975	g	S cv=-+provider-missing: CV 31494 "Vault of Horror" 1992 Gemstone 29 issues — far (gap 31), found by 'The Vault of Horror' (via CV candidate name "The Vault of Horror"); invisible before TODO 30
S14975	g	S cv=-+provider-missing: CV 31172 "Vault of Horror" 1991 Russ Cochran 5 issues — far (gap 32), found by 'The Vault of Horror' (via CV candidate name "The Vault of Horror"); invisible before TODO 30
S14975	g	S cv=-+provider-missing: CV 64729 "Vault of Horror" 1990 Gladstone 6 issues — far (gap 33), found by 'The Vault of Horror' (via CV candidate name "The Vault of Horror"); invisible before TODO 30
S14975	g	S cv=-+provider-missing: CV 32144 "Vault of Horror" 1965 Ballantine Books 1 issues — far (gap 58), found by 'The Vault of Horror' (via CV candidate name "The Vault of Horror"); invisible before TODO 30
S14987	g	provider-missing: CV 84044 "Salvagers: The Deliverance" 2015 Think Alike Productions 1 issues — far (gap 4), found by 'Salvagers: The Deliverance' (via CV candidate name "Salvagers: The Deliverance"); invisible before TODO 30
S15023	g	provider-missing: CV 49251 "Dinosaurs Attack! The Graphic Novel" 1991 Eclipse 1 issues — far (gap 24), found by 'Dinosaurs Attack! The Graphic Novel' (via CV candidate name "Dinosaurs Attack! The Graphic Novel"); invisible before TODO 30
S15072	g	provider-missing: CV 126423 "Saturday and Sunday" 2020 Europe Comics 2 issues — far (gap 2), found by 'Saturday and Sunday' (via CV candidate name "Saturday and Sunday"); invisible before TODO 30
S15072	g	provider-missing: CV 110774 "World of Tanks II: Citadel" 2018 Dark Horse Comics 5 issues — far (gap 4), found by 'World of Tanks II: Citadel' (via CV candidate name "World of Tanks II: Citadel"); invisible before TODO 30
S15072	g	provider-missing: CV 93688 "World of Tanks" 2016 Dark Horse Comics 5 issues — far (gap 6), found by 'World of Tanks' (via CV candidate name "World of Tanks"); invisible before TODO 30
S15100	g	S cv=-: CV 2701 "The Savage Sword of Conan" 1974 Marvel 235 issues — near (gap 0), found by 'Savage Sword Of Conan' (own spelling); invisible before TODO 30
S15100	g	S cv=-: CV 133866 "The Savage Sword of Conan the Barbarian" 1974 Yaffa / Page 4 issues — near (gap 0), found by 'The Savage Sword of Conan the Barbarian' (via CV candidate name "The Savage Sword of Conan the Barbarian"); invisible before TODO 30
S15100	g	S cv=-: CV 20391 "The Savage Sword of Conan" 1975 Marvel UK/Panini UK 18 issues — near (gap 1), found by 'Savage Sword Of Conan' (own spelling); invisible before TODO 30
S15100	g	S cv=-: CV 47760 "Savage Sword of Conan" 1977 Marvel UK/Panini UK 93 issues — far (gap 3), found by 'Savage Sword Of Conan' (own spelling); invisible before TODO 30
S15100	g	S cv=-: CV 21975 "The Savage Sword of Conan" 2007 Dark Horse Comics 22 issues — far (gap 33), found by 'Savage Sword Of Conan' (own spelling); invisible before TODO 30
S15100	g	S cv=-: CV 120279 "The Savage Sword Of Conan " 2017 Hachette 4 issues — far (gap 43), found by 'Savage Sword Of Conan' (own spelling); invisible before TODO 30
S15103	g	provider-missing: CV 117080 "The Savage Sword of Conan" 2019 Marvel 12 issues — near (gap 0), found by 'The Savage Sword of Conan' (via CV candidate name "The Savage Sword of Conan"); invisible before TODO 30
S15103	g	provider-missing: CV 120321 "Savage Sword of Conan: The Cult of Koga Thun" 2019 Marvel 1 issues — near (gap 0), found by 'Savage Sword of Conan: The Cult of Koga Thun' (via CV candidate name "Savage Sword of Conan: The Cult of Koga Thun"); invisible before TODO 30
S15103	g	provider-missing: CV 133719 "Savage Sword of Conan" 2019 Panini Verlag 2 issues — near (gap 0), found by 'The Savage Sword of Conan' (via CV candidate name "The Savage Sword of Conan"); invisible before TODO 30
S15103	g	provider-missing: CV 120279 "The Savage Sword Of Conan " 2017 Hachette 4 issues — far (gap 2), found by 'The Savage Sword of Conan' (via CV candidate name "The Savage Sword of Conan"); invisible before TODO 30
S15103	g	provider-missing: CV 157073 "The Savage Sword of Conan" 2024 Titan Comics 11 issues — far (gap 5), found by 'The Savage Sword of Conan' (via CV candidate name "The Savage Sword of Conan"); invisible before TODO 30
S15103	g	provider-missing: CV 21975 "The Savage Sword of Conan" 2007 Dark Horse Comics 22 issues — far (gap 12), found by 'The Savage Sword of Conan' (via CV candidate name "The Savage Sword of Conan"); invisible before TODO 30
S15110	g	provider-missing: CV 76739 "Red Sonja: The Black Tower" 2014 Dynamite Entertainment 4 issues — far (gap 5), found by 'Red Sonja: The Black Tower' (via GCD name "Red Sonja: The Black Tower"); invisible before TODO 30
S15110	g	provider-missing: CV 138350 "Red Sonja: The Black Tower" 2015 Dynamite Entertainment 1 issues — far (gap 6), found by 'Red Sonja: The Black Tower' (via GCD name "Red Sonja: The Black Tower"); invisible before TODO 30
S15114	g	provider-missing: CV 141426 "Life of Wolverine: Infinity Comic" 2022 Marvel 10 issues — far (gap 2), found by 'Life of Wolverine: Infinity Comic' (via CV candidate name "Life of Wolverine: Infinity Comic"); invisible before TODO 30
S15118	g	provider-missing: CV 137496 "Saving the World" 2021 Tonic Comix LLC 1 issues — far (gap 2), found by 'Saving the World' (via CV candidate name "Saving the World"); invisible before TODO 30
S15122	g	provider-missing: CV 87630 "Scales of Time" 2016 Cosmic Times 1 issues — far (gap 5), found by 'Scales of Time' (via CV candidate name "Scales of Time"); invisible before TODO 30
S15192	g	S cv=-+provider-missing: CV 80009 "Scribblenauts Unmasked: A Crisis of Imagination" 2015 DC Comics 1 issues — near (gap 0), found by 'Scribblenauts Unmasked: A Crisis of Imagination' (via CV candidate name "Scribblenauts Unmasked: A Crisis of Imagination"); invisible before TODO 30
S15192	g	S cv=-+provider-missing: CV 71108 "Scribblenauts Unmasked: A Crisis of Imagination" 2014 DC Comics 9 issues — near (gap 1), found by 'Scribblenauts Unmasked: A Crisis of Imagination' (via CV candidate name "Scribblenauts Unmasked: A Crisis of Imagination"); invisible before TODO 30
S15192	g	S cv=-+provider-missing: CV 69756 "Scribblenauts Unmasked: A Crisis of Imagination" 2013 DC Comics 18 issues — far (gap 2), found by 'Scribblenauts Unmasked: A Crisis of Imagination' (via CV candidate name "Scribblenauts Unmasked: A Crisis of Imagination"); invisible before TODO 30
S15192	g	S cv=-+provider-missing: CV 44267 "DC Comics The New 52" 2012 DC Comics 1 issues — far (gap 3), found by 'DC Comics: The New 52' (via CV candidate name "DC Comics: The New 52"); invisible before TODO 30
S15192	g	S cv=-+provider-missing: CV 41416 "DC Comics: The New 52" 2011 DC Comics 1 issues — far (gap 4), found by 'DC Comics: The New 52' (via CV candidate name "DC Comics: The New 52"); invisible before TODO 30
S15228	g	S cv=-+provider-missing: CV 117892 "On Vinyl: First Hand Tales from a Second Hand Record Shop" 2019 Conundrum Press 1 issues — far (gap 5), found by 'On Vinyl: First Hand Tales from a Second Hand Record Shop' (via CV candidate name "On Vinyl: First Hand Tales from a Second Hand Record Shop"); invisible before TODO 30
S15228	g	S cv=-+provider-missing: CV 26771 "Love Letters in the Hand" 1991 Eros Comix 3 issues — far (gap 33), found by 'Love Letters in the Hand' (via CV candidate name "Love Letters in the Hand"); invisible before TODO 30
S15289	g	provider-missing: CV 41459 "Nick Fury, Agent of SHIELD: Who Is Scorpio?" 2001 Marvel 1 issues — far (gap 8), found by 'Nick Fury, Agent of SHIELD: Who Is Scorpio?' (via CV candidate name "Nick Fury, Agent of SHIELD: Who Is Scorpio?"); invisible before TODO 30
S15318	g	provider-missing: CV 132367 "Seeds of Spring" 2020 Microcosm Publishing 2 issues — far (gap 16), found by 'Seeds of Spring' (via CV candidate name "Seeds of Spring"); invisible before TODO 30
S15327	g	S cv=-+provider-missing: CV 46273 "The Best of Drawn & Quarterly" 1993 Drawn & Quarterly 1 issues — far (gap 31), found by 'The Best of Drawn & Quarterly' (via CV candidate name "The Best of Drawn & Quarterly"); invisible before TODO 30
S15353	g	S cv=-+provider-missing: CV 146900 "The Complete Cartoons of The New Yorker" 2004 Black Dog & Leventhal Publishers 1 issues — far (gap 12), found by 'The Complete Cartoons of The New Yorker' (via CV candidate name "The Complete Cartoons of The New Yorker"); invisible before TODO 30
S15366	g	provider-missing: CV 60588 "Sergio Aragonés Groo and Rufferto" 2000 Dark Horse Comics 1 issues — far (gap 7), found by 'Sergio Aragonés Groo and Rufferto' (via CV candidate name "Sergio Aragonés Groo and Rufferto"); invisible before TODO 30
S15366	g	provider-missing: CV 36520 "Sergio Aragonés' Groo And Rufferto" 1998 Dark Horse Comics 4 issues — far (gap 9), found by 'Sergio Aragonés Groo and Rufferto' (via CV candidate name "Sergio Aragonés Groo and Rufferto"); invisible before TODO 30
S15369	g	provider-missing: CV 62604 "Sergio Aragonés The Groo Kingdom" 2001 Dark Horse Comics 1 issues — far (gap 21), found by 'Sergio Aragonés The Groo Kingdom' (via CV candidate name "Sergio Aragonés The Groo Kingdom"); invisible before TODO 30
S15369	g	provider-missing: CV 60588 "Sergio Aragonés Groo and Rufferto" 2000 Dark Horse Comics 1 issues — far (gap 22), found by 'Sergio Aragonés Groo and Rufferto' (via CV candidate name "Sergio Aragonés Groo and Rufferto"); invisible before TODO 30
S15369	g	provider-missing: CV 36520 "Sergio Aragonés' Groo And Rufferto" 1998 Dark Horse Comics 4 issues — far (gap 24), found by 'Sergio Aragonés Groo and Rufferto' (via CV candidate name "Sergio Aragonés Groo and Rufferto"); invisible before TODO 30
S15370	g	provider-missing: CV 29450 "Mad Look at the 60's" 1989 Warner Books 1 issues — far (gap 35), found by 'Mad Look at the 60's' (via CV candidate name "Mad Look at the 60's"); invisible before TODO 30
S15370	g	provider-missing: CV 29310 "Mad Look at the Future" 1978 Warner Books 1 issues — far (gap 46), found by 'Mad Look at the Future' (via CV candidate name "Mad Look at the Future"); invisible before TODO 30
S15371	g	provider-missing: CV 29450 "Mad Look at the 60's" 1989 Warner Books 1 issues — far (gap 35), found by 'Mad Look at the 60's' (via CV candidate name "Mad Look at the 60's"); invisible before TODO 30
S15371	g	provider-missing: CV 29310 "Mad Look at the Future" 1978 Warner Books 1 issues — far (gap 46), found by 'Mad Look at the Future' (via CV candidate name "Mad Look at the Future"); invisible before TODO 30
S15373	g	provider-missing: CV 29310 "Mad Look at the Future" 1978 Warner Books 1 issues — far (gap 46), found by 'Mad Look at the Future' (via CV candidate name "Mad Look at the Future"); invisible before TODO 30
S15374	g	provider-missing: CV 29450 "Mad Look at the 60's" 1989 Warner Books 1 issues — far (gap 35), found by 'Mad Look at the 60's' (via CV candidate name "Mad Look at the 60's"); invisible before TODO 30
S15374	g	provider-missing: CV 29310 "Mad Look at the Future" 1978 Warner Books 1 issues — far (gap 46), found by 'Mad Look at the Future' (via CV candidate name "Mad Look at the Future"); invisible before TODO 30
S15375	g	provider-missing: CV 29450 "Mad Look at the 60's" 1989 Warner Books 1 issues — far (gap 35), found by 'Mad Look at the 60's' (via CV candidate name "Mad Look at the 60's"); invisible before TODO 30
S15375	g	provider-missing: CV 29566 "Mad Look at the 50's" 1985 Warner Books 1 issues — far (gap 39), found by 'Mad Look at the 50's' (via CV candidate name "Mad Look at the 50's"); invisible before TODO 30
S15375	g	provider-missing: CV 29310 "Mad Look at the Future" 1978 Warner Books 1 issues — far (gap 46), found by 'Mad Look at the Future' (via CV candidate name "Mad Look at the Future"); invisible before TODO 30
S15381	g	provider-missing: CV 46273 "The Best of Drawn & Quarterly" 1993 Drawn & Quarterly 1 issues — far (gap 22), found by 'The Best of Drawn & Quarterly' (via CV candidate name "The Best of Drawn & Quarterly"); invisible before TODO 30
S15414	g	provider-missing: CV 43900 "Essential Sgt. Fury and His Howling Commandos" 2011 Marvel 1 issues — far (gap 2), found by 'Essential Sgt. Fury and His Howling Commandos' (via CV candidate name "Essential Sgt. Fury and His Howling Commandos"); invisible before TODO 30
S15414	g	provider-missing: CV 2132 "Sgt. Fury and His Howling Commandos" 1974 Marvel 47 issues — far (gap 35), found by 'Sgt. Fury and His Howling Commandos' (own spelling); invisible before TODO 30
S15496	g	provider-missing: CV 56724 "Marvel Comics The Untold Story" 2012 HarperCollins 1 issues — far (gap 4), found by 'Marvel Comics The Untold Story' (via CV candidate name "Marvel Comics The Untold Story"); invisible before TODO 30
S15497	g	S cv=-: CV 118267 "She Could Fly: The Lost Pilot" 2019 Dark Horse Comics 5 issues — near (gap 0), found by 'She Could Fly: The Lost Pilot' (via CV candidate name "She Could Fly: The Lost Pilot"); invisible before TODO 30
S15497	g	S cv=-: CV 123252 "She Could Fly: The Lost Pilot" 2019 Dark Horse Comics 1 issues — near (gap 0), found by 'She Could Fly: The Lost Pilot' (via CV candidate name "She Could Fly: The Lost Pilot"); invisible before TODO 30
S15511	g	provider-missing: CV 77530 "She-Hulk: Law and Disorder" 2014 Marvel 1 issues — far (gap 8), found by 'She-Hulk: Law and Disorder' (via CV candidate name "She-Hulk: Law and Disorder"); invisible before TODO 30
S15516	g	provider-missing: CV 124899 "She-Ra and the Princesses of Power: Legend of the Fire Princess" 2020 Scholastic Book Services 1 issues — near (gap 1), found by 'She-Ra and the Princesses of Power: Legend of the Fire Princess' (via CV candidate name "She-Ra and the Princesses of Power: Legend of the Fire Princess"); invisible before TODO 30
S15516	g	provider-missing: CV 93380 "He-Man and She-Ra: A Complete Guide To the Classic Animated Adventures" 2016 Dark Horse Comics 1 issues — far (gap 3), found by 'He-Man and She-Ra: A Complete Guide To the Classic Animated Adventures' (via CV candidate name "He-Man and She-Ra: A Complete Guide To the Classic Animated Adventures"); invisible before TODO 30
S15516	g	provider-missing: CV 159080 "Princess of Power: The Sword of She-Ra" 1985 Western Publishing 1 issues — far (gap 34), found by 'Princess of Power: The Sword of She-Ra' (via CV candidate name "Princess of Power: The Sword of She-Ra"); invisible before TODO 30
S15558	g	provider-missing: CV 100141 "The Torture Report: A Graphic Adaptation" 2017 Skyhorse Publishing 1 issues — near (gap 1), found by 'The Torture Report: A Graphic Adaptation' (via CV candidate name "The Torture Report: A Graphic Adaptation"); invisible before TODO 30
S15560	g	S cv=-+provider-missing: CV 110635 "Scout Comics Presents: The Mall" 2018 Scout Comics 1 issues — far (gap 3), found by 'Scout Comics Presents: The Mall' (via CV candidate name "Scout Comics Presents: The Mall"); invisible before TODO 30
S15614	g	provider-missing: CV 110716 "Silence: Wall of Sound Edition" 2018 Cheshire Cat Art 1 issues — far (gap 2), found by 'Silence - Wall of Sound Edition' (own spelling); invisible before TODO 30
S15662	g	S cv=-+provider-missing: CV 104906 "Simpsons One-Shot Wonders: The Mighty Moe Szyslak" 2017 Bongo 1 issues — far (gap 2), found by 'Simpsons One-Shot Wonders: The Mighty Moe Szyslak' (via CV candidate name "Simpsons One-Shot Wonders: The Mighty Moe Szyslak"); invisible before TODO 30
S15663	g	S cv=-+provider-missing: CV 104906 "Simpsons One-Shot Wonders: The Mighty Moe Szyslak" 2017 Bongo 1 issues — far (gap 2), found by 'Simpsons One-Shot Wonders: The Mighty Moe Szyslak' (via CV candidate name "Simpsons One-Shot Wonders: The Mighty Moe Szyslak"); invisible before TODO 30
S15700	g	provider-missing: CV 136036 "Sirens of the Norse Sea" 2021 Humanoids 1 issues — near (gap 0), found by 'Sirens of the Norse Sea' (own spelling); invisible before TODO 30
S15706	g	S cv=-+provider-missing: CV 27791 "FemForce Versus The Claw" 2002 AC Comics 1 issues — far (gap 18), found by 'FemForce Versus The Claw' (via CV candidate name "FemForce Versus The Claw"); invisible before TODO 30
S15712	g	provider-missing: CV 62490 "DC Comics: Sixty Years of the World’s Favorite Comic Book Heroes" 1995 Bulfinch Press 1 issues — far (gap 27), found by 'DC Comics: Sixty Years of the World’s Favorite Comic Book Heroes' (via CV candidate name "DC Comics: Sixty Years of the World’s Favorite Comic Book Heroes"); invisible before TODO 30
S15715	g	provider-missing: CV 57054 "Walt and Skeezix" 2005 Drawn & Quarterly 7 issues — far (gap 81), found by 'Walt and Skeezix' (via CV candidate name "Walt and Skeezix"); invisible before TODO 30
S15715	g	provider-missing: CV 54722 "Sundays with Walt and Skeezix" 2007 Sunday Press Books 1 issues — far (gap 83), found by 'Sundays with Walt and Skeezix' (via CV candidate name "Sundays with Walt and Skeezix"); invisible before TODO 30
S15718	g	S cv=-+provider-missing: CV 117354 "Aspen: The Year Ahead 2019" 2019 Aspen MLT 1 issues — far (gap 5), found by 'Aspen: The Year Ahead 2019' (via CV candidate name "Aspen: The Year Ahead 2019"); invisible before TODO 30
S15726	g	provider-missing: CV 119543 "The Marvel Art of Skottie Young" 2019 Marvel 1 issues — far (gap 5), found by 'The Marvel Art of Skottie Young' (via CV candidate name "The Marvel Art of Skottie Young"); invisible before TODO 30
S15727	g	provider-missing: CV 119543 "The Marvel Art of Skottie Young" 2019 Marvel 1 issues — far (gap 9), found by 'The Marvel Art of Skottie Young' (via CV candidate name "The Marvel Art of Skottie Young"); invisible before TODO 30
S15778	g	provider-missing: CV 59005 "Return of the Originals: Black Bat" 2011 Moonstone 1 issues — far (gap 13), found by 'Return of the Originals: Black Bat' (via CV candidate name "Return of the Originals: Black Bat"); invisible before TODO 30
S15786	g	S cv=-+provider-missing: CV 66366 "The Life and Times of Julius Destructus" 2011 self published 1 issues — far (gap 11), found by 'The Life and Times of Julius Destructus' (via CV candidate name "The Life and Times of Julius Destructus"); invisible before TODO 30
S15786	g	S cv=-+provider-missing: CV 26067 "The Life and Times of Savior 28" 2009 IDW Publishing 5 issues — far (gap 13), found by 'The Life and Times of Savior 28' (via CV candidate name "The Life and Times of Savior 28"); invisible before TODO 30
S15786	g	S cv=-+provider-missing: CV 94239 "The Life and Times of Savior 28" 2009 IDW Publishing 1 issues — far (gap 13), found by 'The Life and Times of Savior 28' (via CV candidate name "The Life and Times of Savior 28"); invisible before TODO 30
S15786	g	S cv=-+provider-missing: CV 28393 "The Life and Times of Brandee Starr" 1988 Nuance, Inc 1 issues — far (gap 34), found by 'The Life and Times of Brandee Starr' (via CV candidate name "The Life and Times of Brandee Starr"); invisible before TODO 30
S15817	g	provider-missing: CV 99876 "Snoopy To the Rescue: A Peanuts Collection" 2017 Andrews McMeel Publishing 1 issues — far (gap 6), found by 'Snoopy To the Rescue: A Peanuts Collection' (via CV candidate name "Snoopy To the Rescue: A Peanuts Collection"); invisible before TODO 30
S15817	g	provider-missing: CV 86246 "Peanuts: The Snoopy Special" 2015 Boom! Studios 1 issues — far (gap 8), found by 'Peanuts: The Snoopy Special' (via CV candidate name "Peanuts: The Snoopy Special"); invisible before TODO 30
S15833	g	provider-missing: CV 63138 "So Beautiful And So Dangerous" 1978 Simon and Schuster 1 issues — far (gap 35), found by 'So Beautiful And So Dangerous' (via CV candidate name "So Beautiful And So Dangerous"); invisible before TODO 30
S15840	g	provider-missing: CV 60847 "Into the Woods" 2012 Aye Saw Comics 1 issues — far (gap 2), found by 'Into the Woods' (via CV candidate name "Into the Woods"); invisible before TODO 30
S15843	g	provider-missing: CV 75941 "Female Force: Women of Europe" 2014 TidalWave Productions 1 issues — far (gap 9), found by 'Female Force: Women of Europe' (via CV candidate name "Female Force: Women of Europe"); invisible before TODO 30
S15876	g	provider-missing: CV 149778 "Something Under the Bed is Drooling" 1989 Sphere 1 issues — far (gap 26), found by 'Something Under the Bed is Drooling' (via CV candidate name "Something Under the Bed is Drooling"); invisible before TODO 30
S15876	g	provider-missing: CV 7354 "Something Under the Bed is Drooling" 1988 Andrews McMeel Publishing 1 issues — far (gap 27), found by 'Something Under the Bed is Drooling' (via CV candidate name "Something Under the Bed is Drooling"); invisible before TODO 30
S15898	g	provider-missing: CV 131958 "Sonic the Hedgehog" 2019 ECC Ediciones 50 issues — far (gap 5), found by 'Sonic the Hedgehog' (via CV candidate name "Sonic the Hedgehog"); invisible before TODO 30
S15898	g	provider-missing: CV 109575 "Sonic the Hedgehog" 2018 IDW Publishing 82 issues — far (gap 6), found by 'Sonic the Hedgehog' (via CV candidate name "Sonic the Hedgehog"); invisible before TODO 30
S15898	g	provider-missing: CV 112927 "Sonic the Hedgehog" 2018 IDW Publishing 19 issues — far (gap 6), found by 'Sonic the Hedgehog' (via CV candidate name "Sonic the Hedgehog"); invisible before TODO 30
S15898	g	provider-missing: CV 11074 "Sonic the Hedgehog" 1993 Archie Comics 291 issues — far (gap 31), found by 'Sonic the Hedgehog' (via CV candidate name "Sonic the Hedgehog"); invisible before TODO 30
S15898	g	provider-missing: CV 23689 "Sonic the Hedgehog" 1993 Archie Comics 4 issues — far (gap 31), found by 'Sonic the Hedgehog' (via CV candidate name "Sonic the Hedgehog"); invisible before TODO 30
S15898	g	provider-missing: CV 27256 "Sonic the Hedgehog" 1991 Sega 1 issues — far (gap 33), found by 'Sonic the Hedgehog' (via CV candidate name "Sonic the Hedgehog"); invisible before TODO 30
S15905	g	provider-missing: CV 109575 "Sonic the Hedgehog" 2018 IDW Publishing 82 issues — far (gap 5), found by 'Sonic the Hedgehog' (via CV candidate name "Sonic the Hedgehog"); invisible before TODO 30
S15905	g	provider-missing: CV 112927 "Sonic the Hedgehog" 2018 IDW Publishing 19 issues — far (gap 5), found by 'Sonic the Hedgehog' (via CV candidate name "Sonic the Hedgehog"); invisible before TODO 30
S15905	g	provider-missing: CV 131958 "Sonic the Hedgehog" 2019 ECC Ediciones 50 issues — far (gap 6), found by 'Sonic the Hedgehog' (via CV candidate name "Sonic the Hedgehog"); invisible before TODO 30
S15905	g	provider-missing: CV 11074 "Sonic the Hedgehog" 1993 Archie Comics 291 issues — far (gap 20), found by 'Sonic the Hedgehog' (via CV candidate name "Sonic the Hedgehog"); invisible before TODO 30
S15905	g	provider-missing: CV 23689 "Sonic the Hedgehog" 1993 Archie Comics 4 issues — far (gap 20), found by 'Sonic the Hedgehog' (via CV candidate name "Sonic the Hedgehog"); invisible before TODO 30
S15905	g	provider-missing: CV 27256 "Sonic the Hedgehog" 1991 Sega 1 issues — far (gap 22), found by 'Sonic the Hedgehog' (via CV candidate name "Sonic the Hedgehog"); invisible before TODO 30
S15934	g	provider-missing: CV 75941 "Female Force: Women of Europe" 2014 TidalWave Productions 1 issues — far (gap 6), found by 'Female Force: Women of Europe' (via CV candidate name "Female Force: Women of Europe"); invisible before TODO 30
S15943	g	S cv=-+provider-missing: CV 34314 "Major Inapak The Space Ace" 1951 Magazine Enterprises 1 issues — far (gap 52), found by 'Major Inapak The Space Ace' (via CV candidate name "Major Inapak The Space Ace"); invisible before TODO 30
S15964	g	S cv=-+provider-missing: CV 121929 "Of Space" 2019 Weaselmeizters 1 issues — far (gap 3), found by 'Of Space' (via CV candidate name "Of Space"); invisible before TODO 30
S16027	g	S cv=-+provider-missing: CV 113459 "Rx: A Graphic Memoir" 2018 Warner Books 1 issues — far (gap 2), found by 'Rx: A Graphic Memoir' (via CV candidate name "Rx: A Graphic Memoir"); invisible before TODO 30
S16027	g	S cv=-+provider-missing: CV 94677 "Flying Couch: A Graphic Memoir" 2016 Black Balloon Publishing 1 issues — far (gap 4), found by 'Flying Couch: A Graphic Memoir' (via CV candidate name "Flying Couch: A Graphic Memoir"); invisible before TODO 30
S16027	g	S cv=-+provider-missing: CV 84294 "Prison Island: A Graphic Memoir" 2015 Zest Books 1 issues — far (gap 5), found by 'Prison Island: A Graphic Memoir' (via CV candidate name "Prison Island: A Graphic Memoir"); invisible before TODO 30
S16126	g	provider-missing: CV 139572 "Spider-Man: The Spider's Shadow" 2021 Marvel 1 issues — near (gap 0), found by 'Spider-Man: The Spider's Shadow' (own spelling); invisible before TODO 30
S16126	g	provider-missing: CV 65758 "The Amazing Spider-Man: Life and Death of Spiders" 2003 Marvel 1 issues — far (gap 18), found by 'The Amazing Spider-Man: Life and Death of Spiders' (via CV candidate name "The Amazing Spider-Man: Life and Death of Spiders"); invisible before TODO 30
S16127	g	provider-missing: CV 5328 "Spider-Man: The Mutant Agenda" 1994 Marvel 4 issues — far (gap 4), found by 'Spider-Man: The Mutant Agenda' (via CV candidate name "Spider-Man: The Mutant Agenda"); invisible before TODO 30
S16127	g	provider-missing: CV 43029 "Spider-Man: The Vengeance of Venom" 2011 Marvel 1 issues — far (gap 13), found by 'Spider-Man: The Vengeance of Venom' (via CV candidate name "Spider-Man: The Vengeance of Venom"); invisible before TODO 30
S16127	g	provider-missing: CV 54343 "Spider-Man: The Mutant Agenda" 2012 Marvel 1 issues — far (gap 14), found by 'Spider-Man: The Mutant Agenda' (via CV candidate name "Spider-Man: The Mutant Agenda"); invisible before TODO 30
S16128	g	provider-missing: CV 116258 "Marvel Super Hero Adventures: Spider-Man – Across the Spider-Verse" 2019 Marvel 1 issues — far (gap 7), found by 'Marvel Super Hero Adventures: Spider-Man – Across the Spider-Verse' (via CV candidate name "Marvel Super Hero Adventures: Spider-Man – Across the Spider-Verse"); invisible before TODO 30
S16129	g	provider-missing: CV 27082 "Spider-Man: Birth of Venom" 2007 Marvel 1 issues — far (gap 15), found by 'Spider-Man: Birth of Venom' (via CV candidate name "Spider-Man: Birth of Venom"); invisible before TODO 30
S16129	g	provider-missing: CV 43029 "Spider-Man: The Vengeance of Venom" 2011 Marvel 1 issues — far (gap 19), found by 'Spider-Man: The Vengeance of Venom' (via CV candidate name "Spider-Man: The Vengeance of Venom"); invisible before TODO 30
S16144	g	provider-missing: CV 47659 "Spider-Man and his Amazing Friends" 1983 Marvel UK/Panini UK 26 issues — far (gap 23), found by 'Spider-Man and His Amazing Friends' (via CV candidate name "Spider-Man and His Amazing Friends"); invisible before TODO 30
S16144	g	provider-missing: CV 26291 "Spider-Man and His Amazing Friends" 1981 Marvel 1 issues — far (gap 25), found by 'Spider-Man and His Amazing Friends' (via CV candidate name "Spider-Man and His Amazing Friends"); invisible before TODO 30
S16168	g	provider-missing: CV 26813 "Spider-Man and the Incredible Hulk" 1982 Marvel 1 issues — far (gap 41), found by 'Spider-Man and the Incredible Hulk' (via CV candidate name "Spider-Man and the Incredible Hulk"); invisible before TODO 30
S16168	g	provider-missing: CV 52381 "Spider-Man and the Incredible Hulk" 1982 Marvel 1 issues — far (gap 41), found by 'Spider-Man and the Incredible Hulk' (via CV candidate name "Spider-Man and the Incredible Hulk"); invisible before TODO 30
S16168	g	provider-missing: CV 52382 "Spider-Man and the Incredible Hulk" 1982 Marvel 1 issues — far (gap 41), found by 'Spider-Man and the Incredible Hulk' (via CV candidate name "Spider-Man and the Incredible Hulk"); invisible before TODO 30
S16168	g	provider-missing: CV 52383 "Spider-Man and the Incredible Hulk" 1982 Marvel 1 issues — far (gap 41), found by 'Spider-Man and the Incredible Hulk' (via CV candidate name "Spider-Man and the Incredible Hulk"); invisible before TODO 30
S16168	g	provider-missing: CV 42606 "Spider-Man and the Incredible Hulk" 1981 Marvel 1 issues — far (gap 42), found by 'Spider-Man and the Incredible Hulk' (via CV candidate name "Spider-Man and the Incredible Hulk"); invisible before TODO 30
S16181	g	provider-missing: CV 34307 "Adventures in Reading Starring the Amazing Spider-Man" 1991 Marvel 1 issues — far (gap 5), found by 'Adventures in Reading Starring the Amazing Spider-Man' (via CV name "Adventures in Reading Starring the Amazing Spider-Man"); invisible before TODO 30
S16181	g	provider-missing: CV 27998 "Adventures in Reading Starring the Amazing Spider-Man" 1990 Marvel 1 issues — far (gap 6), found by 'Adventures in Reading Starring the Amazing Spider-Man' (via CV name "Adventures in Reading Starring the Amazing Spider-Man"); invisible before TODO 30
S16206	g	provider-missing: CV 28301 "Spider-Man: Death of Captain Stacy" 2004 Marvel 1 issues — far (gap 5), found by 'Spider-Man: Death of Captain Stacy' (via CV candidate name "Spider-Man: Death of Captain Stacy"); invisible before TODO 30
S16209	g	provider-missing: CV 121743 "Spider-Man: Far From Home: The Art of the Movie" 2019 Marvel 1 issues — near (gap 0), found by 'Spider-Man: Far From Home: The Art of the Movie' (via CV candidate name "Spider-Man: Far From Home: The Art of the Movie"); invisible before TODO 30
S16234	g	S cv=-: CV 32699 "Spider-Man: The Gauntlet - Rhino and Mysterio" 2010 Marvel 1 issues — near (gap 0), found by 'Spider-Man: The Gauntlet - Rhino and Mysterio' (via CV candidate name "Spider-Man: The Gauntlet - Rhino and Mysterio"); invisible before TODO 30
S16234	g	S cv=-: CV 35046 "Spider-Man: The Gauntlet - Juggernaut" 2010 Marvel 1 issues — near (gap 0), found by 'Spider-Man: The Gauntlet - Juggernaut' (via CV candidate name "Spider-Man: The Gauntlet - Juggernaut"); invisible before TODO 30
S16234	g	S cv=-: CV 35738 "Spider-Man: The Gauntlet: Lizard" 2010 Marvel 1 issues — near (gap 0), found by 'Spider-Man: The Gauntlet: Lizard' (via CV candidate name "Spider-Man: The Gauntlet: Lizard"); invisible before TODO 30
S16240	g	provider-missing: CV 32903 "Spider-Man: The Clone Journal" 1995 Marvel 1 issues — far (gap 2), found by 'Spider-Man: The Clone Journal' (via CV candidate name "Spider-Man: The Clone Journal"); invisible before TODO 30
S16240	g	provider-missing: CV 37181 "Amazing Spider-Man: The Osborn Identity" 2010 Marvel 1 issues — far (gap 13), found by 'Amazing Spider-Man: The Osborn Identity' (via CV candidate name "Amazing Spider-Man: The Osborn Identity"); invisible before TODO 30
S16240	g	provider-missing: CV 130394 "Amazing Spider-Man: The Sins of Norman Osborn" 2020 Marvel 1 issues — far (gap 23), found by 'Amazing Spider-Man: The Sins of Norman Osborn' (via CV candidate name "Amazing Spider-Man: The Sins of Norman Osborn"); invisible before TODO 30
S16246	g	provider-missing: CV 151457 "Marvel Super Hero Adventures: Spider-Man and the Stolen Vibranium Infinite Comic " 2018 Marvel 2 issues — far (gap 2), found by 'Marvel Super Hero Adventures: Spider-Man and the Stolen Vibranium Infinite Comic ' (via CV candidate name "Marvel Super Hero Adventures: Spider-Man and the Stolen Vibranium Infinite Comic "); invisible before TODO 30
S16273	g	provider-missing: CV 142133 "Spidey and His Amazing Friends: Team Spidey Does It All!" 2022 Marvel 1 issues — near (gap 1), found by 'Spidey and His Amazing Friends: Team Spidey Does It All!' (via CV candidate name "Spidey and His Amazing Friends: Team Spidey Does It All!"); invisible before TODO 30
S16273	g	provider-missing: CV 142943 "Spidey and His Amazing Friends Free Comic" 2022 Marvel 1 issues — near (gap 1), found by 'Spidey and His Amazing Friends Free Comic' (via CV candidate name "Spidey and His Amazing Friends Free Comic"); invisible before TODO 30
S16273	g	provider-missing: CV 159262 "Spidey and His Amazing Friends" 2024 Marvel 2 issues — far (gap 3), found by 'Spidey and His Amazing Friends' (via GCD name "Spidey and His Amazing Friends"); invisible before TODO 30
S16274	g	provider-missing: CV 142133 "Spidey and His Amazing Friends: Team Spidey Does It All!" 2022 Marvel 1 issues — near (gap 0), found by 'Spidey and His Amazing Friends: Team Spidey Does It All!' (via CV candidate name "Spidey and His Amazing Friends: Team Spidey Does It All!"); invisible before TODO 30
S16274	g	provider-missing: CV 142943 "Spidey and His Amazing Friends Free Comic" 2022 Marvel 1 issues — near (gap 0), found by 'Spidey and His Amazing Friends Free Comic' (via CV candidate name "Spidey and His Amazing Friends Free Comic"); invisible before TODO 30
S16274	g	provider-missing: CV 159262 "Spidey and His Amazing Friends" 2024 Marvel 2 issues — far (gap 2), found by 'Spidey and His Amazing Friends' (via GCD name "Spidey and His Amazing Friends"); invisible before TODO 30
S16274	g	provider-missing: CV 47659 "Spider-Man and his Amazing Friends" 1983 Marvel UK/Panini UK 26 issues — far (gap 39), found by 'Spider-Man and His Amazing Friends' (via CV candidate name "Spider-Man and His Amazing Friends"); invisible before TODO 30
S16274	g	provider-missing: CV 26291 "Spider-Man and His Amazing Friends" 1981 Marvel 1 issues — far (gap 41), found by 'Spider-Man and His Amazing Friends' (via CV candidate name "Spider-Man and His Amazing Friends"); invisible before TODO 30
S16275	g	provider-missing: CV 142133 "Spidey and His Amazing Friends: Team Spidey Does It All!" 2022 Marvel 1 issues — near (gap 1), found by 'Spidey and His Amazing Friends: Team Spidey Does It All!' (via CV candidate name "Spidey and His Amazing Friends: Team Spidey Does It All!"); invisible before TODO 30
S16275	g	provider-missing: CV 142943 "Spidey and His Amazing Friends Free Comic" 2022 Marvel 1 issues — near (gap 1), found by 'Spidey and His Amazing Friends Free Comic' (via CV candidate name "Spidey and His Amazing Friends Free Comic"); invisible before TODO 30
S16275	g	provider-missing: CV 159262 "Spidey and His Amazing Friends" 2024 Marvel 2 issues — far (gap 3), found by 'Spidey and His Amazing Friends' (via GCD name "Spidey and His Amazing Friends"); invisible before TODO 30
S16275	g	provider-missing: CV 47659 "Spider-Man and his Amazing Friends" 1983 Marvel UK/Panini UK 26 issues — far (gap 38), found by 'Spider-Man and His Amazing Friends' (via CV candidate name "Spider-Man and His Amazing Friends"); invisible before TODO 30
S16275	g	provider-missing: CV 26291 "Spider-Man and His Amazing Friends" 1981 Marvel 1 issues — far (gap 40), found by 'Spider-Man and His Amazing Friends' (via CV candidate name "Spider-Man and His Amazing Friends"); invisible before TODO 30
S16276	g	provider-missing: CV 142133 "Spidey and His Amazing Friends: Team Spidey Does It All!" 2022 Marvel 1 issues — near (gap 1), found by 'Spidey and His Amazing Friends: Team Spidey Does It All!' (via CV candidate name "Spidey and His Amazing Friends: Team Spidey Does It All!"); invisible before TODO 30
S16276	g	provider-missing: CV 142943 "Spidey and His Amazing Friends Free Comic" 2022 Marvel 1 issues — near (gap 1), found by 'Spidey and His Amazing Friends Free Comic' (via CV candidate name "Spidey and His Amazing Friends Free Comic"); invisible before TODO 30
S16276	g	provider-missing: CV 159262 "Spidey and His Amazing Friends" 2024 Marvel 2 issues — near (gap 1), found by 'Spidey and His Amazing Friends' (via GCD name "Spidey and His Amazing Friends"); invisible before TODO 30
S16276	g	provider-missing: CV 47659 "Spider-Man and his Amazing Friends" 1983 Marvel UK/Panini UK 26 issues — far (gap 40), found by 'Spider-Man and His Amazing Friends' (via CV candidate name "Spider-Man and His Amazing Friends"); invisible before TODO 30
S16276	g	provider-missing: CV 26291 "Spider-Man and His Amazing Friends" 1981 Marvel 1 issues — far (gap 42), found by 'Spider-Man and His Amazing Friends' (via CV candidate name "Spider-Man and His Amazing Friends"); invisible before TODO 30
S16277	g	provider-missing: CV 142133 "Spidey and His Amazing Friends: Team Spidey Does It All!" 2022 Marvel 1 issues — near (gap 0), found by 'Spidey and His Amazing Friends: Team Spidey Does It All!' (via CV candidate name "Spidey and His Amazing Friends: Team Spidey Does It All!"); invisible before TODO 30
S16277	g	provider-missing: CV 142943 "Spidey and His Amazing Friends Free Comic" 2022 Marvel 1 issues — near (gap 0), found by 'Spidey and His Amazing Friends Free Comic' (via CV candidate name "Spidey and His Amazing Friends Free Comic"); invisible before TODO 30
S16277	g	provider-missing: CV 159262 "Spidey and His Amazing Friends" 2024 Marvel 2 issues — far (gap 2), found by 'Spidey and His Amazing Friends' (via GCD name "Spidey and His Amazing Friends"); invisible before TODO 30
S16278	g	provider-missing: CV 142133 "Spidey and His Amazing Friends: Team Spidey Does It All!" 2022 Marvel 1 issues — near (gap 1), found by 'Spidey and His Amazing Friends: Team Spidey Does It All!' (via CV candidate name "Spidey and His Amazing Friends: Team Spidey Does It All!"); invisible before TODO 30
S16278	g	provider-missing: CV 142943 "Spidey and His Amazing Friends Free Comic" 2022 Marvel 1 issues — near (gap 1), found by 'Spidey and His Amazing Friends Free Comic' (via CV candidate name "Spidey and His Amazing Friends Free Comic"); invisible before TODO 30
S16278	g	provider-missing: CV 159262 "Spidey and His Amazing Friends" 2024 Marvel 2 issues — far (gap 3), found by 'Spidey and His Amazing Friends' (via GCD name "Spidey and His Amazing Friends"); invisible before TODO 30
S16278	g	provider-missing: CV 47659 "Spider-Man and his Amazing Friends" 1983 Marvel UK/Panini UK 26 issues — far (gap 38), found by 'Spider-Man and His Amazing Friends' (via CV candidate name "Spider-Man and His Amazing Friends"); invisible before TODO 30
S16278	g	provider-missing: CV 26291 "Spider-Man and His Amazing Friends" 1981 Marvel 1 issues — far (gap 40), found by 'Spider-Man and His Amazing Friends' (via CV candidate name "Spider-Man and His Amazing Friends"); invisible before TODO 30
S16279	g	provider-missing: CV 142133 "Spidey and His Amazing Friends: Team Spidey Does It All!" 2022 Marvel 1 issues — near (gap 1), found by 'Spidey and His Amazing Friends: Team Spidey Does It All!' (via CV candidate name "Spidey and His Amazing Friends: Team Spidey Does It All!"); invisible before TODO 30
S16279	g	provider-missing: CV 142943 "Spidey and His Amazing Friends Free Comic" 2022 Marvel 1 issues — near (gap 1), found by 'Spidey and His Amazing Friends Free Comic' (via CV candidate name "Spidey and His Amazing Friends Free Comic"); invisible before TODO 30
S16279	g	provider-missing: CV 159262 "Spidey and His Amazing Friends" 2024 Marvel 2 issues — far (gap 3), found by 'Spidey and His Amazing Friends' (via GCD name "Spidey and His Amazing Friends"); invisible before TODO 30
S16279	g	provider-missing: CV 74365 "Golden Book of Comics" 1950 Amalgamated Press 1 issues — far (gap 71), found by 'Golden Book of Comics' (via CV candidate name "Golden Book of Comics"); invisible before TODO 30
S16304	g	provider-missing: CV 36967 "Superman: Panic in the Sky" 1993 DC Comics 1 issues — far, found by 'Superman: Panic in the Sky' (via CV candidate name "Superman: Panic in the Sky"); invisible before TODO 30
S16304	g	provider-missing: CV 63151 "Spirits in the Well" 2010 Creephouse 1 issues — far, found by 'Spirits in the Well' (via CV candidate name "Spirits in the Well"); invisible before TODO 30
S16304	g	provider-missing: CV 120032 "Superman: Up In the Sky" 2019 DC Comics 6 issues — far, found by 'Superman: Up In the Sky' (via CV candidate name "Superman: Up In the Sky"); invisible before TODO 30
S16304	g	provider-missing: CV 126482 "Superman: Up In the Sky" 2020 DC Comics 1 issues — far, found by 'Superman: Up In the Sky' (via CV candidate name "Superman: Up In the Sky"); invisible before TODO 30
S16316	g	provider-missing: CV 49707 "Diary of a Mosquito Abatement Man" 2005 La Mano 1 issues — far (gap 13), found by 'Diary of a Mosquito Abatement Man' (via CV candidate name "Diary of a Mosquito Abatement Man"); invisible before TODO 30
S16316	g	provider-missing: CV 49124 "Young Dracula: Diary of a Vampire" 1994 Caliber Comics 1 issues — far (gap 24), found by 'Young Dracula: Diary of a Vampire' (via CV candidate name "Young Dracula: Diary of a Vampire"); invisible before TODO 30
S16316	g	provider-missing: CV 72048 "Young Dracula: Diary of a Vampire" 1993 Caliber Comics 3 issues — far (gap 25), found by 'Young Dracula: Diary of a Vampire' (via CV candidate name "Young Dracula: Diary of a Vampire"); invisible before TODO 30
S16355	g	provider-missing: CV 46086 "Batman: Knight and Squire" 2011 DC Comics 1 issues — far (gap 12), found by 'Batman: Knight and Squire' (via CV candidate name "Batman: Knight and Squire"); invisible before TODO 30
S16355	g	provider-missing: CV 36020 "Knight and Squire" 2010 DC Comics 6 issues — far (gap 13), found by 'Knight and Squire' (via CV candidate name "Knight and Squire"); invisible before TODO 30
S16374	g	provider-missing: CV 98401 "Stan Lee's Chakra The Invincible: Rise of Infinitus" 2017 Graphic India 1 issues — near (gap 1), found by 'Stan Lee's Chakra The Invincible: Rise of Infinitus' (via CV candidate name "Stan Lee's Chakra The Invincible: Rise of Infinitus"); invisible before TODO 30
S16374	g	provider-missing: CV 90724 "Stan Lee's Chakra The Invincible: Rise of Infinitus" 2016 Graphic India 6 issues — far (gap 2), found by 'Stan Lee's Chakra The Invincible: Rise of Infinitus' (via CV candidate name "Stan Lee's Chakra The Invincible: Rise of Infinitus"); invisible before TODO 30
S16407	g	provider-missing: CV 38539 "Star Trek: The Next Generation" 2009 Tokyopop 1 issues — far (gap 13), found by 'Star Trek: The Next Generation' (via CV candidate name "Star Trek: The Next Generation"); invisible before TODO 30
S16407	g	provider-missing: CV 127590 "Star Trek: The Next Generation" 1996 JuniorPress BV 6 issues — far (gap 26), found by 'Star Trek: The Next Generation' (via CV candidate name "Star Trek: The Next Generation"); invisible before TODO 30
S16407	g	provider-missing: CV 46727 "Best of Star Trek: The Next Generation" 1994 DC Comics 1 issues — far (gap 28), found by 'Best of Star Trek: The Next Generation' (via CV candidate name "Best of Star Trek: The Next Generation"); invisible before TODO 30
S16407	g	provider-missing: CV 52551 "Star Trek The Next Generation" 1990 Marvel UK/Panini UK 23 issues — far (gap 32), found by 'Star Trek: The Next Generation' (via CV candidate name "Star Trek: The Next Generation"); invisible before TODO 30
S16407	g	provider-missing: CV 4214 "Star Trek: The Next Generation" 1989 DC Comics 80 issues — far (gap 33), found by 'Star Trek: The Next Generation' (via CV candidate name "Star Trek: The Next Generation"); invisible before TODO 30
S16407	g	provider-missing: CV 4027 "Star Trek: The Next Generation" 1988 DC Comics 6 issues — far (gap 34), found by 'Star Trek: The Next Generation' (via CV candidate name "Star Trek: The Next Generation"); invisible before TODO 30
S16440	g	provider-missing: CV 54666 "Star Trek: The Next Generation Omnibus" 2012 IDW Publishing 1 issues — near (gap 0), found by 'Star Trek: The Next Generation Omnibus' (via CV candidate name "Star Trek: The Next Generation Omnibus"); invisible before TODO 30
S16440	g	provider-missing: CV 61028 "Star Trek: The Next Generation: Ghosts" 2010 IDW Publishing 1 issues — far (gap 2), found by 'Star Trek: The Next Generation: Ghosts' (via CV candidate name "Star Trek: The Next Generation: Ghosts"); invisible before TODO 30
S16440	g	provider-missing: CV 29865 "Star Trek: The Next Generation: Ghosts" 2009 IDW Publishing 5 issues — far (gap 3), found by 'Star Trek: The Next Generation: Ghosts' (via CV candidate name "Star Trek: The Next Generation: Ghosts"); invisible before TODO 30
S16473	g	provider-missing: CV 154228 "Star Trek: The Animated Celebration Presents The Scheimer Barrier" 2023 IDW Publishing 1 issues — near (gap 0), found by 'Star Trek: The Animated Celebration Presents The Scheimer Barrier' (own spelling); invisible before TODO 30
S16515	g	provider-missing: CV 85138 "Star Wars: The Marvel Covers" 2015 Marvel 1 issues — far (gap 3), found by 'Star Wars: The Marvel Covers' (via CV candidate name "Star Wars: The Marvel Covers"); invisible before TODO 30
S16525	g	provider-missing: CV 152418 "Star Wars: Return of The Jedi - The Rebellion" 2023 Marvel 1 issues — near (gap 0), found by 'Star Wars: Return of The Jedi - The Rebellion' (via CV candidate name "Star Wars: Return of The Jedi - The Rebellion"); invisible before TODO 30
S16525	g	provider-missing: CV 126383 "Star Wars: Age of Rebellion" 2020 Marvel 1 issues — far (gap 3), found by 'Star Wars: Age of Rebellion' (via CV candidate name "Star Wars: Age of Rebellion"); invisible before TODO 30
S16525	g	provider-missing: CV 118395 "Star Wars: Age of Rebellion Special" 2019 Marvel 1 issues — far (gap 4), found by 'Star Wars: Age of Rebellion Special' (via CV candidate name "Star Wars: Age of Rebellion Special"); invisible before TODO 30
S16530	g	provider-missing: CV 85138 "Star Wars: The Marvel Covers" 2015 Marvel 1 issues — far (gap 6), found by 'Star Wars: The Marvel Covers' (via CV candidate name "Star Wars: The Marvel Covers"); invisible before TODO 30
S16530	g	provider-missing: CV 121740 "The Marvel Art of Star Wars" 2019 Marvel 1 issues — far (gap 10), found by 'The Marvel Art of Star Wars' (via CV candidate name "The Marvel Art of Star Wars"); invisible before TODO 30
S16546	g	provider-missing: CV 40986 "Star Wars Infinities: Visions of the Blade" 2008 Lucas Online 1 issues — far (gap 5), found by 'Star Wars Infinities: Visions of the Blade' (via CV candidate name "Star Wars Infinities: Visions of the Blade"); invisible before TODO 30
S16546	g	provider-missing: CV 27303 "Star Wars: Infinities - A New Hope" 2002 Dark Horse Comics 1 issues — far (gap 11), found by 'Star Wars: Infinities - A New Hope' (via CV candidate name "Star Wars: Infinities - A New Hope"); invisible before TODO 30
S16546	g	provider-missing: CV 27289 "Star Wars: Infinities - A New Hope" 2001 Dark Horse Comics 4 issues — far (gap 12), found by 'Star Wars: Infinities - A New Hope' (via CV candidate name "Star Wars: Infinities - A New Hope"); invisible before TODO 30
S16595	g	provider-missing: CV 137047 "Star Wars: The Empire Strikes Back: 40th Anniversary Collector's Edition" 2021 Titan Comics 1 issues — near (gap 0), found by 'Star Wars: The Empire Strikes Back: 40th Anniversary Collector's Edition' (via CV name "Star Wars: The Empire Strikes Back: 40th Anniversary Collector's Edition"); invisible before TODO 30
S16595	g	provider-missing: CV 66017 "Star Wars: The Empire Strikes Back" 2005 Tokyopop 1 issues — far (gap 16), found by 'Star Wars: The Empire Strikes Back' (via CV candidate name "Star Wars: The Empire Strikes Back"); invisible before TODO 30
S16595	g	provider-missing: CV 28818 "Star Wars: The Empire Strikes Back" 1997 Dark Horse Comics 1 issues — far (gap 24), found by 'Star Wars: The Empire Strikes Back' (via CV candidate name "Star Wars: The Empire Strikes Back"); invisible before TODO 30
S16595	g	provider-missing: CV 47795 "Star Wars: The Empire Strikes Back" 1980 Marvel UK/Panini UK 19 issues — far (gap 41), found by 'Star Wars: The Empire Strikes Back' (via CV candidate name "Star Wars: The Empire Strikes Back"); invisible before TODO 30
S16595	g	provider-missing: CV 58063 "Marvel Special Edition Featuring Star Wars The Empire Strikes Back" 1980 Marvel 1 issues — far (gap 41), found by 'Marvel Special Edition Featuring Star Wars The Empire Strikes Back' (via CV candidate name "Marvel Special Edition Featuring Star Wars The Empire Strikes Back"); invisible before TODO 30
S16596	g	provider-missing: CV 91772 "Star Wars: The Force Awakens Adaptation" 2016 Marvel 6 issues — near (gap 1), found by 'Star Wars: The Force Awakens Adaptation' (via CV candidate name "Star Wars: The Force Awakens Adaptation"); invisible before TODO 30
S16596	g	provider-missing: CV 96310 "Star Wars: The Force Awakens Adaptation" 2016 Marvel 1 issues — near (gap 1), found by 'Star Wars: The Force Awakens Adaptation' (via CV candidate name "Star Wars: The Force Awakens Adaptation"); invisible before TODO 30
S16596	g	provider-missing: CV 86107 "Star Wars: Journey to Star Wars: The Force Awakens - Shattered Empire" 2015 Marvel 1 issues — far (gap 2), found by 'Star Wars: Journey to Star Wars: The Force Awakens - Shattered Empire' (via CV candidate name "Star Wars: Journey to Star Wars: The Force Awakens - Shattered Empire"); invisible before TODO 30
S16600	g	provider-missing: CV 147135 "Star Wars: The High Republic: The Blade" 2023 Marvel 4 issues — near (gap 0), found by 'Star Wars: The High Republic - The Blade' (via CV candidate name "Star Wars: The High Republic - The Blade"); invisible before TODO 30
S16600	g	provider-missing: CV 151711 "Star Wars: The High Republic - The Blade" 2023 Marvel 1 issues — near (gap 0), found by 'Star Wars: The High Republic - The Blade' (via CV candidate name "Star Wars: The High Republic - The Blade"); invisible before TODO 30
S16600	g	provider-missing: CV 155570 "Star Wars: The High Republic Adventures - The Nameless Terror" 2023 Dark Horse Comics 1 issues — near (gap 0), found by 'Star Wars: The High Republic Adventures - The Nameless Terror' (own spelling); invisible before TODO 30
S16600	g	provider-missing: CV 145478 "Star Wars: The High Republic" 2022 Marvel 10 issues — near (gap 1), found by 'Star Wars: The High Republic' (via CV candidate name "Star Wars: The High Republic"); invisible before TODO 30
S16600	g	provider-missing: CV 154553 "Star Wars: The High Republic" 2024 Marvel 10 issues — near (gap 1), found by 'Star Wars: The High Republic' (via CV candidate name "Star Wars: The High Republic"); invisible before TODO 30
S16600	g	provider-missing: CV 133079 "Star Wars: The High Republic" 2021 Marvel 15 issues — far (gap 2), found by 'Star Wars: The High Republic' (via CV candidate name "Star Wars: The High Republic"); invisible before TODO 30
S16603	g	provider-missing: CV 145478 "Star Wars: The High Republic" 2022 Marvel 10 issues — near (gap 1), found by 'Star Wars: The High Republic' (via CV candidate name "Star Wars: The High Republic"); invisible before TODO 30
S16603	g	provider-missing: CV 154553 "Star Wars: The High Republic" 2024 Marvel 10 issues — near (gap 1), found by 'Star Wars: The High Republic' (via CV candidate name "Star Wars: The High Republic"); invisible before TODO 30
S16603	g	provider-missing: CV 133079 "Star Wars: The High Republic" 2021 Marvel 15 issues — far (gap 2), found by 'Star Wars: The High Republic' (via CV candidate name "Star Wars: The High Republic"); invisible before TODO 30
S16605	g	provider-missing: CV 110763 "Star Wars: The Last Jedi Adaptation" 2018 Marvel 6 issues — near (gap 0), found by 'Star Wars: The Last Jedi Adaptation' (via CV candidate name "Star Wars: The Last Jedi Adaptation"); invisible before TODO 30
S16605	g	provider-missing: CV 110935 "Star Wars: The Last Jedi Interview: The Official Debrief" 2018 Titan Comics 1 issues — near (gap 0), found by 'Star Wars: The Last Jedi Interview: The Official Debrief' (via CV candidate name "Star Wars: The Last Jedi Interview: The Official Debrief"); invisible before TODO 30
S16605	g	provider-missing: CV 115084 "Star Wars: The Last Jedi Adaptation" 2018 Marvel 1 issues — near (gap 0), found by 'Star Wars: The Last Jedi Adaptation' (via CV candidate name "Star Wars: The Last Jedi Adaptation"); invisible before TODO 30
S16605	g	provider-missing: CV 107162 "Star Wars: The Last Jedi: The Official Collector's Edition" 2017 Titan Comics 1 issues — near (gap 1), found by 'Star Wars: The Last Jedi: The Official Collector's Edition' (via CV candidate name "Star Wars: The Last Jedi: The Official Collector's Edition"); invisible before TODO 30
S16612	g	provider-missing: CV 101414 "Star Wars: The Prequel Trilogy: A Graphic Novel" 2017 Disney 1 issues — near (gap 1), found by 'Star Wars: The Prequel Trilogy: A Graphic Novel' (via CV candidate name "Star Wars: The Prequel Trilogy: A Graphic Novel"); invisible before TODO 30
S16612	g	provider-missing: CV 124292 "Star Wars: The Original Trilogy: The Movie Adaptations" 2020 Marvel 1 issues — far (gap 4), found by 'Star Wars: The Original Trilogy: The Movie Adaptations' (via CV candidate name "Star Wars: The Original Trilogy: The Movie Adaptations"); invisible before TODO 30
S16642	g	provider-missing: CV 122166 "Star Wars: The Skywalker Saga" 2019 Disney 1 issues — far (gap 2), found by 'Star Wars: The Skywalker Saga' (via CV candidate name "Star Wars: The Skywalker Saga"); invisible before TODO 30
S16642	g	provider-missing: CV 159646 "Star Wars: The Sith and the Skywalker" 2024 Marvel 1 issues — far (gap 3), found by 'Star Wars: The Sith and the Skywalker' (via CV candidate name "Star Wars: The Sith and the Skywalker"); invisible before TODO 30
S16669	g	provider-missing: CV 85138 "Star Wars: The Marvel Covers" 2015 Marvel 1 issues — near (gap 0), found by 'Star Wars: The Marvel Covers' (via CV candidate name "Star Wars: The Marvel Covers"); invisible before TODO 30
S16704	g	provider-missing: CV 147288 "Star Wars: Obi-Wan: A Jedi's Purpose" 2022 Marvel 1 issues — near (gap 0), found by 'Star Wars: Obi-Wan - A Jedi's Purpose' (own spelling); invisible before TODO 30
S16704	g	provider-missing: CV 92390 "Star Wars: Obi-Wan and Anakin" 2016 Marvel 1 issues — far (gap 6), found by 'Star Wars: Obi-Wan and Anakin' (via CV candidate name "Star Wars: Obi-Wan and Anakin"); invisible before TODO 30
S16722	g	provider-missing: CV 138431 "Star Wars: The High Republic Adventures Free Comic Book Day 2021" 2021 IDW Publishing 1 issues — near (gap 0), found by 'Star Wars: The High Republic Adventures Free Comic Book Day 2021' (via CV candidate name "Star Wars: The High Republic Adventures Free Comic Book Day 2021"); invisible before TODO 30
S16731	g	provider-missing: CV 154553 "Star Wars: The High Republic" 2024 Marvel 10 issues — near (gap 0), found by 'Star Wars: The High Republic' (via CV candidate name "Star Wars: The High Republic"); invisible before TODO 30
S16731	g	provider-missing: CV 159631 "Star Wars: The High Republic Adventures - Echoes of Fear" 2024 Dark Horse Comics 4 issues — near (gap 0), found by 'Star Wars: The High Republic Adventures - Echoes of Fear' (via CV candidate name "Star Wars: The High Republic Adventures - Echoes of Fear"); invisible before TODO 30
S16731	g	provider-missing: CV 164419 "Star Wars: The High Republic Adventures - Saber for Hire" 2025 Dark Horse Comics 1 issues — near (gap 1), found by 'Star Wars: The High Republic Adventures - Saber for Hire' (own spelling); invisible before TODO 30
S16731	g	provider-missing: CV 145478 "Star Wars: The High Republic" 2022 Marvel 10 issues — far (gap 2), found by 'Star Wars: The High Republic' (via CV candidate name "Star Wars: The High Republic"); invisible before TODO 30
S16731	g	provider-missing: CV 133079 "Star Wars: The High Republic" 2021 Marvel 15 issues — far (gap 3), found by 'Star Wars: The High Republic' (via CV candidate name "Star Wars: The High Republic"); invisible before TODO 30
S16805	g	provider-missing: CV 136483 "In: A Graphic Novel" 2021 Houghton Mifflin Harcourt 1 issues — far (gap 2), found by 'In: A Graphic Novel' (via CV candidate name "In: A Graphic Novel"); invisible before TODO 30
S16805	g	provider-missing: CV 127848 "Parasite: A Graphic Novel In Storyboards" 2020 Warner Books 1 issues — far (gap 3), found by 'Parasite: A Graphic Novel In Storyboards' (via CV candidate name "Parasite: A Graphic Novel In Storyboards"); invisible before TODO 30
S16813	g	provider-missing: CV 33975 "The Best of Heavy Metal" 1982 Heavy Metal 2 issues — far (gap 40), found by 'The Best of Heavy Metal' (via CV candidate name "The Best of Heavy Metal"); invisible before TODO 30
S16841	g	S cv=-: CV 63801 "Steve Ditko's The Thing!" 2006 Pure Imagination 1 issues — far (gap 6), found by 'Steve Ditko's The Thing!' (via CV name "Steve Ditko's The Thing!"); invisible before TODO 30
S16846	g	S cv=-: CV 93944 "Sonic Boom: The Big Boom" 2016 Archie Comics 1 issues — far (gap 4), found by 'Sonic Boom: The Big Boom' (via CV candidate name "Sonic Boom: The Big Boom"); invisible before TODO 30
S16852	g	provider-missing: CV 88956 "Steven Universe and the Crystal Gems" 2016 Boom! Studios 4 issues — near (gap 1), found by 'Steven Universe and the Crystal Gems' (via CV candidate name "Steven Universe and the Crystal Gems"); invisible before TODO 30
S16852	g	provider-missing: CV 96312 "Steven Universe and the Crystal Gems" 2016 Boom! Studios 1 issues — near (gap 1), found by 'Steven Universe and the Crystal Gems' (via CV candidate name "Steven Universe and the Crystal Gems"); invisible before TODO 30
S16859	g	S cv=-: CV 39674 "Stitches: A Memoir" ? W. W. Norton & Company 1 issues — far, found by 'Stitches: A Memoir' (via CV candidate name "Stitches: A Memoir"); invisible before TODO 30
S16864	g	provider-missing: CV 137360 "Stone Star Season Two: In the Spotlight" 2021 Swords & Sassery 1 issues — near (gap 1), found by 'Stone Star Season Two: In the Spotlight' (via CV candidate name "Stone Star Season Two: In the Spotlight"); invisible before TODO 30
S16865	g	provider-missing: CV 143035 "Sonic the Hedgehog Free Comic Book Day 2022" 2022 IDW Publishing 1 issues — near (gap 0), found by 'Sonic the Hedgehog Free Comic Book Day 2022' (via CV candidate name "Sonic the Hedgehog Free Comic Book Day 2022"); invisible before TODO 30
S16885	g	S cv=-+provider-missing: CV 93925 "Humanoids Presents: The Jodoverse" 2016 Humanoids 1 issues — far (gap 6), found by 'Humanoids Presents: The Jodoverse' (via CV candidate name "Humanoids Presents: The Jodoverse"); invisible before TODO 30
S16886	g	S cv=-+provider-missing: CV 55527 "Thoughts On A Winter Morning" 2012 MonkeyBrain Comics 1 issues — far (gap 12), found by 'Thoughts On A Winter Morning' (via CV candidate name "Thoughts On A Winter Morning"); invisible before TODO 30
S16978	g	provider-missing: CV 32214 "Twilight: The Graphic Novel" 2010 Yen Press 2 issues — far (gap 13), found by 'Twilight: The Graphic Novel' (via CV candidate name "Twilight: The Graphic Novel"); invisible before TODO 30
S17013	g	provider-missing: CV 66654 "The Art of Zenescope" 2013 Zenescope Entertainment 2 issues — near (gap 0), found by 'The Art of Zenescope' (via CV candidate name "The Art of Zenescope"); invisible before TODO 30
S17018	g	provider-missing: CV 47841 "Armed Garden and Other Stories" 2011 Fantagraphics 1 issues — far (gap 12), found by 'Armed Garden and Other Stories' (via CV candidate name "Armed Garden and Other Stories"); invisible before TODO 30
S17018	g	provider-missing: CV 54413 "The Fixer and Other Stories" 2009 Drawn & Quarterly 1 issues — far (gap 14), found by 'The Fixer and Other Stories' (via CV candidate name "The Fixer and Other Stories"); invisible before TODO 30
S17018	g	provider-missing: CV 42113 "Child's Life and Other Stories" 1998 ? 1 issues — far (gap 25), found by 'Child's Life and Other Stories' (via CV candidate name "Child's Life and Other Stories"); invisible before TODO 30
S17055	g	provider-missing: CV 77866 "Stray Bullets: Innocence of Nihilism" 2014 Image 1 issues — far (gap 9), found by 'Stray Bullets: Innocence of Nihilism' (via CV candidate name "Stray Bullets: Innocence of Nihilism"); invisible before TODO 30
S17055	g	provider-missing: CV 34737 "Stray Bullets: Innocence of Nihilism" 1998 El Capitan 1 issues — far (gap 25), found by 'Stray Bullets: Innocence of Nihilism' (via CV candidate name "Stray Bullets: Innocence of Nihilism"); invisible before TODO 30
S17073	g	provider-missing: CV 52426 "Halo and Sprocket" 2003 SLG Publishing 1 issues — far (gap 21), found by 'Halo and Sprocket' (via CV candidate name "Halo and Sprocket"); invisible before TODO 30
S17073	g	provider-missing: CV 38628 "Halo and Sprocket" 2002 SLG Publishing 5 issues — far (gap 22), found by 'Halo and Sprocket' (via CV candidate name "Halo and Sprocket"); invisible before TODO 30
S17076	g	provider-missing: CV 132199 "DUNE: The Graphic Novel" 2020 Harry N. Abrams 3 issues — far (gap 3), found by 'DUNE: The Graphic Novel' (via CV candidate name "DUNE: The Graphic Novel"); invisible before TODO 30
S17089	g	provider-missing: CV 46728 "The Best of the Super Mario Bros." 1990 Valiant/Acclaim 1 issues — far (gap 28), found by 'The Best of the Super Mario Bros.' (via CV candidate name "The Best of the Super Mario Bros."); invisible before TODO 30
S17090	g	S cv=-+provider-missing: CV 140025 "Waffles and Pancake" 2021 Little, Brown & Co. 1 issues — far (gap 2), found by 'Waffles and Pancake' (via CV candidate name "Waffles and Pancake"); invisible before TODO 30
S17133	g	S cv=-+provider-missing: CV 139600 "The Electric Black: The Dark Caravan" 2021 Scout Comics 1 issues — near (gap 1), found by 'The Electric Black: The Dark Caravan' (via CV candidate name "The Electric Black: The Dark Caravan"); invisible before TODO 30
S17135	g	provider-missing: CV 112410 "Superfreaks: The New Wave" 2018 Big Head Little Arms 1 issues — near (gap 0), found by 'Superfreaks - The New Wave' (own spelling); invisible before TODO 30
S17139	g	provider-missing: CV 79422 "Supergirl: Red Daughter of Krypton" 2015 DC Comics 1 issues — near (gap 1), found by 'Supergirl: Red Daughter of Krypton' (via CV name "Supergirl: Red Daughter of Krypton"); invisible before TODO 30
S17139	g	provider-missing: CV 118534 "Supergirl: The Killers of Krypton" 2019 DC Comics 1 issues — far (gap 3), found by 'Supergirl: The Killers of Krypton' (via CV candidate name "Supergirl: The Killers of Krypton"); invisible before TODO 30
S17139	g	provider-missing: CV 53202 "Supergirl: Last Daughter of Krypton" 2012 DC Comics 1 issues — far (gap 4), found by 'Supergirl: Last Daughter of Krypton' (via CV candidate name "Supergirl: Last Daughter of Krypton"); invisible before TODO 30
S17140	g	provider-missing: CV 145041 "The Flash: The Fastest Man Alive" 2022 DC Comics 3 issues — far (gap 5), found by 'The Flash: The Fastest Man Alive' (via CV candidate name "The Flash: The Fastest Man Alive"); invisible before TODO 30
S17140	g	provider-missing: CV 151387 "The Flash: The Fastest Man Alive" 2023 DC Comics 1 issues — far (gap 6), found by 'The Flash: The Fastest Man Alive' (via CV candidate name "The Flash: The Fastest Man Alive"); invisible before TODO 30
S17140	g	provider-missing: CV 34415 "The Flash: The Fastest Man Alive: Full Throttle" 2007 DC Comics 1 issues — far (gap 10), found by 'The Flash: The Fastest Man Alive: Full Throttle' (via CV candidate name "The Flash: The Fastest Man Alive: Full Throttle"); invisible before TODO 30
S17140	g	provider-missing: CV 18103 "The Flash: The Fastest Man Alive" 2006 DC Comics 13 issues — far (gap 11), found by 'The Flash: The Fastest Man Alive' (via CV candidate name "The Flash: The Fastest Man Alive"); invisible before TODO 30
S17242	g	provider-missing: CV 26259 "Who's Who in the DC Universe Update 1993" 1992 DC Comics 2 issues — far (gap 24), found by 'Who's Who in the DC Universe Update 1993' (via CV candidate name "Who's Who in the DC Universe Update 1993"); invisible before TODO 30
S17253	g	S cv=-: CV 158755 "Superman Secret Files And Origins 2004" 2004 DC Comics 1 issues — far, found by 'Superman Secret Files And Origins 2004' (via CV candidate name "Superman Secret Files And Origins 2004"); invisible before TODO 30
S17253	g	S cv=-: CV 158756 "Superman Secret Files And Origins 2005" 2005 DC Comics 1 issues — far, found by 'Superman Secret Files And Origins 2005' (via CV candidate name "Superman Secret Files And Origins 2005"); invisible before TODO 30
S17259	g	provider-missing: CV 81466 "Convergence Justice League of America" 2015 DC Comics 2 issues — near (gap 1), found by 'Convergence Justice League of America' (via CV candidate name "Convergence Justice League of America"); invisible before TODO 30
S17259	g	provider-missing: CV 125974 "Dollar Comics: Justice League of America #1" 2020 DC Comics 1 issues — far (gap 4), found by 'Dollar Comics: Justice League of America #1' (via CV candidate name "Dollar Comics: Justice League of America #1"); invisible before TODO 30
S17309	g	provider-missing: CV 60320 "Superman Beyond: Man Of Tomorrow" 2013 DC Comics 1 issues — far (gap 7), found by 'Superman Beyond: Man Of Tomorrow' (via CV candidate name "Superman Beyond: Man Of Tomorrow"); invisible before TODO 30
S17309	g	provider-missing: CV 5523 "Superman: The Man of Tomorrow" 1995 DC Comics 16 issues — far (gap 25), found by 'Superman: The Man of Tomorrow' (via CV candidate name "Superman: The Man of Tomorrow"); invisible before TODO 30
S17315	g	provider-missing: CV 88409 "Superman: The Coming of the Supermen" 2016 DC Comics 6 issues — near (gap 0), found by 'Superman: The Coming of the Supermen' (via CV candidate name "Superman: The Coming of the Supermen"); invisible before TODO 30
S17315	g	provider-missing: CV 95748 "Superman: The Coming of the Supermen" 2016 DC Comics 1 issues — near (gap 0), found by 'Superman: The Coming of the Supermen' (via CV candidate name "Superman: The Coming of the Supermen"); invisible before TODO 30
S17315	g	provider-missing: CV 39017 "Superman: War of The Supermen" 2011 DC Comics 1 issues — far (gap 5), found by 'Superman: War of The Supermen' (via CV candidate name "Superman: War of The Supermen"); invisible before TODO 30
S17315	g	provider-missing: CV 32865 "Superman: War of the Supermen" 2010 DC Comics 5 issues — far (gap 6), found by 'Superman: War of The Supermen' (via CV candidate name "Superman: War of The Supermen"); invisible before TODO 30
S17321	g	provider-missing: CV 112576 "The Death of Superman" 2018 DC Comics 12 issues — far (gap 2), found by 'The Death of Superman' (via CV candidate name "The Death of Superman"); invisible before TODO 30
S17321	g	provider-missing: CV 57671 "The Death of Superman" 2013 DC Comics 1 issues — far (gap 3), found by 'The Death of Superman' (via CV candidate name "The Death of Superman"); invisible before TODO 30
S17321	g	provider-missing: CV 27027 "The Death of Superman" 1993 DC Comics 1 issues — far (gap 23), found by 'The Death of Superman' (via CV candidate name "The Death of Superman"); invisible before TODO 30
S17330	g	provider-missing: CV 59292 "Superman: The Death and Return of Superman Omnibus" 2013 DC Comics 1 issues — far (gap 3), found by 'Superman: The Death and Return of Superman Omnibus' (via CV candidate name "Superman: The Death and Return of Superman Omnibus"); invisible before TODO 30
S17330	g	provider-missing: CV 118273 "Superman: The Death and Return of Superman Omnibus" 2019 DC Comics 1 issues — far (gap 3), found by 'Superman: The Death and Return of Superman Omnibus' (via CV candidate name "Superman: The Death and Return of Superman Omnibus"); invisible before TODO 30
S17330	g	provider-missing: CV 43958 "Superman: The Death and Return of Superman Omnibus" 2007 DC Comics 1 issues — far (gap 9), found by 'Superman: The Death and Return of Superman Omnibus' (via CV candidate name "Superman: The Death and Return of Superman Omnibus"); invisible before TODO 30
S17330	g	provider-missing: CV 31636 "The Return of Superman" 1993 DC Comics 1 issues — far (gap 23), found by 'The Return of Superman' (via CV candidate name "The Return of Superman"); invisible before TODO 30
S17374	g	provider-missing: CV 124951 "Swamp Thing: Tales From the Bayou" 2020 DC Comics 1 issues — far (gap 3), found by 'Swamp Thing: Tales From the Bayou' (via CV candidate name "Swamp Thing: Tales From the Bayou"); invisible before TODO 30
S17393	g	S cv=-+provider-missing: CV 45686 "Jar of Fools" 2003 Drawn & Quarterly 1 issues — far (gap 12), found by 'Jar of Fools' (via CV candidate name "Jar of Fools"); invisible before TODO 30
S17393	g	S cv=-+provider-missing: CV 73477 "Jar of Fools" 1997 Black Eye 1 issues — far (gap 18), found by 'Jar of Fools' (via CV candidate name "Jar of Fools"); invisible before TODO 30
S17393	g	S cv=-+provider-missing: CV 68156 "Jar of Fools" 1995 Black Eye 2 issues — far (gap 20), found by 'Jar of Fools' (via CV candidate name "Jar of Fools"); invisible before TODO 30
S17393	g	S cv=-+provider-missing: CV 68102 "Jar of Fools" 1994 Penny Dreadful Press 1 issues — far (gap 21), found by 'Jar of Fools' (via CV candidate name "Jar of Fools"); invisible before TODO 30
S17477	g	S cv=-: CV 33975 "The Best of Heavy Metal" 1982 Heavy Metal 2 issues — far (gap 39), found by 'The Best of Heavy Metal' (via CV candidate name "The Best of Heavy Metal"); invisible before TODO 30
S17497	g	S cv=-+provider-missing: CV 114020 "Tales from the Inner City" 2018 Scholastic Book Services 1 issues — far (gap 4), found by 'Tales from the Inner City' (via CV candidate name "Tales from the Inner City"); invisible before TODO 30
S17497	g	S cv=-+provider-missing: CV 71408 "Sidetrack City and Other Tales" 1996 Fantagraphics 1 issues — far (gap 26), found by 'Sidetrack City and Other Tales' (via CV candidate name "Sidetrack City and Other Tales"); invisible before TODO 30
S17509	g	provider-missing: CV 46347 "Age of Apocalypse" 2012 Marvel 14 issues — far (gap 16), found by 'Age of Apocalypse' (via CV candidate name "Age of Apocalypse"); invisible before TODO 30
S17509	g	provider-missing: CV 83119 "Age of Apocalypse" 2015 Marvel 5 issues — far (gap 19), found by 'Age of Apocalypse' (via CV candidate name "Age of Apocalypse"); invisible before TODO 30
S17509	g	provider-missing: CV 168418 "X-Men: Tales from the Age of Apocalypse" 2026 Marvel 1 issues — far (gap 30), found by 'X-Men: Tales from the Age of Apocalypse' (via CV candidate name "X-Men: Tales from the Age of Apocalypse"); invisible before TODO 30
S17511	g	provider-missing: CV 117031 "Tales From The Black Circle" 2019 Corpse Paint Comics 1 issues — far (gap 2), found by 'Tales From The Black Circle' (via CV candidate name "Tales From The Black Circle"); invisible before TODO 30
S17511	g	provider-missing: CV 110439 "Tales From The Black Hiway" 2018 Pitch Black Comics 1 issues — far (gap 3), found by 'Tales From The Black Hiway' (via CV candidate name "Tales From The Black Hiway"); invisible before TODO 30
S17528	g	provider-missing: CV 46366 "Rocket Raccoon and Groot Complete Collection" 2013 Marvel 1 issues — far (gap 11), found by 'Rocket Raccoon and Groot Complete Collection' (via CV candidate name "Rocket Raccoon and Groot Complete Collection"); invisible before TODO 30
S17545	g	provider-missing: CV 45394 "Black Mist: Anguish of the Mist" 1995 Caliber Comics 1 issues — far (gap 25), found by 'Black Mist: Anguish of the Mist' (via CV candidate name "Black Mist: Anguish of the Mist"); invisible before TODO 30
S17588	g	provider-missing: CV 114225 "Tangled: The Series: Hair-Raising Adventures" 2018 IDW Publishing 3 issues — near (gap 0), found by 'Tangled: The Series: Hair-Raising Adventures' (via CV candidate name "Tangled: The Series: Hair-Raising Adventures"); invisible before TODO 30
S17588	g	provider-missing: CV 120356 "Tangled: The Series: Hair-Raising Adventures" 2019 IDW Publishing 1 issues — near (gap 1), found by 'Tangled: The Series: Hair-Raising Adventures' (via CV candidate name "Tangled: The Series: Hair-Raising Adventures"); invisible before TODO 30
S17619	g	provider-missing: CV 77050 "Tao-Boy and Engine" 2014 AAM/Markosia 1 issues — near (gap 0), found by 'Tao-Boy and Engine' (own spelling); invisible before TODO 30
S17708	g	provider-missing: CV 86406 "Teenage Mutant Ninja Turtles: The Kevin Eastman Covers (2011 - 2015)" 2015 IDW Publishing 1 issues — far (gap 2), found by 'Teenage Mutant Ninja Turtles: The Kevin Eastman Covers (2011 - 2015)' (via CV candidate name "Teenage Mutant Ninja Turtles: The Kevin Eastman Covers (2011 - 2015)"); invisible before TODO 30
S17708	g	provider-missing: CV 167760 "Teenage Mutant Ninja Turtles: The Kevin Eastman Covers (2015-2019)" 2024 IDW Publishing 1 issues — far (gap 11), found by 'Teenage Mutant Ninja Turtles: The Kevin Eastman Covers (2015-2019)' (via CV candidate name "Teenage Mutant Ninja Turtles: The Kevin Eastman Covers (2015-2019)"); invisible before TODO 30
S17716	g	S cv=-: CV 157173 "Teenage Mutant Ninja Turtles: The Last Ronin II - Re-Evolution" 2024 IDW Publishing 5 issues — near (gap 0), found by 'Teenage Mutant Ninja Turtles: The Last Ronin II: Re-Evolution' (via GCD name "Teenage Mutant Ninja Turtles: The Last Ronin II: Re-Evolution"); invisible before TODO 30
S17716	g	S cv=-: CV 167759 "Teenage Mutant Ninja Turtles: The Last Ronin II: Re-Evolution" 2025 IDW Publishing 1 issues — near (gap 1), found by 'Teenage Mutant Ninja Turtles: The Last Ronin II: Re-Evolution' (via GCD name "Teenage Mutant Ninja Turtles: The Last Ronin II: Re-Evolution"); invisible before TODO 30
S17716	g	S cv=-: CV 168498 "Teenage Mutant Ninja Turtles: The Last Ronin II: Re-Evolution" 2025 Splitter 1 issues — near (gap 1), found by 'Teenage Mutant Ninja Turtles: The Last Ronin II: Re-Evolution' (via GCD name "Teenage Mutant Ninja Turtles: The Last Ronin II: Re-Evolution"); invisible before TODO 30
S17716	g	S cv=-: CV 101579 "Teenage Mutant Ninja Turtles: Tea-Time For A Turtle" 2017 IDW Publishing 1 issues — far (gap 7), found by 'Teenage Mutant Ninja Turtles: Tea-Time For A Turtle' (via CV candidate name "Teenage Mutant Ninja Turtles: Tea-Time For A Turtle"); invisible before TODO 30
S17769	g	provider-missing: CV 64980 "Defenders of Europe" 2011 Emmetre Edizioni 2 issues — far (gap 8), found by 'Defenders of Europe' (via CV candidate name "Defenders of Europe"); invisible before TODO 30
S17850	g	provider-missing: CV 82377 "Thanos: The Infinity Relativity" 2015 Marvel 1 issues — far (gap 4), found by 'Thanos: The Infinity Relativity' (via CV candidate name "Thanos: The Infinity Relativity"); invisible before TODO 30
S17863	g	provider-missing: CV 130015 "That Time I Got Reincarnated (Again!) as a Workaholic Slime" 2020 Kodansha Comics USA 2 issues — far (gap 2), found by 'That Time I Got Reincarnated (Again!) as a Workaholic Slime' (via CV candidate name "That Time I Got Reincarnated (Again!) as a Workaholic Slime"); invisible before TODO 30
S17863	g	provider-missing: CV 166755 "That Time I Got Reincarnated as a Slime" 2020 JBC 22 issues — far (gap 2), found by 'That Time I Got Reincarnated As A Slime' (via CV name "That Time I Got Reincarnated As A Slime"); invisible before TODO 30
S17863	g	provider-missing: CV 103594 "That Time I Got Reincarnated As A Slime" 2017 Kodansha Comics USA 27 issues — far (gap 5), found by 'That Time I Got Reincarnated As A Slime' (via CV name "That Time I Got Reincarnated As A Slime"); invisible before TODO 30
S17866	g	provider-missing: CV 166755 "That Time I Got Reincarnated as a Slime" 2020 JBC 22 issues — near (gap 0), found by 'That Time I Got Reincarnated As A Slime' (via CV candidate name "That Time I Got Reincarnated As A Slime"); invisible before TODO 30
S17866	g	provider-missing: CV 103594 "That Time I Got Reincarnated As A Slime" 2017 Kodansha Comics USA 27 issues — far (gap 3), found by 'That Time I Got Reincarnated As A Slime' (via CV candidate name "That Time I Got Reincarnated As A Slime"); invisible before TODO 30
S17907	g	provider-missing: CV 20521 "The Adventures of Red Sonja" 2006 Dynamite Entertainment 3 issues — near (gap 0), found by 'The Adventures of Red Sonja' (own spelling); invisible before TODO 30
S17907	g	provider-missing: CV 153938 "The Adventures of Red Sonja Omnibus" 2023 Dynamite Entertainment 1 issues — far (gap 17), found by 'The Adventures of Red Sonja Omnibus' (via CV candidate name "The Adventures of Red Sonja Omnibus"); invisible before TODO 30
S17943	g	provider-missing: CV 88547 "Amazing Spider-Man & Silk: the Spider(Fly) Effect" 2016 Marvel 4 issues — near (gap 0), found by 'Amazing Spider-Man & Silk: The Spider(Fly) Effect' (via CV name "Amazing Spider-Man & Silk: The Spider(Fly) Effect"); invisible before TODO 30
S17943	g	provider-missing: CV 94248 "Amazing Spider-Man & Silk: The Spider(Fly) Effect" 2016 Marvel 1 issues — near (gap 0), found by 'Amazing Spider-Man & Silk: The Spider(Fly) Effect' (via CV name "Amazing Spider-Man & Silk: The Spider(Fly) Effect"); invisible before TODO 30
S17947	g	provider-missing: CV 103799 "The Amazing World of Gumball 2017 Grab Bag Special" 2017 Boom! Studios 1 issues — far (gap 2), found by 'The Amazing World of Gumball 2017 Grab Bag Special' (via CV candidate name "The Amazing World of Gumball 2017 Grab Bag Special"); invisible before TODO 30
S17947	g	provider-missing: CV 82665 "The Amazing World of Gumball" 2015 Boom! Studios 2 issues — far (gap 4), found by 'The Amazing World of Gumball' (own spelling); invisible before TODO 30
S17947	g	provider-missing: CV 75153 "The Amazing World of Gumball" 2014 Boom! Studios 8 issues — far (gap 5), found by 'The Amazing World of Gumball' (own spelling); invisible before TODO 30
S17962	g	provider-missing: CV 159487 "Archie: The Decision" 2024 Archie Comics 1 issues — far (gap 5), found by 'Archie: The Decision' (via GCD name "Archie: The Decision"); invisible before TODO 30
S17962	g	provider-missing: CV 68137 "The Art of Archie: The Covers" 2013 Archie Comics 1 issues — far (gap 6), found by 'The Art of Archie: The Covers' (via CV candidate name "The Art of Archie: The Covers"); invisible before TODO 30
S17965	g	provider-missing: CV 126877 "Fire On the Water" 2020 Harry N. Abrams 1 issues — far (gap 2), found by 'Fire On the Water' (via CV candidate name "Fire On the Water"); invisible before TODO 30
S17966	g	S cv=-: CV 61448 "The Hammer of Argus" 2013 Bearmoon Comics 2 issues — far (gap 7), found by 'The Hammer of Argus' (via CV candidate name "The Hammer of Argus"); invisible before TODO 30
S17972	g	provider-missing: CV 57316 "Dying of Thirst" 2008 Last Gasp 1 issues — far (gap 11), found by 'Dying of Thirst' (via CV candidate name "Dying of Thirst"); invisible before TODO 30
S17974	g	provider-missing: CV 65196 "The Sky: The Art of Final Fantasy" 2013 Dark Horse Comics 1 issues — far (gap 11), found by 'The Sky: The Art of Final Fantasy' (via CV candidate name "The Sky: The Art of Final Fantasy"); invisible before TODO 30
S17976	g	provider-missing: CV 136039 "The Dynamite Art of John Cassaday" 2021 Dynamite Entertainment 1 issues — near (gap 0), found by 'The Dynamite Art of John Cassaday' (via CV candidate name "The Dynamite Art of John Cassaday"); invisible before TODO 30
S17976	g	provider-missing: CV 131184 "The Dynamite Art of Lucio Parrillo" 2020 Dynamite Entertainment 1 issues — near (gap 1), found by 'The Dynamite Art of Lucio Parrillo' (via CV candidate name "The Dynamite Art of Lucio Parrillo"); invisible before TODO 30
S17976	g	provider-missing: CV 77249 "The Art of Vampirella: The Dynamite Years" 2014 Dynamite Entertainment 1 issues — far (gap 7), found by 'The Art of Vampirella: The Dynamite Years' (via CV candidate name "The Art of Vampirella: The Dynamite Years"); invisible before TODO 30
S17978	g	provider-missing: CV 59980 "He-Man and the Masters of the Universe" 2013 DC Comics 19 issues — far (gap 2), found by 'He-Man and the Masters of the Universe' (via CV candidate name "He-Man and the Masters of the Universe"); invisible before TODO 30
S17978	g	provider-missing: CV 65194 "He-Man and the Masters of the Universe" 2013 DC Comics 2 issues — far (gap 2), found by 'He-Man and the Masters of the Universe' (via CV candidate name "He-Man and the Masters of the Universe"); invisible before TODO 30
S17978	g	provider-missing: CV 50154 "He-Man and the Masters of the Universe" 2012 DC Comics 6 issues — far (gap 3), found by 'He-Man and the Masters of the Universe' (via CV candidate name "He-Man and the Masters of the Universe"); invisible before TODO 30
S17978	g	provider-missing: CV 150305 "He-Man and the Masters of the Universe" 2011 DC Comics 8 issues — far (gap 4), found by 'He-Man and the Masters of the Universe' (via CV candidate name "He-Man and the Masters of the Universe"); invisible before TODO 30
S17978	g	provider-missing: CV 130860 "He-Man and the Masters of the Universe" 2020 DC Comics 1 issues — far (gap 5), found by 'He-Man and the Masters of the Universe' (via CV candidate name "He-Man and the Masters of the Universe"); invisible before TODO 30
S17978	g	provider-missing: CV 150391 "The Art of He-Man and the Masters of the Universe" 2023 Dark Horse Comics 1 issues — far (gap 8), found by 'The Art of He-Man and the Masters of the Universe' (own spelling); invisible before TODO 30
S17979	g	provider-missing: CV 46136 "Best of Dark Horse Presents" 1989 Dark Horse Comics 3 issues — far (gap 14), found by 'Best of Dark Horse Presents' (via CV candidate name "Best of Dark Horse Presents"); invisible before TODO 30
S17980	g	provider-missing: CV 49784 "Dynamite Art of Alex Ross" 2011 Dynamite Entertainment 1 issues — near (gap 1), found by 'Dynamite Art of Alex Ross' (via CV candidate name "Dynamite Art of Alex Ross"); invisible before TODO 30
S17982	g	provider-missing: CV 48424 "Judge Dredd: The Art of Kenny Who?" 2006 Rebellion 1 issues — far (gap 6), found by 'Judge Dredd: The Art of Kenny Who?' (via CV candidate name "Judge Dredd: The Art of Kenny Who?"); invisible before TODO 30
S17983	g	provider-missing: CV 131184 "The Dynamite Art of Lucio Parrillo" 2020 Dynamite Entertainment 1 issues — near (gap 0), found by 'The Dynamite Art of Lucio Parrillo' (via CV candidate name "The Dynamite Art of Lucio Parrillo"); invisible before TODO 30
S17983	g	provider-missing: CV 147661 "The Dynamite Art of Jay Anacleto" 2022 Dynamite Entertainment 1 issues — far (gap 2), found by 'The Dynamite Art of Jay Anacleto' (via CV candidate name "The Dynamite Art of Jay Anacleto"); invisible before TODO 30
S17988	g	provider-missing: CV 73448 "The Art of Osamu Tezuka: God of Manga" 2014 Harry N. Abrams 1 issues — far, found by 'The Art of Osamu Tezuka: God of Manga' (via CV candidate name "The Art of Osamu Tezuka: God of Manga"); invisible before TODO 30
S17988	g	provider-missing: CV 118831 "The Art of Nausicaä of the Valley of the Wind" 2019 Viz 1 issues — far, found by 'The Art of Nausicaä of the Valley of the Wind' (via CV candidate name "The Art of Nausicaä of the Valley of the Wind"); invisible before TODO 30
S17989	g	provider-missing: CV 100090 "Over The Garden Wall" 2017 Boom! Studios 5 issues — near (gap 0), found by 'Over the Garden Wall' (via CV candidate name "Over the Garden Wall"); invisible before TODO 30
S17989	g	provider-missing: CV 94133 "Over the Garden Wall" 2016 Boom! Studios 1 issues — near (gap 1), found by 'Over the Garden Wall' (via CV candidate name "Over the Garden Wall"); invisible before TODO 30
S17989	g	provider-missing: CV 84123 "Over the Garden Wall" 2015 Boom! Studios 4 issues — far (gap 2), found by 'Over the Garden Wall' (via CV candidate name "Over the Garden Wall"); invisible before TODO 30
S17991	g	provider-missing: CV 77693 "Red Sonja: The Art of Blood and Fire" 2014 Dynamite Entertainment 1 issues — far (gap 3), found by 'Red Sonja: The Art of Blood and Fire' (via CV candidate name "Red Sonja: The Art of Blood and Fire"); invisible before TODO 30
S17995	g	provider-missing: CV 121740 "The Marvel Art of Star Wars" 2019 Marvel 1 issues — far (gap 40), found by 'The Marvel Art of Star Wars' (via CV name "The Marvel Art of Star Wars"); invisible before TODO 30
S17995	g	provider-missing: CV 127655 "The Art of Star Wars Rebels" 2020 Dark Horse Comics 1 issues — far (gap 41), found by 'The Art of Star Wars Rebels' (via CV candidate name "The Art of Star Wars Rebels"); invisible before TODO 30
S17996	g	provider-missing: CV 91772 "Star Wars: The Force Awakens Adaptation" 2016 Marvel 6 issues — near (gap 1), found by 'Star Wars: The Force Awakens Adaptation' (via CV candidate name "Star Wars: The Force Awakens Adaptation"); invisible before TODO 30
S17996	g	provider-missing: CV 96310 "Star Wars: The Force Awakens Adaptation" 2016 Marvel 1 issues — near (gap 1), found by 'Star Wars: The Force Awakens Adaptation' (via CV candidate name "Star Wars: The Force Awakens Adaptation"); invisible before TODO 30
S17996	g	provider-missing: CV 121740 "The Marvel Art of Star Wars" 2019 Marvel 1 issues — far (gap 4), found by 'The Marvel Art of Star Wars' (via CV candidate name "The Marvel Art of Star Wars"); invisible before TODO 30
S17997	g	provider-missing: CV 121740 "The Marvel Art of Star Wars" 2019 Marvel 1 issues — far (gap 3), found by 'The Marvel Art of Star Wars' (via CV candidate name "The Marvel Art of Star Wars"); invisible before TODO 30
S18001	g	provider-missing: CV 159264 "Tiny Tina's Wonderlands: Land of the Giants" 2024 Dark Horse Comics 3 issues — near (gap 1), found by 'Tiny Tina's Wonderlands: Land of the Giants' (via CV candidate name "Tiny Tina's Wonderlands: Land of the Giants"); invisible before TODO 30
S18002	g	provider-missing: CV 32914 "Art Of Usagi Yojimbo" 1997 Radio Comix 2 issues — far (gap 7), found by 'Art of Usagi Yojimbo' (own spelling); invisible before TODO 30
S18002	g	provider-missing: CV 86091 "The Art of Witchblade 20th Anniversary Edition" 2015 Image 1 issues — far (gap 11), found by 'The Art of Witchblade 20th Anniversary Edition' (via CV candidate name "The Art of Witchblade 20th Anniversary Edition"); invisible before TODO 30
S18003	g	provider-missing: CV 77249 "The Art of Vampirella: The Dynamite Years" 2014 Dynamite Entertainment 1 issues — near (gap 0), found by 'The Art of Vampirella: The Dynamite Years' (via CV candidate name "The Art of Vampirella: The Dynamite Years"); invisible before TODO 30
S18003	g	provider-missing: CV 43158 "The Art of Vampirella" 2011 Dynamite Entertainment 1 issues — far (gap 3), found by 'The Art of Vampirella' (via CV candidate name "The Art of Vampirella"); invisible before TODO 30
S18005	g	provider-missing: CV 118154 "War of the Realms" 2019 Marvel 6 issues — near (gap 0), found by 'War of the Realms' (via CV candidate name "War of the Realms"); invisible before TODO 30
S18005	g	provider-missing: CV 120634 "Asgardians of the Galaxy: War of the Realms" 2019 Marvel 1 issues — near (gap 0), found by 'Asgardians of the Galaxy: War of the Realms' (via CV candidate name "Asgardians of the Galaxy: War of the Realms"); invisible before TODO 30
S18005	g	provider-missing: CV 120669 "War of the Realms" 2019 Marvel 1 issues — near (gap 0), found by 'War of the Realms' (via CV candidate name "War of the Realms"); invisible before TODO 30
S18006	g	provider-missing: CV 35470 "Marvel Spotlight: The Amazing Spider-Man" 2008 Marvel 1 issues — far (gap 16), found by 'Marvel Spotlight: The Amazing Spider-Man' (via CV candidate name "Marvel Spotlight: The Amazing Spider-Man"); invisible before TODO 30
S18007	g	provider-missing: CV 77249 "The Art of Vampirella: The Dynamite Years" 2014 Dynamite Entertainment 1 issues — near (gap 1), found by 'The Art of Vampirella: The Dynamite Years' (via CV candidate name "The Art of Vampirella: The Dynamite Years"); invisible before TODO 30
S18007	g	provider-missing: CV 68137 "The Art of Archie: The Covers" 2013 Archie Comics 1 issues — far (gap 2), found by 'The Art of Archie: The Covers' (via CV candidate name "The Art of Archie: The Covers"); invisible before TODO 30
S18163	g	provider-missing: CV 43400 "Disney Movies The Graphic Novels" 2010 Disney 25 issues — far (gap 3), found by 'Disney Movies The Graphic Novels' (via CV candidate name "Disney Movies The Graphic Novels"); invisible before TODO 30
S18165	g	provider-missing: CV 33975 "The Best of Heavy Metal" 1982 Heavy Metal 2 issues — far (gap 39), found by 'The Best of Heavy Metal' (via CV candidate name "The Best of Heavy Metal"); invisible before TODO 30
S18166	g	S cv=-+provider-missing: CV 61143 "Guess Who Didn't Take a Nap?" 1993 Andrews McMeel Publishing 1 issues — far (gap 32), found by 'Guess Who Didn't Take a Nap?' (via CV candidate name "Guess Who Didn't Take a Nap?"); invisible before TODO 30
S18175	g	provider-missing: CV 129148 "The Daily Lives of High School Boys" 2020 Vertical Inc. 7 issues — far (gap 2), found by 'The Daily Lives of High School Boys' (via CV candidate name "The Daily Lives of High School Boys"); invisible before TODO 30
S18185	g	provider-missing: CV 132408 "The Butcher of Paris" 2020 Dark Horse Comics 1 issues — near (gap 1), found by 'The Butcher of Paris' (via CV candidate name "The Butcher of Paris"); invisible before TODO 30
S18185	g	provider-missing: CV 123249 "The Butcher of Paris" 2019 Dark Horse Comics 5 issues — far (gap 2), found by 'The Butcher of Paris' (via CV candidate name "The Butcher of Paris"); invisible before TODO 30
S18203	g	S cv=-+provider-missing: CV 93925 "Humanoids Presents: The Jodoverse" 2016 Humanoids 1 issues — far (gap 7), found by 'Humanoids Presents: The Jodoverse' (via CV candidate name "Humanoids Presents: The Jodoverse"); invisible before TODO 30
S18203	g	S cv=-+provider-missing: CV 36624 "Roger Corman's The Humanoids From the Deep" 2010 TidalWave Productions 1 issues — far (gap 13), found by 'Roger Corman's The Humanoids From the Deep' (via CV candidate name "Roger Corman's The Humanoids From the Deep"); invisible before TODO 30
S18203	g	S cv=-+provider-missing: CV 26751 "Tales from Wonderland: The Cheshire Cat" 2009 Zenescope Entertainment 1 issues — far (gap 14), found by 'Tales from Wonderland: The Cheshire Cat' (via CV candidate name "Tales from Wonderland: The Cheshire Cat"); invisible before TODO 30
S18206	g	provider-missing: CV 31464 "Lobo: In the Chair" 1994 DC Comics 1 issues — far (gap 14), found by 'Lobo: In the Chair' (via CV candidate name "Lobo: In the Chair"); invisible before TODO 30
S18209	g	provider-missing: CV 54251 "The Image of the Beast" 1979 Last Gasp 1 issues — far (gap 28), found by 'The Image of the Beast' (via CV candidate name "The Image of the Beast"); invisible before TODO 30
S18209	g	provider-missing: CV 54220 "The Image of the Beast" 1973 Last Gasp 1 issues — far (gap 34), found by 'The Image of the Beast' (via CV candidate name "The Image of the Beast"); invisible before TODO 30
S18212	g	S cv=-: CV 71444 "The EC Archives: The Vault of Horror" 2014 Dark Horse Comics 5 issues — near (gap 0), found by 'EC Archives: The Vault of Horror' (via CV candidate name "EC Archives: The Vault of Horror"); invisible before TODO 30
S18212	g	S cv=-: CV 34624 "EC Archives: The Vault of Horror" 2007 Gemstone 2 issues — far (gap 7), found by 'EC Archives: The Vault of Horror' (via CV candidate name "EC Archives: The Vault of Horror"); invisible before TODO 30
S18233	g	provider-missing: CV 161361 "The City Beneath Her Feet Ashcan/You Won't Feel a Thing Ashcan" 2024 DSTLRY 1 issues — near (gap 0), found by 'The City Beneath Her Feet Ashcan/You Won't Feel a Thing Ashcan' (via CV candidate name "The City Beneath Her Feet Ashcan/You Won't Feel a Thing Ashcan"); invisible before TODO 30
S18236	g	S cv=-: CV 124401 "Ed Piskor: The Fantagraphics Studio Edition" 2020 Fantagraphics 1 issues — far (gap 2), found by 'Ed Piskor: The Fantagraphics Studio Edition' (via CV candidate name "Ed Piskor: The Fantagraphics Studio Edition"); invisible before TODO 30
S18236	g	S cv=-: CV 160248 "Marvel and Fantagraphics Present Stories from the Atlas Comics Library: FCBD 2024" 2024 Fantagraphics 1 issues — far (gap 2), found by 'Marvel and Fantagraphics Present Stories from the Atlas Comics Library: FCBD 2024' (via CV candidate name "Marvel and Fantagraphics Present Stories from the Atlas Comics Library: FCBD 2024"); invisible before TODO 30
S18254	g	provider-missing: CV 71898 "Comic Book History of Comics" 2012 IDW Publishing 1 issues — near (gap 0), found by 'Comic Book History of Comics' (own spelling); invisible before TODO 30
S18254	g	provider-missing: CV 95702 "The Comic Book History of Comics" 2016 IDW Publishing 6 issues — far (gap 4), found by 'Comic Book History of Comics' (own spelling); invisible before TODO 30
S18254	g	provider-missing: CV 103748 "The Comic Book History of Comics: Birth of A Medium" 2017 IDW Publishing 1 issues — far (gap 5), found by 'The Comic Book History of Comics: Birth of A Medium' (via CV candidate name "The Comic Book History of Comics: Birth of A Medium"); invisible before TODO 30
S18256	g	S cv=-: CV 134192 "Dragon Age: The First Five Graphic Novels" 2021 Dark Horse Comics 1 issues — far (gap 30), found by 'Dragon Age: The First Five Graphic Novels' (via CV candidate name "Dragon Age: The First Five Graphic Novels"); invisible before TODO 30
S18257	g	S cv=-+provider-missing: CV 63701 "Baseball Facts and Fun Book" 1955 Post Cereal 1 issues — far (gap 36), found by 'Baseball Facts and Fun Book' (via CV candidate name "Baseball Facts and Fun Book"); invisible before TODO 30
S18273	g	S cv=-+provider-missing: CV 46273 "The Best of Drawn & Quarterly" 1993 Drawn & Quarterly 1 issues — far (gap 29), found by 'The Best of Drawn & Quarterly' (via CV candidate name "The Best of Drawn & Quarterly"); invisible before TODO 30
S18273	g	S cv=-+provider-missing: CV 48660 "Bums, Beatniks and Hippies / Artists and Con Artists" 1991 Kitchen Sink 1 issues — far (gap 31), found by 'Bums, Beatniks and Hippies / Artists and Con Artists' (via CV candidate name "Bums, Beatniks and Hippies / Artists and Con Artists"); invisible before TODO 30
S18277	g	provider-missing: CV 24882 "Barbarossa & The Lost Corsairs" 2005 Kandora Publishing 2 issues — far (gap 14), found by 'Barbarossa & The Lost Corsairs' (via CV candidate name "Barbarossa & The Lost Corsairs"); invisible before TODO 30
S18310	g	provider-missing: CV 145474 "Chilling Adventures of Salem" 2022 Archie Comics 1 issues — far (gap 53), found by 'Chilling Adventures of Salem' (via GCD name "Chilling Adventures of Salem"); invisible before TODO 30
S18316	g	provider-missing: CV 134887 "Ballad of an American: A Graphic Biography of Paul Robeson" 2020 Rutgers University Press 1 issues — far (gap 4), found by 'Ballad of an American: A Graphic Biography of Paul Robeson' (via CV candidate name "Ballad of an American: A Graphic Biography of Paul Robeson"); invisible before TODO 30
S18348	g	provider-missing: CV 80894 "The Dark Tower: The Drawing of the Three - House of Cards" 2015 Marvel 5 issues — near (gap 0), found by 'The Dark Tower: The Drawing of the Three - House of Cards' (via CV candidate name "The Dark Tower: The Drawing of the Three - House of Cards"); invisible before TODO 30
S18348	g	provider-missing: CV 84419 "The Dark Tower: The Drawing of the Three - House of Cards" 2015 Marvel 1 issues — near (gap 0), found by 'The Dark Tower: The Drawing of the Three - House of Cards' (via CV candidate name "The Dark Tower: The Drawing of the Three - House of Cards"); invisible before TODO 30
S18348	g	provider-missing: CV 88919 "Dark Tower: The Drawing of the Three: Lady of Shadows" 2016 Marvel 1 issues — near (gap 1), found by 'Dark Tower: The Drawing of the Three - Lady of Shadows' (own spelling); invisible before TODO 30
S18363	g	provider-missing: CV 35352 "Image Firsts: The Darkness" 2010 Image 1 issues — far (gap 4), found by 'Image Firsts: The Darkness' (via CV candidate name "Image Firsts: The Darkness"); invisible before TODO 30
S18372	g	provider-missing: CV 108106 "The Lie and How We Told It" 2018 Fantagraphics 1 issues — near (gap 1), found by 'The Lie and How We Told It' (via CV candidate name "The Lie and How We Told It"); invisible before TODO 30
S18388	g	provider-missing: CV 27027 "The Death of Superman" 1993 DC Comics 1 issues — near (gap 0), found by 'The Death of Superman' (own spelling); invisible before TODO 30
S18388	g	provider-missing: CV 57671 "The Death of Superman" 2013 DC Comics 1 issues — far (gap 20), found by 'The Death of Superman' (own spelling); invisible before TODO 30
S18388	g	provider-missing: CV 147200 "Superman: The Death of Superman" 2016 DC Comics 1 issues — far (gap 23), found by 'Superman: The Death of Superman' (via CV candidate name "Superman: The Death of Superman"); invisible before TODO 30
S18401	g	provider-missing: CV 46851 "Exotic and Delicious Fate" 2009 Digital Manga Publishing 1 issues — far (gap 11), found by 'Exotic and Delicious Fate' (via CV candidate name "Exotic and Delicious Fate"); invisible before TODO 30
S18444	g	S cv=-+provider-missing: CV 107648 "The Dream of the Butterfly" 2018 Lion Forge Comics 2 issues — near (gap 0), found by 'The Dream of the Butterfly' (via CV candidate name "The Dream of the Butterfly"); invisible before TODO 30
S18444	g	S cv=-+provider-missing: CV 101258 "Catalyst Prime: The Event" 2017 Lion Forge Comics 1 issues — near (gap 1), found by 'Catalyst Prime: The Event' (via CV candidate name "Catalyst Prime: The Event"); invisible before TODO 30
S18445	g	S cv=-+provider-missing: CV 101258 "Catalyst Prime: The Event" 2017 Lion Forge Comics 1 issues — near (gap 0), found by 'Catalyst Prime: The Event' (via CV candidate name "Catalyst Prime: The Event"); invisible before TODO 30
S18454	g	provider-missing: CV 74459 "The Drops of God: New World" 2012 Vertical Inc. 1 issues — far (gap 7), found by 'The Drops of God: New World' (via CV candidate name "The Drops of God: New World"); invisible before TODO 30
S18454	g	provider-missing: CV 44069 "The Drops of God" 2011 Vertical Inc. 4 issues — far (gap 8), found by 'The Drops of God' (own spelling); invisible before TODO 30
S18457	g	provider-missing: CV 77249 "The Art of Vampirella: The Dynamite Years" 2014 Dynamite Entertainment 1 issues — far (gap 6), found by 'The Art of Vampirella: The Dynamite Years' (via CV candidate name "The Art of Vampirella: The Dynamite Years"); invisible before TODO 30
S18457	g	provider-missing: CV 49784 "Dynamite Art of Alex Ross" 2011 Dynamite Entertainment 1 issues — far (gap 9), found by 'Dynamite Art of Alex Ross' (via CV candidate name "Dynamite Art of Alex Ross"); invisible before TODO 30
S18508	g	provider-missing: CV 160248 "Marvel and Fantagraphics Present Stories from the Atlas Comics Library: FCBD 2024" 2024 Fantagraphics 1 issues — near (gap 0), found by 'Marvel and Fantagraphics Present Stories from the Atlas Comics Library: FCBD 2024' (via CV candidate name "Marvel and Fantagraphics Present Stories from the Atlas Comics Library: FCBD 2024"); invisible before TODO 30
S18510	g	S cv=-+provider-missing: CV 19009 "Path of the Assassin" 2006 Dark Horse Comics 15 issues — far (gap 16), found by 'Path of the Assassin' (via CV candidate name "Path of the Assassin"); invisible before TODO 30
S18551	g	provider-missing: CV 149296 "The Fabulous Furry Freak Brothers: Grass Roots and Other Follies" 2023 Fantagraphics 1 issues — near (gap 0), found by 'The Fabulous Furry Freak Brothers: Grass Roots and Other Follies' (via CV candidate name "The Fabulous Furry Freak Brothers: Grass Roots and Other Follies"); invisible before TODO 30
S18551	g	provider-missing: CV 142359 "The Fabulous Furry Freak Brothers: The Idiots Abroad and Other Follies" 2022 Fantagraphics 1 issues — near (gap 1), found by 'The Fabulous Furry Freak Brothers: The Idiots Abroad and Other Follies' (via CV candidate name "The Fabulous Furry Freak Brothers: The Idiots Abroad and Other Follies"); invisible before TODO 30
S18558	g	provider-missing: CV 109292 "The Golden House of Samarkand: A Corto Maltese Graphic Novel" 2018 IDW Publishing 1 issues — far (gap 5), found by 'The Golden House of Samarkand: A Corto Maltese Graphic Novel' (via CV candidate name "The Golden House of Samarkand: A Corto Maltese Graphic Novel"); invisible before TODO 30
S18558	g	provider-missing: CV 61310 "Edgar Allan Poe’s The Fall of the House of Usher" 2013 Dark Horse Comics 2 issues — far (gap 10), found by 'Edgar Allan Poe’s The Fall of the House of Usher' (via CV candidate name "Edgar Allan Poe’s The Fall of the House of Usher"); invisible before TODO 30
S18559	g	provider-missing: CV 138920 "Through the Year With the Family Circus" 1992 Ballantine Books 1 issues — far (gap 4), found by 'Through the Year With the Family Circus' (via CV candidate name "Through the Year With the Family Circus"); invisible before TODO 30
S18561	g	provider-missing: CV 49068 "Famous Funnies- Carnival of Comics" 1933 Eastern Color 1 issues — far (gap 88), found by 'Famous Funnies- Carnival of Comics' (via CV candidate name "Famous Funnies- Carnival of Comics"); invisible before TODO 30
S18587	g	provider-missing: CV 122618 "The Flash: 80 Years of the Fastest Man Alive" 2019 DC Comics 1 issues — near (gap 1), found by 'The Flash: 80 Years of the Fastest Man Alive' (via CV candidate name "The Flash: 80 Years of the Fastest Man Alive"); invisible before TODO 30
S18587	g	provider-missing: CV 145041 "The Flash: The Fastest Man Alive" 2022 DC Comics 3 issues — far (gap 2), found by 'The Flash: The Fastest Man Alive' (via CV candidate name "The Flash: The Fastest Man Alive"); invisible before TODO 30
S18587	g	provider-missing: CV 151387 "The Flash: The Fastest Man Alive" 2023 DC Comics 1 issues — far (gap 3), found by 'The Flash: The Fastest Man Alive' (via CV candidate name "The Flash: The Fastest Man Alive"); invisible before TODO 30
S18587	g	provider-missing: CV 18103 "The Flash: The Fastest Man Alive" 2006 DC Comics 13 issues — far (gap 14), found by 'The Flash: The Fastest Man Alive' (via CV candidate name "The Flash: The Fastest Man Alive"); invisible before TODO 30
S18596	g	provider-missing: CV 70215 "Captain and the Kids 50th Anniversary Special" 1948 United Feature Syndicate 1 issues — far (gap 42), found by 'Captain and the Kids 50th Anniversary Special' (via CV candidate name "Captain and the Kids 50th Anniversary Special"); invisible before TODO 30
S18626	g	provider-missing: CV 112822 "Science Comics: Trees: Kings of the Forest" 2018 First Second Books 1 issues — far (gap 4), found by 'Science Comics: Trees: Kings of the Forest' (via CV candidate name "Science Comics: Trees: Kings of the Forest"); invisible before TODO 30
S18672	g	provider-missing: CV 43400 "Disney Movies The Graphic Novels" 2010 Disney 25 issues — far (gap 14), found by 'Disney Movies The Graphic Novels' (via CV candidate name "Disney Movies The Graphic Novels"); invisible before TODO 30
S18693	g	provider-missing: CV 120358 "Knights of the Golden Sun: Providence Lost" 2019 Mad Cave Studios 1 issues — far (gap 4), found by 'Knights of the Golden Sun: Providence Lost' (via CV candidate name "Knights of the Golden Sun: Providence Lost"); invisible before TODO 30
S18715	g	provider-missing: CV 63539 "The Masterworks Series of Great Comic Book Artists" 1983 DC Comics 3 issues — far (gap 3), found by 'The Masterworks Series of Great Comic Book Artists' (via CV candidate name "The Masterworks Series of Great Comic Book Artists"); invisible before TODO 30
S18723	g	provider-missing: CV 57366 "The Art of Boom! Studios" 2010 Boom! Studios 1 issues — far (gap 9), found by 'The Art of Boom! Studios' (via CV candidate name "The Art of Boom! Studios"); invisible before TODO 30
S18741	g	S cv=-+provider-missing: CV 121007 "Grey Area: A Long Way Home" 2019 Rebellion 1 issues — far (gap 5), found by 'Grey Area: A Long Way Home' (via CV candidate name "Grey Area: A Long Way Home"); invisible before TODO 30
S18756	g	provider-missing: CV 43400 "Disney Movies The Graphic Novels" 2010 Disney 25 issues — far (gap 14), found by 'Disney Movies The Graphic Novels' (via CV candidate name "Disney Movies The Graphic Novels"); invisible before TODO 30
S18781	g	provider-missing: CV 43400 "Disney Movies The Graphic Novels" 2010 Disney 25 issues — far (gap 6), found by 'Disney Movies The Graphic Novels' (via CV candidate name "Disney Movies The Graphic Novels"); invisible before TODO 30
S18783	g	S cv=-+provider-missing: CV 43400 "Disney Movies The Graphic Novels" 2010 Disney 25 issues — near (gap 0), found by 'Disney Movies The Graphic Novels' (via CV candidate name "Disney Movies The Graphic Novels"); invisible before TODO 30
S18849	g	provider-missing: CV 154257 "The Witches of World War II" 2023 TKO Studios 1 issues — far (gap 7), found by 'The Witches of World War II' (via CV candidate name "The Witches of World War II"); invisible before TODO 30
S18862	g	provider-missing: CV 136731 "The Joker Presents: A Puzzlebox" 2021 DC Comics 14 issues — near (gap 0), found by 'The Joker Presents: A Puzzlebox' (via CV candidate name "The Joker Presents: A Puzzlebox"); invisible before TODO 30
S18862	g	provider-missing: CV 138011 "The Joker Presents: A Puzzlebox" 2021 DC Comics 7 issues — near (gap 0), found by 'The Joker Presents: A Puzzlebox' (via CV candidate name "The Joker Presents: A Puzzlebox"); invisible before TODO 30
S18862	g	provider-missing: CV 146632 "The Joker Presents: A Puzzlebox" 2022 DC Comics 1 issues — near (gap 1), found by 'The Joker Presents: A Puzzlebox' (via CV candidate name "The Joker Presents: A Puzzlebox"); invisible before TODO 30
S18868	g	S cv=-+provider-missing: CV 46273 "The Best of Drawn & Quarterly" 1993 Drawn & Quarterly 1 issues — far (gap 29), found by 'The Best of Drawn & Quarterly' (via CV candidate name "The Best of Drawn & Quarterly"); invisible before TODO 30
S18905	g	S cv=-+provider-missing: CV 53752 "The Count of Monte Cristo" 2012 Campfire 1 issues — far, found by 'The Count of Monte Cristo' (via CV candidate name "The Count of Monte Cristo"); invisible before TODO 30
S18905	g	S cv=-+provider-missing: CV 101587 "Manga Classics: The Count of Monte Cristo" 2017 UDON 1 issues — far, found by 'Manga Classics: The Count of Monte Cristo' (via CV candidate name "Manga Classics: The Count of Monte Cristo"); invisible before TODO 30
S18905	g	S cv=-+provider-missing: CV 107346 "The Count of Monte Cristo" 2017 Seven Seas Entertainment 1 issues — far, found by 'The Count of Monte Cristo' (via CV candidate name "The Count of Monte Cristo"); invisible before TODO 30
S18929	g	S cv=-: CV 10196 "The League of Extraordinary Gentlemen" 2002 DC Comics 6 issues — far (gap 5), found by 'The League of Extraordinary Gentlemen' (via CV name "The League of Extraordinary Gentlemen"); invisible before TODO 30
S18929	g	S cv=-: CV 79752 "The League of Extraordinary Gentlemen" 2002 Planeta DeAgostini 1 issues — far (gap 5), found by 'The League of Extraordinary Gentlemen' (via CV name "The League of Extraordinary Gentlemen"); invisible before TODO 30
S18929	g	S cv=-: CV 33608 "The League of Extraordinary Gentlemen" 2000 DC Comics 2 issues — far (gap 7), found by 'The League of Extraordinary Gentlemen' (via CV name "The League of Extraordinary Gentlemen"); invisible before TODO 30
S18929	g	S cv=-: CV 6569 "The League of Extraordinary Gentlemen" 1999 DC Comics 6 issues — far (gap 8), found by 'The League of Extraordinary Gentlemen' (via CV name "The League of Extraordinary Gentlemen"); invisible before TODO 30
S18935	g	S cv=-+provider-missing: CV 58456 "The Last Convert of John Harper" 2013 Kingstone Comics 1 issues — far (gap 9), found by 'The Last Convert of John Harper' (via CV candidate name "The Last Convert of John Harper"); invisible before TODO 30
S18950	g	provider-missing: CV 85578 "The Less Than Epic Adventures of TJ and Amal" 2015 Iron Circus Comics 1 issues — near (gap 1), found by 'The Less Than Epic Adventures of TJ and Amal' (via CV candidate name "The Less Than Epic Adventures of TJ and Amal"); invisible before TODO 30
S18951	g	provider-missing: CV 61889 "Books of the Dead" 2005 Dead Dog 2 issues — far (gap 18), found by 'Books of the Dead' (via CV candidate name "Books of the Dead"); invisible before TODO 30
S18962	g	provider-missing: CV 127976 "Manga! Manga! The World of Japanese Comics" 1983 Kodansha International 1 issues — far (gap 34), found by 'Manga! Manga! The World of Japanese Comics' (via CV candidate name "Manga! Manga! The World of Japanese Comics"); invisible before TODO 30
S18964	g	provider-missing: CV 72100 "Lion of Judah" 2003 Wisdom Entertainment 1 issues — far (gap 17), found by 'The Lion of Judah' (own spelling); invisible before TODO 30
S18968	g	provider-missing: CV 39937 "Delirium's Party: A Little Endless Storybook" 2011 DC Comics 1 issues — far (gap 10), found by 'Delirium's Party: A Little Endless Storybook' (via CV candidate name "Delirium's Party: A Little Endless Storybook"); invisible before TODO 30
S18972	g	provider-missing: CV 67239 "Little Fish: A Memoir" 2013 Houghton Mifflin Harcourt 1 issues — far (gap 2), found by 'Little Fish: A Memoir' (via CV candidate name "Little Fish: A Memoir"); invisible before TODO 30
S19001	g	provider-missing: CV 19322 "Land of the Lost Comics" 1946 EC 9 issues — far (gap 75), found by 'Land of the Lost Comics' (via CV candidate name "Land of the Lost Comics"); invisible before TODO 30
S19031	g	provider-missing: CV 23818 "Mateki: The Magic Flute" 2008 Radical Publishing 1 issues — far (gap 18), found by 'Mateki: The Magic Flute' (via CV candidate name "Mateki: The Magic Flute"); invisible before TODO 30
S19048	g	provider-missing: CV 94146 "Uncanny Avengers: Unity: The Man Who Fell To Earth" 2016 Marvel 1 issues — far (gap 6), found by 'Uncanny Avengers: Unity: The Man Who Fell To Earth' (via CV candidate name "Uncanny Avengers: Unity: The Man Who Fell To Earth"); invisible before TODO 30
S19048	g	provider-missing: CV 50169 "X-Man: The Man Who Fell to Earth" 2012 Marvel 1 issues — far (gap 10), found by 'X-Man: The Man Who Fell to Earth' (via CV candidate name "X-Man: The Man Who Fell to Earth"); invisible before TODO 30
S19049	g	provider-missing: CV 94297 "Velvet: The Man Who Stole The World" 2016 Image 1 issues — far (gap 5), found by 'Velvet: The Man Who Stole The World' (via CV candidate name "Velvet: The Man Who Stole The World"); invisible before TODO 30
S19053	g	provider-missing: CV 49164 "Tales from the Great Book" 1962 Saalfield Publishing Company 1 issues — far (gap 55), found by 'Tales from the Great Book' (via CV candidate name "Tales from the Great Book"); invisible before TODO 30
S19053	g	provider-missing: CV 24737 "Tales From The Great Book" 1955 Eastern Color 4 issues — far (gap 62), found by 'Tales from the Great Book' (via CV candidate name "Tales from the Great Book"); invisible before TODO 30
S19054	g	S cv=-+provider-missing: CV 58331 "The Man in the Brown Suit" 2007 HarperCollins 1 issues — far (gap 16), found by 'The Man in the Brown Suit' (via CV candidate name "The Man in the Brown Suit"); invisible before TODO 30
S19054	g	S cv=-+provider-missing: CV 46273 "The Best of Drawn & Quarterly" 1993 Drawn & Quarterly 1 issues — far (gap 30), found by 'The Best of Drawn & Quarterly' (via CV candidate name "The Best of Drawn & Quarterly"); invisible before TODO 30
S19072	g	provider-missing: CV 44217 "The Art of Marvel" 2003 Marvel 1 issues — far (gap 18), found by 'The Art of Marvel' (via CV candidate name "The Art of Marvel"); invisible before TODO 30
S19073	g	provider-missing: CV 117080 "The Savage Sword of Conan" 2019 Marvel 12 issues — near (gap 1), found by 'Savage Sword of Conan' (via CV candidate name "Savage Sword of Conan"); invisible before TODO 30
S19073	g	provider-missing: CV 133719 "Savage Sword of Conan" 2019 Panini Verlag 2 issues — near (gap 1), found by 'Savage Sword of Conan' (via CV candidate name "Savage Sword of Conan"); invisible before TODO 30
S19073	g	provider-missing: CV 120279 "The Savage Sword Of Conan " 2017 Hachette 4 issues — far (gap 3), found by 'Savage Sword of Conan' (via CV candidate name "Savage Sword of Conan"); invisible before TODO 30
S19073	g	provider-missing: CV 157073 "The Savage Sword of Conan" 2024 Titan Comics 11 issues — far (gap 4), found by 'Savage Sword of Conan' (via CV candidate name "Savage Sword of Conan"); invisible before TODO 30
S19073	g	provider-missing: CV 21975 "The Savage Sword of Conan" 2007 Dark Horse Comics 22 issues — far (gap 13), found by 'Savage Sword of Conan' (via CV candidate name "Savage Sword of Conan"); invisible before TODO 30
S19073	g	provider-missing: CV 47760 "Savage Sword of Conan" 1977 Marvel UK/Panini UK 93 issues — far (gap 43), found by 'Savage Sword of Conan' (via CV candidate name "Savage Sword of Conan"); invisible before TODO 30
S19074	g	provider-missing: CV 121087 "The Marvel Art of Joe Quesada" 2019 Marvel 1 issues — near (gap 0), found by 'The Marvel Art of Joe Quesada' (via CV candidate name "The Marvel Art of Joe Quesada"); invisible before TODO 30
S19074	g	provider-missing: CV 44217 "The Art of Marvel" 2003 Marvel 1 issues — far (gap 16), found by 'The Art of Marvel' (via CV candidate name "The Art of Marvel"); invisible before TODO 30
S19120	g	S cv=-: CV 156928 "The Michael Moorcock Library The Multiverse" ? Titan Comics 2 issues — far, found by 'The Michael Moorcock Library The Multiverse' (via CV candidate name "The Michael Moorcock Library The Multiverse"); invisible before TODO 30
S19122	g	S cv=-: CV 53244 "The Swords of Heaven, the Flowers of Hell" 1979 Heavy Metal 1 issues — far (gap 39), found by 'The Swords of Heaven, the Flowers of Hell' (via CV candidate name "The Swords of Heaven, the Flowers of Hell"); invisible before TODO 30
S19142	g	provider-missing: CV 72322 "Patrick in A Teddy Bear's Picnic and Other Stories" 2010 Toon Books 1 issues — far (gap 7), found by 'Patrick in A Teddy Bear's Picnic and Other Stories' (via CV candidate name "Patrick in A Teddy Bear's Picnic and Other Stories"); invisible before TODO 30
S19147	g	S cv=-+provider-missing: CV 139600 "The Electric Black: The Dark Caravan" 2021 Scout Comics 1 issues — near (gap 0), found by 'The Electric Black: The Dark Caravan' (via CV candidate name "The Electric Black: The Dark Caravan"); invisible before TODO 30
S19147	g	S cv=-+provider-missing: CV 110635 "Scout Comics Presents: The Mall" 2018 Scout Comics 1 issues — far (gap 3), found by 'Scout Comics Presents: The Mall' (via CV candidate name "Scout Comics Presents: The Mall"); invisible before TODO 30
S19152	g	provider-missing: CV 127279 "Tales of the Mist" 2020 Europe Comics 1 issues — far (gap 3), found by 'Tales of the Mist' (via CV candidate name "Tales of the Mist"); invisible before TODO 30
S19152	g	provider-missing: CV 45394 "Black Mist: Anguish of the Mist" 1995 Caliber Comics 1 issues — far (gap 28), found by 'Black Mist: Anguish of the Mist' (via CV candidate name "Black Mist: Anguish of the Mist"); invisible before TODO 30
S19162	g	provider-missing: CV 48656 "Hand of the Morningstar" ? HarperCollins 6 issues — far, found by 'Hand of the Morningstar' (via CV candidate name "Hand of the Morningstar"); invisible before TODO 30
S19163	g	provider-missing: CV 65351 "Most Important Thing and Other Stories" 1995 Fantagraphics 1 issues — far (gap 26), found by 'Most Important Thing and Other Stories' (via CV candidate name "Most Important Thing and Other Stories"); invisible before TODO 30
S19166	g	provider-missing: CV 41833 "At the Mountains of Madness" 2010 SelfMadeHero 1 issues — far (gap 10), found by 'At the Mountains of Madness' (via CV candidate name "At the Mountains of Madness"); invisible before TODO 30
S19180	g	provider-missing: CV 148786 "A.R.C." 2023 Image 1 issues — near (gap 1), found by 'A.R.C.' (via CV candidate name "A.R.C."); invisible before TODO 30
S19182	g	S cv=-+provider-missing: CV 123790 "The Book of Esther: Word for Word Bible Comic" 2019 Word For Word Bible Comics 1 issues — far (gap 5), found by 'The Book of Esther: Word for Word Bible Comic' (via CV candidate name "The Book of Esther: Word for Word Bible Comic"); invisible before TODO 30
S19182	g	S cv=-+provider-missing: CV 104185 "The Word For Word Bible Comic: The Book of Joshua" 2017 Word For Word Bible Comics 1 issues — far (gap 7), found by 'The Word For Word Bible Comic: The Book of Joshua' (via CV candidate name "The Word For Word Bible Comic: The Book of Joshua"); invisible before TODO 30
S19183	g	S cv=-+provider-missing: CV 87998 "Naked Man Comics: Naked and The City" 2016 Mythos Imprint 1 issues — far (gap 7), found by 'Naked Man Comics: Naked and The City' (via CV candidate name "Naked Man Comics: Naked and The City"); invisible before TODO 30
S19183	g	S cv=-+provider-missing: CV 46273 "The Best of Drawn & Quarterly" 1993 Drawn & Quarterly 1 issues — far (gap 30), found by 'The Best of Drawn & Quarterly' (via CV candidate name "The Best of Drawn & Quarterly"); invisible before TODO 30
S19184	g	provider-missing: CV 38204 "Black Widow: The Name of the Rose" 2010 Marvel 1 issues — far (gap 13), found by 'Black Widow: The Name of the Rose' (via CV candidate name "Black Widow: The Name of the Rose"); invisible before TODO 30
S19203	g	provider-missing: CV 95593 "Girl Over Paris: The Graphic Novel" 2016 Jet City Comics 1 issues — far (gap 8), found by 'Girl Over Paris: The Graphic Novel' (via CV candidate name "Girl Over Paris: The Graphic Novel"); invisible before TODO 30
S19203	g	provider-missing: CV 60573 "New Moon: The Graphic Novel" 2013 Yen Press 1 issues — far (gap 11), found by 'New Moon: The Graphic Novel' (via CV candidate name "New Moon: The Graphic Novel"); invisible before TODO 30
S19203	g	provider-missing: CV 50884 "The Girl Who Owned a City: The Graphic Novel" 2012 Lerner Publishing Group 1 issues — far (gap 12), found by 'The Girl Who Owned a City: The Graphic Novel' (via CV candidate name "The Girl Who Owned a City: The Graphic Novel"); invisible before TODO 30
S19239	g	provider-missing: CV 57366 "The Art of Boom! Studios" 2010 Boom! Studios 1 issues — far (gap 7), found by 'The Art of Boom! Studios' (via CV candidate name "The Art of Boom! Studios"); invisible before TODO 30
S19246	g	S cv=-+provider-missing: CV 125230 "Cities of Magick" 2020 Scout Comics 5 issues — far (gap 32), found by 'Cities of Magick' (via CV candidate name "Cities of Magick"); invisible before TODO 30
S19250	g	provider-missing: CV 68895 "Tales of October" 2007 Fool's Gold Press 1 issues — far (gap 5), found by 'Tales of October' (via CV candidate name "Tales of October"); invisible before TODO 30
S19274	g	provider-missing: CV 58456 "The Last Convert of John Harper" 2013 Kingstone Comics 1 issues — far (gap 10), found by 'The Last Convert of John Harper' (via CV candidate name "The Last Convert of John Harper"); invisible before TODO 30
S19274	g	provider-missing: CV 49847 "Deathlok: The Living Nightmare of Michael Collins" 2012 Marvel 1 issues — far (gap 11), found by 'Deathlok: The Living Nightmare of Michael Collins' (via CV candidate name "Deathlok: The Living Nightmare of Michael Collins"); invisible before TODO 30
S19278	g	S cv=-+provider-missing: CV 32214 "Twilight: The Graphic Novel" 2010 Yen Press 2 issues — far (gap 14), found by 'Twilight: The Graphic Novel' (via CV candidate name "Twilight: The Graphic Novel"); invisible before TODO 30
S19287	g	provider-missing: CV 77509 "Feed the Beast" 2014 Modesty Comics 1 issues — far (gap 6), found by 'Feed the Beast' (via CV candidate name "Feed the Beast"); invisible before TODO 30
S19287	g	provider-missing: CV 20054 "Buffy The Vampire Slayer: Panel to Panel" 2007 Dark Horse Comics 1 issues — far (gap 13), found by 'Buffy The Vampire Slayer: Panel to Panel' (via CV candidate name "Buffy The Vampire Slayer: Panel to Panel"); invisible before TODO 30
S19296	g	provider-missing: CV 149714 "The Order of the Stick: Snips, Snails, and Dragon Tales" 2011 Giant in the Playground 1 issues — near (gap 1), found by 'The Order of the Stick: Snips, Snails, and Dragon Tales' (via CV candidate name "The Order of the Stick: Snips, Snails, and Dragon Tales"); invisible before TODO 30
S19296	g	provider-missing: CV 86843 "The Order of the Stick" 2005 Giant in the Playground 10 issues — far (gap 7), found by 'The Order of the Stick' (via CV candidate name "The Order of the Stick"); invisible before TODO 30
S19312	g	provider-missing: CV 109280 "The Dream of Jerusalem" 2018 Europe Comics 4 issues — far (gap 5), found by 'The Dream of Jerusalem' (via CV candidate name "The Dream of Jerusalem"); invisible before TODO 30
S19312	g	provider-missing: CV 60304 "Jerusalem: The Story of A City and A Family" 2013 St. Martin's Press 1 issues — far (gap 10), found by 'Jerusalem: The Story of A City and A Family' (via CV candidate name "Jerusalem: The Story of A City and A Family"); invisible before TODO 30
S19314	g	provider-missing: CV 130528 "The Other Side of the Border" 2020 Europe Comics 1 issues — far (gap 4), found by 'The Other Side of the Border' (via CV candidate name "The Other Side of the Border"); invisible before TODO 30
S19327	g	provider-missing: CV 158403 "Beyond the Pale" 2024 Dark Horse Comics 4 issues — near (gap 0), found by 'Beyond the Pale' (via CV candidate name "Beyond the Pale"); invisible before TODO 30
S19335	g	provider-missing: CV 43400 "Disney Movies The Graphic Novels" 2010 Disney 25 issues — far (gap 9), found by 'Disney Movies The Graphic Novels' (via CV candidate name "Disney Movies The Graphic Novels"); invisible before TODO 30
S19380	g	provider-missing: CV 43400 "Disney Movies The Graphic Novels" 2010 Disney 25 issues — far (gap 8), found by 'Disney Movies The Graphic Novels' (via CV candidate name "Disney Movies The Graphic Novels"); invisible before TODO 30
S19382	g	provider-missing: CV 57366 "The Art of Boom! Studios" 2010 Boom! Studios 1 issues — far (gap 11), found by 'The Art of Boom! Studios' (via CV candidate name "The Art of Boom! Studios"); invisible before TODO 30
S19396	g	S cv=-+provider-missing: CV 113892 "Marvel Studios: The Visual Dictionary" 2018 DK Publishing 1 issues — far (gap 2), found by 'Marvel Studios: The Visual Dictionary' (via CV candidate name "Marvel Studios: The Visual Dictionary"); invisible before TODO 30
S19396	g	S cv=-+provider-missing: CV 57366 "The Art of Boom! Studios" 2010 Boom! Studios 1 issues — far (gap 10), found by 'The Art of Boom! Studios' (via CV candidate name "The Art of Boom! Studios"); invisible before TODO 30
S19412	g	S cv=-+provider-missing: CV 107372 "Thanos: The God Quarry" 2017 Marvel 1 issues — far (gap 6), found by 'Thanos: The God Quarry' (via CV candidate name "Thanos: The God Quarry"); invisible before TODO 30
S19421	g	provider-missing: CV 60485 "Century of Comics" 1933 Eastern Color 1 issues — far (gap 90), found by 'Century of Comics' (via CV candidate name "Century of Comics"); invisible before TODO 30
S19434	g	provider-missing: CV 33975 "The Best of Heavy Metal" 1982 Heavy Metal 2 issues — far (gap 38), found by 'The Best of Heavy Metal' (via CV candidate name "The Best of Heavy Metal"); invisible before TODO 30
S19442	g	provider-missing: CV 68969 "Tales of the Other" 2007 Weissblech Comics 1 issues — far (gap 8), found by 'Tales of the Other' (via CV candidate name "Tales of the Other"); invisible before TODO 30
S19442	g	provider-missing: CV 55167 "Stinz: Horsebrush and Other Tales" 1990 Eclipse 1 issues — far (gap 25), found by 'Stinz: Horsebrush and Other Tales' (via CV candidate name "Stinz: Horsebrush and Other Tales"); invisible before TODO 30
S19450	g	provider-missing: CV 122904 "The Regiment - The True Story of the SAS" 2019 Cinebook 3 issues — near (gap 1), found by 'The Regiment – The True Story of the SAS' (own spelling); invisible before TODO 30
S19469	g	S cv=-+provider-missing: CV 119991 "The Rime of the Ancient Mariner" 2019 Knockabout 1 issues — far (gap 8), found by 'The Rime of the Ancient Mariner' (via CV candidate name "The Rime of the Ancient Mariner"); invisible before TODO 30
S19469	g	S cv=-+provider-missing: CV 54396 "Rime of the Ancient Mariner" 1989 Knockabout 1 issues — far (gap 22), found by 'The Rime of the Ancient Mariner' (via CV candidate name "The Rime of the Ancient Mariner"); invisible before TODO 30
S19469	g	S cv=-+provider-missing: CV 54544 "The Rime of the Ancient Mariner" 1989 Eclipse 1 issues — far (gap 22), found by 'The Rime of the Ancient Mariner' (via CV candidate name "The Rime of the Ancient Mariner"); invisible before TODO 30
S19491	g	provider-missing: CV 72484 "Rocky and Bullwinkle" 2014 IDW Publishing 4 issues — far (gap 3), found by 'Rocky and Bullwinkle' (via CV candidate name "Rocky and Bullwinkle"); invisible before TODO 30
S19495	g	provider-missing: CV 43400 "Disney Movies The Graphic Novels" 2010 Disney 25 issues — far (gap 7), found by 'Disney Movies The Graphic Novels' (via CV candidate name "Disney Movies The Graphic Novels"); invisible before TODO 30
S19501	g	provider-missing: CV 43400 "Disney Movies The Graphic Novels" 2010 Disney 25 issues — far (gap 14), found by 'Disney Movies The Graphic Novels' (via CV candidate name "Disney Movies The Graphic Novels"); invisible before TODO 30
S19514	g	provider-missing: CV 21153 "The Sandman Presents: The Furies" 2002 DC Comics 1 issues — far (gap 13), found by 'The Sandman Presents: The Furies' (via CV candidate name "The Sandman Presents: The Furies"); invisible before TODO 30
S19514	g	provider-missing: CV 40894 "Vertigo Resurrected: The Sandman Presents - Petrefax" 2011 DC Comics 1 issues — far (gap 22), found by 'Vertigo Resurrected: The Sandman Presents - Petrefax' (via CV candidate name "Vertigo Resurrected: The Sandman Presents - Petrefax"); invisible before TODO 30
S19526	g	provider-missing: CV 121517 "The Sandman: The Dream Hunters 30th Anniversary Edition" 2019 DC Comics 1 issues — near (gap 0), found by 'The Sandman: The Dream Hunters 30th Anniversary Edition' (own spelling); invisible before TODO 30
S19526	g	provider-missing: CV 23674 "The Sandman: The Dream Hunters" 2009 DC Comics 4 issues — far (gap 10), found by 'The Sandman: The Dream Hunters' (via CV candidate name "The Sandman: The Dream Hunters"); invisible before TODO 30
S19526	g	provider-missing: CV 29064 "The Sandman: The Dream Hunters" 2009 DC Comics 1 issues — far (gap 10), found by 'The Sandman: The Dream Hunters' (via CV candidate name "The Sandman: The Dream Hunters"); invisible before TODO 30
S19526	g	provider-missing: CV 23043 "The Sandman: The Dream Hunters" 1999 DC Comics 1 issues — far (gap 20), found by 'The Sandman: The Dream Hunters' (via CV candidate name "The Sandman: The Dream Hunters"); invisible before TODO 30
S19552	g	provider-missing: CV 43858 "The Secret History of the Authority: Hawksmoor" 2009 DC Comics 1 issues — far (gap 14), found by 'The Secret History of the Authority: Hawksmoor' (via CV candidate name "The Secret History of the Authority: Hawksmoor"); invisible before TODO 30
S19552	g	provider-missing: CV 21054 "Secret History of The Authority: Hawksmoor" 2008 DC Comics 6 issues — far (gap 15), found by 'The Secret History of the Authority: Hawksmoor' (via CV candidate name "The Secret History of the Authority: Hawksmoor"); invisible before TODO 30
S19563	g	S cv=-+provider-missing: CV 114016 "Conspiracy of Ravens" 2018 Dark Horse Comics 1 issues — far (gap 6), found by 'Conspiracy of Ravens' (via CV candidate name "Conspiracy of Ravens"); invisible before TODO 30
S19566	g	S cv=-+provider-missing: CV 108570 "In the Chocolate" 2011 Shueisha 1 issues — far (gap 10), found by 'In the Chocolate' (via CV candidate name "In the Chocolate"); invisible before TODO 30
S19594	g	provider-missing: CV 128733 "Worlds of H.P. Lovecraft: The Shadow Over Innsmouth" 2020 Caliber Comics 1 issues — far (gap 6), found by 'Worlds of H.P. Lovecraft: The Shadow Over Innsmouth' (via CV candidate name "Worlds of H.P. Lovecraft: The Shadow Over Innsmouth"); invisible before TODO 30
S19594	g	provider-missing: CV 155460 "H.P. Lovecraft's The Shadow Over Innsmouth" 2023 Dark Horse Comics 1 issues — far (gap 9), found by 'H.P. Lovecraft's The Shadow Over Innsmouth' (via CV candidate name "H.P. Lovecraft's The Shadow Over Innsmouth"); invisible before TODO 30
S19605	g	provider-missing: CV 116817 "Elvira: The Shape of Elvira" 2019 Dynamite Entertainment 4 issues — far (gap 2), found by 'Elvira: The Shape of Elvira' (via CV candidate name "Elvira: The Shape of Elvira"); invisible before TODO 30
S19605	g	provider-missing: CV 138251 "Elvira: The Shape of Elvira" 2021 Dynamite Entertainment 1 issues — far (gap 4), found by 'Elvira: The Shape of Elvira' (via CV candidate name "Elvira: The Shape of Elvira"); invisible before TODO 30
S19605	g	provider-missing: CV 151775 "The Shape of Voice" ? M&C 7 issues — far, found by 'The Shape of Voice' (via CV candidate name "The Shape of Voice"); invisible before TODO 30
S19610	g	S cv=-+provider-missing: CV 93944 "Sonic Boom: The Big Boom" 2016 Archie Comics 1 issues — far (gap 5), found by 'Sonic Boom: The Big Boom' (via CV candidate name "Sonic Boom: The Big Boom"); invisible before TODO 30
S19610	g	S cv=-+provider-missing: CV 57366 "The Art of Boom! Studios" 2010 Boom! Studios 1 issues — far (gap 11), found by 'The Art of Boom! Studios' (via CV candidate name "The Art of Boom! Studios"); invisible before TODO 30
S19611	g	provider-missing: CV 57366 "The Art of Boom! Studios" 2010 Boom! Studios 1 issues — far (gap 6), found by 'The Art of Boom! Studios' (via CV candidate name "The Art of Boom! Studios"); invisible before TODO 30
S19630	g	S cv=-+provider-missing: CV 133672 "The Book of the Demon Slayers" 2021 Memento Mori Studios 1 issues — far (gap 26), found by 'The Book of the Demon Slayers' (via CV candidate name "The Book of the Demon Slayers"); invisible before TODO 30
S19632	g	provider-missing: CV 25603 "Sandman Mystery Theatre: Sleep of Reason" 2007 DC Comics 5 issues — far (gap 7), found by 'Sandman Mystery Theatre: Sleep of Reason' (via CV candidate name "Sandman Mystery Theatre: Sleep of Reason"); invisible before TODO 30
S19632	g	provider-missing: CV 30081 "Sandman Mystery Theatre: Sleep of Reason" 2007 DC Comics 1 issues — far (gap 7), found by 'Sandman Mystery Theatre: Sleep of Reason' (via CV candidate name "Sandman Mystery Theatre: Sleep of Reason"); invisible before TODO 30
S19633	g	provider-missing: CV 166755 "That Time I Got Reincarnated as a Slime" 2020 JBC 22 issues — near (gap 1), found by 'That Time I Got Reincarnated As A Slime' (via CV candidate name "That Time I Got Reincarnated As A Slime"); invisible before TODO 30
S19633	g	provider-missing: CV 103594 "That Time I Got Reincarnated As A Slime" 2017 Kodansha Comics USA 27 issues — far (gap 2), found by 'That Time I Got Reincarnated As A Slime' (via CV candidate name "That Time I Got Reincarnated As A Slime"); invisible before TODO 30
S19682	g	provider-missing: CV 128712 "The Stars of History: Charlie Chaplin" 2020 Europe Comics 1 issues — near (gap 0), found by 'The Stars of History: Charlie Chaplin' (via CV candidate name "The Stars of History: Charlie Chaplin"); invisible before TODO 30
S19689	g	provider-missing: CV 42277 "DC Retroactive: Superman - The '90s" 2011 DC Comics 1 issues — far (gap 12), found by 'DC Retroactive: Superman - The '90s' (via CV candidate name "DC Retroactive: Superman - The '90s"); invisible before TODO 30
S19701	g	provider-missing: CV 158940 "Masters of the Universe: Sucker Punch" 2021 Mattel 1 issues — far (gap 2), found by 'Masters of the Universe: Sucker Punch' (via CV candidate name "Masters of the Universe: Sucker Punch"); invisible before TODO 30
S19717	g	provider-missing: CV 117354 "Aspen: The Year Ahead 2019" 2019 Aspen MLT 1 issues — near (gap 0), found by 'Aspen: The Year Ahead 2019' (via CV candidate name "Aspen: The Year Ahead 2019"); invisible before TODO 30
S19717	g	provider-missing: CV 118622 "Sonic the Hedgehog Annual 2019" 2019 IDW Publishing 1 issues — near (gap 0), found by 'Sonic the Hedgehog Annual 2019' (via CV candidate name "Sonic the Hedgehog Annual 2019"); invisible before TODO 30
S19721	g	provider-missing: CV 81639 "The Swords of Glass Deluxe Edition" 2015 Humanoids 1 issues — near (gap 0), found by 'The Swords of Glass Deluxe Edition' (via CV candidate name "The Swords of Glass Deluxe Edition"); invisible before TODO 30
S19721	g	provider-missing: CV 45344 "The Man of Glass" 2010 Accent UK 1 issues — far (gap 5), found by 'The Man of Glass' (via CV candidate name "The Man of Glass"); invisible before TODO 30
S19739	g	provider-missing: CV 35147 "Bloodlines: A Tale From The Heart Of Africa" 1992 Marvel 1 issues — far, found by 'Bloodlines: A Tale From The Heart Of Africa' (via CV candidate name "Bloodlines: A Tale From The Heart Of Africa"); invisible before TODO 30
S19739	g	provider-missing: CV 64441 "The Tell Tale Heart and Other Stories" 1988 Fantagraphics 1 issues — far, found by 'The Tell Tale Heart and Other Stories' (via CV candidate name "The Tell Tale Heart and Other Stories"); invisible before TODO 30
S19739	g	provider-missing: CV 74384 "Edgar Allan Poe: The Tell-Tale Heart and Other Stories" 1988 Eternity 1 issues — far, found by 'Edgar Allan Poe: The Tell-Tale Heart and Other Stories' (via CV candidate name "Edgar Allan Poe: The Tell-Tale Heart and Other Stories"); invisible before TODO 30
S19741	g	provider-missing: CV 24191 "Terminator: The Dark Years" 1999 Dark Horse Comics 4 issues — near (gap 0), found by 'Terminator: The Dark Years' (via CV name "Terminator: The Dark Years"); invisible before TODO 30
S19741	g	provider-missing: CV 5829 "A Decade of Dark Horse" 1996 Dark Horse Comics 4 issues — far (gap 3), found by 'A Decade of Dark Horse' (via CV candidate name "A Decade of Dark Horse"); invisible before TODO 30
S19763	g	S cv=-+provider-missing: CV 46273 "The Best of Drawn & Quarterly" 1993 Drawn & Quarterly 1 issues — far (gap 29), found by 'The Best of Drawn & Quarterly' (via CV candidate name "The Best of Drawn & Quarterly"); invisible before TODO 30
S19769	g	provider-missing: CV 46520 "The Luck in the Head" 1993 Dark Horse Comics 1 issues — far (gap 25), found by 'The Luck in the Head' (via CV candidate name "The Luck in the Head"); invisible before TODO 30
S19769	g	provider-missing: CV 33702 "Death's Head: The Body in Question" 1991 Marvel UK/Panini UK 1 issues — far (gap 27), found by 'Death's Head: The Body in Question' (via CV candidate name "Death's Head: The Body in Question"); invisible before TODO 30
S19783	g	provider-missing: CV 72882 "The Tick: The Complete Edlund" 2011 New England Comics 1 issues — near (gap 1), found by 'The Tick: The Complete Edlund' (via CV candidate name "The Tick: The Complete Edlund"); invisible before TODO 30
S19783	g	provider-missing: CV 105365 "The Tick: The Complete Edlund" 2017 New England Comics 1 issues — far (gap 7), found by 'The Tick: The Complete Edlund' (via CV candidate name "The Tick: The Complete Edlund"); invisible before TODO 30
S19807	g	provider-missing: CV 107073 "Comic Book History of Comics" 2017 IDW Publishing 4 issues — near (gap 0), found by 'Comic Book History of Comics' (via CV candidate name "Comic Book History of Comics"); invisible before TODO 30
S19807	g	provider-missing: CV 95702 "The Comic Book History of Comics" 2016 IDW Publishing 6 issues — near (gap 1), found by 'Comic Book History of Comics' (via CV candidate name "Comic Book History of Comics"); invisible before TODO 30
S19807	g	provider-missing: CV 71898 "Comic Book History of Comics" 2012 IDW Publishing 1 issues — far (gap 5), found by 'Comic Book History of Comics' (via CV candidate name "Comic Book History of Comics"); invisible before TODO 30
S19807	g	provider-missing: CV 26861 "The Big Book of Freaks" 1996 DC Comics 1 issues — far (gap 21), found by 'The Big Book of Freaks' (via CV candidate name "The Big Book of Freaks"); invisible before TODO 30
S19808	g	provider-missing: CV 130860 "He-Man and the Masters of the Universe" 2020 DC Comics 1 issues — near (gap 1), found by 'He-Man and the Masters of the Universe' (via CV candidate name "He-Man and the Masters of the Universe"); invisible before TODO 30
S19808	g	provider-missing: CV 150391 "The Art of He-Man and the Masters of the Universe" 2023 Dark Horse Comics 1 issues — far (gap 2), found by 'The Art of He-Man and the Masters of the Universe' (via CV candidate name "The Art of He-Man and the Masters of the Universe"); invisible before TODO 30
S19808	g	provider-missing: CV 81349 "The Art of He-Man and the Masters of the Universe" 2015 Dark Horse Comics 1 issues — far (gap 6), found by 'The Art of He-Man and the Masters of the Universe' (via CV candidate name "The Art of He-Man and the Masters of the Universe"); invisible before TODO 30
S19808	g	provider-missing: CV 59980 "He-Man and the Masters of the Universe" 2013 DC Comics 19 issues — far (gap 8), found by 'He-Man and the Masters of the Universe' (via CV candidate name "He-Man and the Masters of the Universe"); invisible before TODO 30
S19808	g	provider-missing: CV 65194 "He-Man and the Masters of the Universe" 2013 DC Comics 2 issues — far (gap 8), found by 'He-Man and the Masters of the Universe' (via CV candidate name "He-Man and the Masters of the Universe"); invisible before TODO 30
S19808	g	provider-missing: CV 50154 "He-Man and the Masters of the Universe" 2012 DC Comics 6 issues — far (gap 9), found by 'He-Man and the Masters of the Universe' (via CV candidate name "He-Man and the Masters of the Universe"); invisible before TODO 30
S19823	g	provider-missing: CV 40479 "The Trials Of Shazam!" 2007 DC Comics 2 issues — far (gap 9), found by 'The Trials Of Shazam!' (via CV candidate name "The Trials Of Shazam!"); invisible before TODO 30
S19823	g	provider-missing: CV 18200 "Trials of Shazam" 2006 DC Comics 12 issues — far (gap 10), found by 'The Trials Of Shazam!' (via CV candidate name "The Trials Of Shazam!"); invisible before TODO 30
S19823	g	provider-missing: CV 20207 "Tangent Comics/ The Trials of the Flash" 1998 DC Comics 1 issues — far (gap 18), found by 'Tangent Comics/ The Trials of the Flash' (via CV candidate name "Tangent Comics/ The Trials of the Flash"); invisible before TODO 30
S19860	g	provider-missing: CV 121820 "Phoebe and Her Unicorn: The Unicorn Whisperer" 2019 Andrews McMeel Publishing 1 issues — far (gap 4), found by 'Phoebe and Her Unicorn: The Unicorn Whisperer' (via CV candidate name "Phoebe and Her Unicorn: The Unicorn Whisperer"); invisible before TODO 30
S19860	g	provider-missing: CV 115465 "The Unicorn and the Fox" 2018 self published 3 issues — far (gap 5), found by 'The Unicorn and the Fox' (via CV candidate name "The Unicorn and the Fox"); invisible before TODO 30
S19864	g	provider-missing: CV 59697 "Chronicles of the Universe" 2001 Antarctic Press 1 issues — far (gap 19), found by 'Chronicles of the Universe' (via CV candidate name "Chronicles of the Universe"); invisible before TODO 30
S19866	g	S cv=-+provider-missing: CV 50305 "Top Shelf Asks the Big Questions" 2003 Top Shelf 1 issues — far (gap 20), found by 'Top Shelf Asks the Big Questions' (via CV candidate name "Top Shelf Asks the Big Questions"); invisible before TODO 30
S19891	g	provider-missing: CV 43400 "Disney Movies The Graphic Novels" 2010 Disney 25 issues — far, found by 'Disney Movies The Graphic Novels' (via CV candidate name "Disney Movies The Graphic Novels"); invisible before TODO 30
S19893	g	provider-missing: CV 43029 "Spider-Man: The Vengeance of Venom" 2011 Marvel 1 issues — far (gap 9), found by 'Spider-Man: The Vengeance of Venom' (via CV candidate name "Spider-Man: The Vengeance of Venom"); invisible before TODO 30
S19893	g	provider-missing: CV 26777 "Spider-Man: The Venom Agenda" 1998 Marvel 1 issues — far (gap 22), found by 'Spider-Man: The Venom Agenda' (via CV candidate name "Spider-Man: The Venom Agenda"); invisible before TODO 30
S19900	g	S cv=-+provider-missing: CV 46273 "The Best of Drawn & Quarterly" 1993 Drawn & Quarterly 1 issues — far (gap 28), found by 'The Best of Drawn & Quarterly' (via CV candidate name "The Best of Drawn & Quarterly"); invisible before TODO 30
S19923	g	provider-missing: CV 74393 "A1 Presents: The Weirding Willows: What The Wild Things Are" 2014 Titan Comics 1 issues — near (gap 1), found by 'A1 Presents: The Weirding Willows: What The Wild Things Are' (via CV candidate name "A1 Presents: The Weirding Willows: What The Wild Things Are"); invisible before TODO 30
S19929	g	provider-missing: CV 76632 "Lady Rawhide: Sisters of the White Rose" 2014 Dynamite Entertainment 1 issues — far (gap 8), found by 'Lady Rawhide: Sisters of the White Rose' (via CV candidate name "Lady Rawhide: Sisters of the White Rose"); invisible before TODO 30
S19942	g	provider-missing: CV 85924 "Will Eisner: Champion of the Graphic Novel" 2015 Harry N. Abrams 1 issues — far (gap 11), found by 'Will Eisner: Champion of the Graphic Novel' (via CV candidate name "Will Eisner: Champion of the Graphic Novel"); invisible before TODO 30
S19942	g	provider-missing: CV 93927 "The Lost Work of Will Eisner" 2016 Locust Moon Press 1 issues — far (gap 12), found by 'The Lost Work of Will Eisner' (via CV candidate name "The Lost Work of Will Eisner"); invisible before TODO 30
S19944	g	provider-missing: CV 101258 "Catalyst Prime: The Event" 2017 Lion Forge Comics 1 issues — far (gap 2), found by 'Catalyst Prime: The Event' (via CV candidate name "Catalyst Prime: The Event"); invisible before TODO 30
S19948	g	provider-missing: CV 30818 "Wisdom: Rudiments of Wisdom" 2007 Marvel 1 issues — far (gap 40), found by 'Wisdom: Rudiments of Wisdom' (via CV candidate name "Wisdom: Rudiments of Wisdom"); invisible before TODO 30
S19959	g	provider-missing: CV 120528 "Night Witches at War: The Soviet Women Pilots of World War II" 2019 Capstone Press 1 issues — far (gap 4), found by 'Night Witches at War: The Soviet Women Pilots of World War II' (via CV candidate name "Night Witches at War: The Soviet Women Pilots of World War II"); invisible before TODO 30
S19964	g	provider-missing: CV 56745 "The Wonderful World of Marvel" 1976 New Media Publications 1 issues — far (gap 37), found by 'The Wonderful World of Marvel' (via CV candidate name "The Wonderful World of Marvel"); invisible before TODO 30
S19966	g	provider-missing: CV 138994 "The Era of Great Wonders" 2021 Source Point Press 1 issues — near (gap 1), found by 'The Era of Great Wonders' (via CV candidate name "The Era of Great Wonders"); invisible before TODO 30
S19966	g	provider-missing: CV 76909 "The Era of Great Wonders" 2014 Source Point Press 6 issues — far (gap 8), found by 'The Era of Great Wonders' (via CV candidate name "The Era of Great Wonders"); invisible before TODO 30
S19966	g	provider-missing: CV 64908 "The Wonders of Wire Rope" 1947 EC 1 issues — far (gap 75), found by 'The Wonders of Wire Rope' (via CV candidate name "The Wonders of Wire Rope"); invisible before TODO 30
S19976	g	provider-missing: CV 128485 "Wonderful World of Disney" 1975 IPC Magazines Ltd. 19 issues — far (gap 47), found by 'Wonderful World of Disney' (via CV candidate name "Wonderful World of Disney"); invisible before TODO 30
S19982	g	provider-missing: CV 130273 "The World of Thorgal: Kriss of Valnor" 2020 Europe Comics 8 issues — near (gap 0), found by 'The World of Thorgal: Kriss of Valnor' (via CV candidate name "The World of Thorgal: Kriss of Valnor"); invisible before TODO 30
S19982	g	provider-missing: CV 104339 "The World of Thorgal: The Young Years" 2017 Europe Comics 6 issues — far (gap 3), found by 'The World of Thorgal: The Young Years' (via CV candidate name "The World of Thorgal: The Young Years"); invisible before TODO 30
S19983	g	provider-missing: CV 116387 "Tom Clancy's The Division: Extremis Malis" 2019 Dark Horse Comics 3 issues — near (gap 0), found by 'Tom Clancy's The Division: Extremis Malis' (via CV candidate name "Tom Clancy's The Division: Extremis Malis"); invisible before TODO 30
S19983	g	provider-missing: CV 120327 "Tom Clancy's The Division: Extremis Malis" 2019 Dark Horse Comics 1 issues — near (gap 0), found by 'Tom Clancy's The Division: Extremis Malis' (via CV candidate name "Tom Clancy's The Division: Extremis Malis"); invisible before TODO 30
S19983	g	provider-missing: CV 140913 "Tom Clancy's The Division: Remission" 2022 Dark Horse Comics 1 issues — far (gap 3), found by 'Tom Clancy's The Division: Remission' (via CV candidate name "Tom Clancy's The Division: Remission"); invisible before TODO 30
S19987	g	provider-missing: CV 43400 "Disney Movies The Graphic Novels" 2010 Disney 25 issues — far (gap 14), found by 'Disney Movies The Graphic Novels' (via CV candidate name "Disney Movies The Graphic Novels"); invisible before TODO 30
S19991	g	provider-missing: CV 33068 "Sam and Twitch: The Writer" 2010 Image 4 issues — far (gap 10), found by 'Sam and Twitch: The Writer' (via CV candidate name "Sam and Twitch: The Writer"); invisible before TODO 30
S19991	g	provider-missing: CV 63889 "Sam and Twitch: The Writer" 2010 Image 1 issues — far (gap 10), found by 'Sam and Twitch: The Writer' (via CV candidate name "Sam and Twitch: The Writer"); invisible before TODO 30
S20023	g	provider-missing: CV 75941 "Female Force: Women of Europe" 2014 TidalWave Productions 1 issues — far (gap 6), found by 'Female Force: Women of Europe' (via CV candidate name "Female Force: Women of Europe"); invisible before TODO 30
S20036	g	provider-missing: CV 74782 "DC Entertainment Essential Graphic Novels and Chronology 2014" 2014 DC Comics 1 issues — near (gap 0), found by 'DC Entertainment Essential Graphic Novels and Chronology 2014' (via CV candidate name "DC Entertainment Essential Graphic Novels and Chronology 2014"); invisible before TODO 30
S20044	g	provider-missing: CV 72689 "They Found the Car" 2006 Fantagraphics 1 issues — far (gap 9), found by 'They Found the Car' (via CV candidate name "They Found the Car"); invisible before TODO 30
S20050	g	provider-missing: CV 72690 "They Call Me ... The Skul" 1996 Virtual Comics 3 issues — far, found by 'They Call Me ... The Skul' (via CV candidate name "They Call Me ... The Skul"); invisible before TODO 30
S20057	g	S cv=-+provider-missing: CV 158702 "All the Things We Didn't Do Last Night" 2024 Image 1 issues — far (gap 2), found by 'All the Things We Didn't Do Last Night' (via CV candidate name "All the Things We Didn't Do Last Night"); invisible before TODO 30
S20057	g	S cv=-+provider-missing: CV 120446 "Maker Comics: Create a Costume!" 2019 First Second Books 1 issues — far (gap 3), found by 'Maker Comics: Create a Costume!' (via CV candidate name "Maker Comics: Create a Costume!"); invisible before TODO 30
S20058	g	provider-missing: CV 37992 "Toys in the Basement" 2010 Fantagraphics 1 issues — far (gap 13), found by 'Toys in the Basement' (via CV candidate name "Toys in the Basement"); invisible before TODO 30
S20058	g	provider-missing: CV 64568 "Toys in the Basement Spook Preview" 2010 Fantagraphics 1 issues — far (gap 13), found by 'Toys in the Basement Spook Preview' (via CV candidate name "Toys in the Basement Spook Preview"); invisible before TODO 30
S20059	g	S cv=-+provider-missing: CV 110635 "Scout Comics Presents: The Mall" 2018 Scout Comics 1 issues — far (gap 4), found by 'Scout Comics Presents: The Mall' (via CV candidate name "Scout Comics Presents: The Mall"); invisible before TODO 30
S20080	g	provider-missing: CV 78023 "Thor: God of Thunder" 2014 Marvel 2 issues — far (gap 8), found by 'Thor: God of Thunder' (via CV candidate name "Thor: God of Thunder"); invisible before TODO 30
S20080	g	provider-missing: CV 53920 "Thor: God of Thunder" 2013 Marvel 25 issues — far (gap 9), found by 'Thor: God of Thunder' (via CV candidate name "Thor: God of Thunder"); invisible before TODO 30
S20080	g	provider-missing: CV 62466 "Thor: God of Thunder - The God Butcher" 2013 Marvel 1 issues — far (gap 9), found by 'Thor: God of Thunder - The God Butcher' (via CV candidate name "Thor: God of Thunder - The God Butcher"); invisible before TODO 30
S20080	g	provider-missing: CV 91312 "Thor: God of Thunder - The God Butcher" 2013 Marvel UK/Panini UK 1 issues — far (gap 9), found by 'Thor: God of Thunder - The God Butcher' (via CV candidate name "Thor: God of Thunder - The God Butcher"); invisible before TODO 30
S20080	g	provider-missing: CV 150787 "Thor: God of Thunder" ? Marmara Çizgi 2 issues — far, found by 'Thor: God of Thunder' (via CV candidate name "Thor: God of Thunder"); invisible before TODO 30
S20082	g	provider-missing: CV 57960 "Guardians of the Galaxy" 2013 Marvel 28 issues — near (gap 0), found by 'Guardians of the Galaxy' (via CV candidate name "Guardians of the Galaxy"); invisible before TODO 30
S20082	g	provider-missing: CV 84159 "Guardians of the Galaxy" 2014 Panini Verlag 7 issues — near (gap 1), found by 'Guardians of the Galaxy' (via CV candidate name "Guardians of the Galaxy"); invisible before TODO 30
S20082	g	provider-missing: CV 81904 "Guardians of the Galaxy" 2015 Marvel 5 issues — far (gap 2), found by 'Guardians of the Galaxy' (via CV candidate name "Guardians of the Galaxy"); invisible before TODO 30
S20082	g	provider-missing: CV 85290 "Guardians of the Galaxy" 2015 Marvel 20 issues — far (gap 2), found by 'Guardians of the Galaxy' (via CV candidate name "Guardians of the Galaxy"); invisible before TODO 30
S20082	g	provider-missing: CV 116349 "Guardians of the Galaxy" 2015 Standaard Uitgeverij 5 issues — far (gap 2), found by 'Guardians of the Galaxy' (via CV candidate name "Guardians of the Galaxy"); invisible before TODO 30
S20082	g	provider-missing: CV 146623 "Guardians of the Galaxy" 2016 Panini Verlag 8 issues — far (gap 3), found by 'Guardians of the Galaxy' (via CV candidate name "Guardians of the Galaxy"); invisible before TODO 30
S20086	g	provider-missing: CV 22014 "Tales of Asgard" 1984 Marvel 1 issues — far (gap 25), found by 'Tales of Asgard' (via CV candidate name "Tales of Asgard"); invisible before TODO 30
S20086	g	provider-missing: CV 18656 "Tales of Asgard" 1968 Marvel 1 issues — far (gap 41), found by 'Tales of Asgard' (via CV candidate name "Tales of Asgard"); invisible before TODO 30
S20125	g	provider-missing: CV 109462 "Thor vs. Hulk: Champions of the Universe" 2018 Marvel 1 issues — near (gap 1), found by 'Thor vs. Hulk: Champions of the Universe' (own spelling); invisible before TODO 30
S20159	g	provider-missing: CV 95241 "Superman: The Final Days of Superman" 2016 DC Comics 1 issues — far (gap 7), found by 'Superman: The Final Days of Superman' (via CV candidate name "Superman: The Final Days of Superman"); invisible before TODO 30
S20162	g	provider-missing: CV 161640 "Through the Boughs: A Yuletide Offering" 2024 DSTLRY 1 issues — near (gap 0), found by 'Through the Boughs: A Yuletide Offering' (via CV candidate name "Through the Boughs: A Yuletide Offering"); invisible before TODO 30
S20228	g	provider-missing: CV 18533 "Timeslip: The Collection" 1998 Marvel 1 issues — far, found by 'Timeslip: The Collection' (via CV candidate name "Timeslip: The Collection"); invisible before TODO 30
S20228	g	provider-missing: CV 38674 "Avengers: The Coming of the Beast" 2011 Marvel 1 issues — far, found by 'Avengers: The Coming of the Beast' (via CV candidate name "Avengers: The Coming of the Beast"); invisible before TODO 30
S20232	g	provider-missing: CV 124377 "Two-Timing Fair and Square" 2020 Irodori Comics 1 issues — far (gap 4), found by 'Two-Timing Fair and Square' (via CV candidate name "Two-Timing Fair and Square"); invisible before TODO 30
S20336	g	provider-missing: CV 58661 "The Adventures of Tony Millionaire's Sock Monkey" 2000 Dark Horse Comics 1 issues — far (gap 11), found by 'The Adventures of Tony Millionaire's Sock Monkey' (via CV candidate name "The Adventures of Tony Millionaire's Sock Monkey"); invisible before TODO 30
S20341	g	S cv=-+provider-missing: CV 112733 "The Ghost Script: A Graphic Novel" 2018 Liveright 1 issues — far (gap 4), found by 'The Ghost Script: A Graphic Novel' (via CV candidate name "The Ghost Script: A Graphic Novel"); invisible before TODO 30
S20369	g	provider-missing: CV 76656 "Tomboy: A Graphic Memoir" 2014 Houghton Mifflin Harcourt 1 issues — far, found by 'Tomboy: A Graphic Memoir' (via CV candidate name "Tomboy: A Graphic Memoir"); invisible before TODO 30
S20369	g	provider-missing: CV 113459 "Rx: A Graphic Memoir" 2018 Warner Books 1 issues — far, found by 'Rx: A Graphic Memoir' (via CV candidate name "Rx: A Graphic Memoir"); invisible before TODO 30
S20369	g	provider-missing: CV 124411 "Spring Rain: A Graphic Memoir of Love, Madness, and Revolutions" 2020 Griffin Comics 1 issues — far, found by 'Spring Rain: A Graphic Memoir of Love, Madness, and Revolutions' (via CV candidate name "Spring Rain: A Graphic Memoir of Love, Madness, and Revolutions"); invisible before TODO 30
S20391	g	provider-missing: CV 93361 "The Transformers: Sins of the Wreckers" 2016 IDW Publishing 1 issues — far (gap 2), found by 'The Transformers: Sins of the Wreckers' (via CV candidate name "The Transformers: Sins of the Wreckers"); invisible before TODO 30
S20391	g	provider-missing: CV 31327 "The Transformers: Last Stand of the Wreckers" 2010 IDW Publishing 5 issues — far (gap 8), found by 'Transformers: Last Stand Of The Wreckers' (via CV candidate name "Transformers: Last Stand Of The Wreckers"); invisible before TODO 30
S20391	g	provider-missing: CV 42798 "Transformers: Last Stand Of The Wreckers" 2010 IDW Publishing 1 issues — far (gap 8), found by 'Transformers: Last Stand Of The Wreckers' (via CV candidate name "Transformers: Last Stand Of The Wreckers"); invisible before TODO 30
S20393	g	provider-missing: CV 88412 "Transformers: Robots In Disguise: A New Mission" 2016 IDW Publishing 1 issues — near (gap 1), found by 'Transformers Robots In Disguise A New Mission' (own spelling); invisible before TODO 30
S20408	g	provider-missing: CV 92009 "The Transformers: The IDW Collection Compendium" 2016 IDW Publishing 1 issues — far (gap 4), found by 'The Transformers: The IDW Collection Compendium' (via CV candidate name "The Transformers: The IDW Collection Compendium"); invisible before TODO 30
S20408	g	provider-missing: CV 20704 "Aliens vs. Predator vs. The Terminator" 2001 Dark Horse Comics 1 issues — far (gap 19), found by 'Aliens vs. Predator vs. The Terminator' (via CV candidate name "Aliens vs. Predator vs. The Terminator"); invisible before TODO 30
S20408	g	provider-missing: CV 21223 "Aliens vs. Predator vs. The Terminator" 2000 Dark Horse Comics 4 issues — far (gap 20), found by 'Aliens vs. Predator vs. The Terminator' (via CV candidate name "Aliens vs. Predator vs. The Terminator"); invisible before TODO 30
S20409	g	provider-missing: CV 92009 "The Transformers: The IDW Collection Compendium" 2016 IDW Publishing 1 issues — far (gap 2), found by 'The Transformers: The IDW Collection Compendium' (via CV candidate name "The Transformers: The IDW Collection Compendium"); invisible before TODO 30
S20450	g	S cv=-+provider-missing: CV 105762 "#LoveMUTTS: A MUTTS Treasury" 2017 Andrews McMeel Publishing 1 issues — far (gap 7), found by '#LoveMUTTS: A MUTTS Treasury' (via CV candidate name "#LoveMUTTS: A MUTTS Treasury"); invisible before TODO 30
S20450	g	S cv=-+provider-missing: CV 85780 "Playtime: A Mutts Treasury" 2015 Andrews McMeel Publishing 1 issues — far (gap 9), found by 'Playtime: A Mutts Treasury' (via CV candidate name "Playtime: A Mutts Treasury"); invisible before TODO 30
S20450	g	S cv=-+provider-missing: CV 53358 "Bonk! A Mutts Treasury" 2012 Pocket Books 1 issues — far (gap 12), found by 'Bonk! A Mutts Treasury' (via CV candidate name "Bonk! A Mutts Treasury"); invisible before TODO 30
S20465	g	S cv=-: CV 149653 "A Trick of the Light" 2022 self published 1 issues — far (gap 5), found by 'A Trick of the Light' (via CV candidate name "A Trick of the Light"); invisible before TODO 30
S20466	g	provider-missing: CV 130722 "The Beauty of Horror: Tricks and Treats: A GOREgeous Halloween Coloring Book" 2019 IDW Publishing 1 issues — far (gap 3), found by 'The Beauty of Horror: Tricks and Treats: A GOREgeous Halloween Coloring Book' (via CV candidate name "The Beauty of Horror: Tricks and Treats: A GOREgeous Halloween Coloring Book"); invisible before TODO 30
S20466	g	provider-missing: CV 113305 "Tricks of the Trade" 2018 Amazing Art Bros 1 issues — far (gap 4), found by 'Tricks of the Trade' (via CV candidate name "Tricks of the Trade"); invisible before TODO 30
S20526	g	S cv=-+provider-missing: CV 102601 "Kim & Kim: Love Is A Battlefield" 2017 Black Mask Studios 4 issues — far (gap 6), found by 'Kim & Kim: Love Is A Battlefield' (via CV candidate name "Kim & Kim: Love Is A Battlefield"); invisible before TODO 30
S20526	g	S cv=-+provider-missing: CV 106883 "Kim & Kim: Love Is A Battlefield" 2017 Black Mask Studios 1 issues — far (gap 6), found by 'Kim & Kim: Love Is A Battlefield' (via CV candidate name "Kim & Kim: Love Is A Battlefield"); invisible before TODO 30
S20528	g	S cv=-+provider-missing: CV 100667 "American Barbarian: The Complete Series" 2017 IDW Publishing 1 issues — far (gap 4), found by 'American Barbarian: The Complete Series' (via CV candidate name "American Barbarian: The Complete Series"); invisible before TODO 30
S20528	g	S cv=-+provider-missing: CV 83684 "American Barbarian: The Complete Series" 2015 IDW Publishing 1 issues — far (gap 6), found by 'American Barbarian: The Complete Series' (via CV candidate name "American Barbarian: The Complete Series"); invisible before TODO 30
S20528	g	S cv=-+provider-missing: CV 50687 "Spike: The Complete Series" 2012 IDW Publishing 1 issues — far (gap 9), found by 'Spike: The Complete Series' (via CV candidate name "Spike: The Complete Series"); invisible before TODO 30
S20528	g	S cv=-+provider-missing: CV 54675 "The Couriers: The Complete Series" 2012 Image 1 issues — far (gap 9), found by 'The Couriers: The Complete Series' (via CV candidate name "The Couriers: The Complete Series"); invisible before TODO 30
S20607	g	S cv=-+provider-missing: CV 41269 "Ultimate Comics Spider-Man: Death of Spider-Man Prelude" 2011 Marvel 1 issues — far (gap 13), found by 'Ultimate Comics Spider-Man: Death of Spider-Man Prelude' (via CV candidate name "Ultimate Comics Spider-Man: Death of Spider-Man Prelude"); invisible before TODO 30
S20607	g	S cv=-+provider-missing: CV 43375 "Ultimate Comics Spider-Man: Death of Spider-Man" 2011 Marvel 1 issues — far (gap 13), found by 'Ultimate Comics Spider-Man: Death of Spider-Man' (via CV candidate name "Ultimate Comics Spider-Man: Death of Spider-Man"); invisible before TODO 30
S20607	g	S cv=-+provider-missing: CV 44152 "Ultimate Comics Spider-Man: Death of Spider-Man Fallout" 2011 Marvel 1 issues — far (gap 13), found by 'Ultimate Comics Spider-Man: Death of Spider-Man Fallout' (via CV name "Ultimate Comics Spider-Man: Death of Spider-Man Fallout"); invisible before TODO 30
S20639	g	S cv=-: CV 91914 "Ultimates: Omniversal: Start With the Impossible" 2016 Marvel 1 issues — near (gap 0), found by 'Ultimates: Omniversal: Start With the Impossible' (via CV candidate name "Ultimates: Omniversal: Start With the Impossible"); invisible before TODO 30
S20667	g	provider-missing: CV 127976 "Manga! Manga! The World of Japanese Comics" 1983 Kodansha International 1 issues — far, found by 'Manga! Manga! The World of Japanese Comics' (via CV candidate name "Manga! Manga! The World of Japanese Comics"); invisible before TODO 30
S20699	g	provider-missing: CV 20182 "What If? X-Men - Rise and Fall of the Shi'Ar Empire" 2008 Marvel 1 issues — near (gap 1), found by 'What If? X-Men - Rise and Fall of the Shi'Ar Empire' (via CV candidate name "What If? X-Men - Rise and Fall of the Shi'Ar Empire"); invisible before TODO 30
S20717	g	provider-missing: CV 116985 "Punisher War Journal by Matt Fraction: The Complete Collection" 2019 Marvel 1 issues — far (gap 6), found by 'Punisher War Journal by Matt Fraction: The Complete Collection' (via CV candidate name "Punisher War Journal by Matt Fraction: The Complete Collection"); invisible before TODO 30
S20717	g	provider-missing: CV 117229 "Uncanny X-Men by Kieron Gillen: The Complete Collection" 2019 Marvel 2 issues — far (gap 6), found by 'Uncanny X-Men by Kieron Gillen: The Complete Collection' (via CV candidate name "Uncanny X-Men by Kieron Gillen: The Complete Collection"); invisible before TODO 30
S20718	g	provider-missing: CV 126895 "Deadpool: The Variant Covers" 2020 Marvel 1 issues — near (gap 0), found by 'Deadpool: The Variant Covers' (via CV candidate name "Deadpool: The Variant Covers"); invisible before TODO 30
S20778	g	provider-missing: CV 62994 "Mickey Mouse and the Jolly Camper Brigade" 2013 Disney 1 issues — far (gap 11), found by 'Mickey Mouse and the Jolly Camper Brigade' (via CV candidate name "Mickey Mouse and the Jolly Camper Brigade"); invisible before TODO 30
S20820	g	provider-missing: CV 103601 "The Dark Horse Book of Horror" 2017 Dark Horse Comics 1 issues — far (gap 4), found by 'The Dark Horse Book of Horror' (via CV candidate name "The Dark Horse Book of Horror"); invisible before TODO 30
S20834	g	provider-missing: CV 53424 "Like a River" 2003 Humanoids 1 issues — far (gap 12), found by 'Like a River' (via CV candidate name "Like a River"); invisible before TODO 30
S20843	g	provider-missing: CV 107747 "The Transformers Windblade: The Last City" 2018 IDW Publishing 1 issues — far (gap 4), found by 'The Transformers Windblade: The Last City' (via CV candidate name "The Transformers Windblade: The Last City"); invisible before TODO 30
S20843	g	provider-missing: CV 153962 "Druaga no Tō: The Aegis of Uruk" 2009 Kadokawa Shoten 1 issues — far (gap 13), found by 'Druaga no Tō: The Aegis of Uruk' (via CV candidate name "Druaga no Tō: The Aegis of Uruk"); invisible before TODO 30
S20847	g	S cv=-: CV 157529 "Usagi Yojimbo: The Crow" 2024 Dark Horse Comics 5 issues — far (gap 37), found by 'Usagi Yojimbo: The Crow' (via CV name "Usagi Yojimbo: The Crow"); invisible before TODO 30
S20876	g	S cv=-: CV 48628 "Valerian and Laureline" 2010 Cinebook 23 issues — far (gap 7), found by 'Valerian and Laureline' (via CV name "Valerian and Laureline"); invisible before TODO 30
S20877	g	provider-missing: CV 104743 "Valerian and Laureline By..." 2017 Europe Comics 1 issues — near (gap 1), found by 'Valerian and Laureline By...' (own spelling); invisible before TODO 30
S20877	g	provider-missing: CV 95060 "Valerian and Laureline" 2016 Europe Comics 9 issues — far (gap 2), found by 'Valerian and Laureline' (via CV candidate name "Valerian and Laureline"); invisible before TODO 30
S20877	g	provider-missing: CV 48628 "Valerian and Laureline" 2010 Cinebook 23 issues — far (gap 8), found by 'Valerian and Laureline' (via CV candidate name "Valerian and Laureline"); invisible before TODO 30
S20906	g	S cv=-: CV 89393 "Vampirella/Army of Darkness" 2016 Dynamite Entertainment 1 issues — near (gap 0), found by 'Vampirella - Army of Darkness' (own spelling); invisible before TODO 30
S20906	g	S cv=-: CV 83169 "Vampirella/Army of Darkness" 2015 Dynamite Entertainment 4 issues — near (gap 1), found by 'Vampirella - Army of Darkness' (own spelling); invisible before TODO 30
S20906	g	S cv=-: CV 78049 "Army of Darkness" 2014 Dynamite Entertainment 1 issues — far (gap 2), found by 'Army of Darkness' (via CV candidate name "Army of Darkness"); invisible before TODO 30
S20906	g	S cv=-: CV 78551 "Army of Darkness" 2014 Dynamite Entertainment 5 issues — far (gap 2), found by 'Army of Darkness' (via CV candidate name "Army of Darkness"); invisible before TODO 30
S20906	g	S cv=-: CV 45874 "Army of Darkness" 2012 Dynamite Entertainment 13 issues — far (gap 4), found by 'Army of Darkness' (via CV candidate name "Army of Darkness"); invisible before TODO 30
S20906	g	S cv=-: CV 19006 "Army of Darkness" 2007 Dynamite Entertainment 27 issues — far (gap 9), found by 'Army of Darkness' (via CV candidate name "Army of Darkness"); invisible before TODO 30
S20914	g	provider-missing: CV 123115 "The Art of Vampirella 50th Anniversary Poster Book" 2019 Dynamite Entertainment 1 issues — far (gap 3), found by 'The Art of Vampirella 50th Anniversary Poster Book' (via CV candidate name "The Art of Vampirella 50th Anniversary Poster Book"); invisible before TODO 30
S20916	g	provider-missing: CV 77249 "The Art of Vampirella: The Dynamite Years" 2014 Dynamite Entertainment 1 issues — near (gap 0), found by 'The Art of Vampirella: The Dynamite Years' (via CV candidate name "The Art of Vampirella: The Dynamite Years"); invisible before TODO 30
S20920	g	provider-missing: CV 105778 "Vampirella: The Dynamite Years Omnibus" 2017 Dynamite Entertainment 4 issues — far (gap 7), found by 'Vampirella: The Dynamite Years Omnibus' (via CV candidate name "Vampirella: The Dynamite Years Omnibus"); invisible before TODO 30
S20920	g	provider-missing: CV 77249 "The Art of Vampirella: The Dynamite Years" 2014 Dynamite Entertainment 1 issues — far (gap 10), found by 'The Art of Vampirella: The Dynamite Years' (via CV candidate name "The Art of Vampirella: The Dynamite Years"); invisible before TODO 30
S20921	g	provider-missing: CV 105778 "Vampirella: The Dynamite Years Omnibus" 2017 Dynamite Entertainment 4 issues — far (gap 2), found by 'Vampirella: The Dynamite Years Omnibus' (via CV candidate name "Vampirella: The Dynamite Years Omnibus"); invisible before TODO 30
S20921	g	provider-missing: CV 77249 "The Art of Vampirella: The Dynamite Years" 2014 Dynamite Entertainment 1 issues — far (gap 5), found by 'The Art of Vampirella: The Dynamite Years' (via CV candidate name "The Art of Vampirella: The Dynamite Years"); invisible before TODO 30
S20923	g	provider-missing: CV 105778 "Vampirella: The Dynamite Years Omnibus" 2017 Dynamite Entertainment 4 issues — far (gap 5), found by 'Vampirella: The Dynamite Years Omnibus' (via CV candidate name "Vampirella: The Dynamite Years Omnibus"); invisible before TODO 30
S20923	g	provider-missing: CV 77249 "The Art of Vampirella: The Dynamite Years" 2014 Dynamite Entertainment 1 issues — far (gap 8), found by 'The Art of Vampirella: The Dynamite Years' (via CV candidate name "The Art of Vampirella: The Dynamite Years"); invisible before TODO 30
S20924	g	provider-missing: CV 126114 "Prey for the Sinner" 2019 Counterpoint Entertainment 6 issues — far (gap 2), found by 'Prey for the Sinner' (via CV candidate name "Prey for the Sinner"); invisible before TODO 30
S20976	g	provider-missing: CV 137927 "Vanquished: Be A {Wo}man" 2021 AAM/Markosia 11 issues — far (gap 2), found by 'Vanquished: Be A {Wo}man' (via CV candidate name "Vanquished: Be A {Wo}man"); invisible before TODO 30
S21031	g	S cv=-+provider-missing: CV 108582 "Deadpool By Daniel Way: The Complete Collection" 2018 Marvel 2 issues — near (gap 0), found by 'Deadpool By Daniel Way: The Complete Collection' (via CV name "Deadpool By Daniel Way: The Complete Collection"); invisible before TODO 30
S21031	g	S cv=-+provider-missing: CV 117684 "Venom by Cullen Bunn: The Complete Collection" 2018 Marvel 1 issues — near (gap 0), found by 'Venom by Cullen Bunn: The Complete Collection' (via CV candidate name "Venom by Cullen Bunn: The Complete Collection"); invisible before TODO 30
S21031	g	S cv=-+provider-missing: CV 65431 "Deadpool By Daniel Way: The Complete Collection" 2013 Marvel 4 issues — far (gap 5), found by 'Deadpool By Daniel Way: The Complete Collection' (via CV name "Deadpool By Daniel Way: The Complete Collection"); invisible before TODO 30
S21057	g	S cv=-+provider-missing: CV 46273 "The Best of Drawn & Quarterly" 1993 Drawn & Quarterly 1 issues — far (gap 31), found by 'The Best of Drawn & Quarterly' (via CV candidate name "The Best of Drawn & Quarterly"); invisible before TODO 30
S21102	g	provider-missing: CV 111565 "J.A.W. Cooper Art Book: Viscera" 2018 Flesk Publications 1 issues — far (gap 6), found by 'J.A.W. Cooper Art Book: Viscera' (via CV candidate name "J.A.W. Cooper Art Book: Viscera"); invisible before TODO 30
S21102	g	provider-missing: CV 52426 "Halo and Sprocket" 2003 SLG Publishing 1 issues — far (gap 21), found by 'Halo and Sprocket' (via CV candidate name "Halo and Sprocket"); invisible before TODO 30
S21102	g	provider-missing: CV 38628 "Halo and Sprocket" 2002 SLG Publishing 5 issues — far (gap 22), found by 'Halo and Sprocket' (via CV candidate name "Halo and Sprocket"); invisible before TODO 30
S21163	g	provider-missing: CV 83473 "Trinity of Sin: The Wages of Sin" 2015 DC Comics 1 issues — far (gap 6), found by 'Trinity of Sin: The Wages of Sin' (via CV candidate name "Trinity of Sin: The Wages of Sin"); invisible before TODO 30
S21163	g	provider-missing: CV 83775 "The Wages of Sin!: "Genesis" The Birth Of A Comic Strip" 2015 Hound Comics 1 issues — far (gap 6), found by 'The Wages of Sin!: "Genesis" The Birth Of A Comic Strip' (via CV candidate name "The Wages of Sin!: "Genesis" The Birth Of A Comic Strip"); invisible before TODO 30
S21163	g	provider-missing: CV 75748 "Street Fighter IV: Wages of Sin" 2014 UDON 1 issues — far (gap 7), found by 'Street Fighter IV: Wages of Sin' (via CV candidate name "Street Fighter IV: Wages of Sin"); invisible before TODO 30
S21166	g	S cv=-+provider-missing: CV 112733 "The Ghost Script: A Graphic Novel" 2018 Liveright 1 issues — far (gap 4), found by 'The Ghost Script: A Graphic Novel' (via CV candidate name "The Ghost Script: A Graphic Novel"); invisible before TODO 30
S21166	g	S cv=-+provider-missing: CV 115623 "Bangalore: A Graphic Novel: Every City Is A Story" 2018 Syenagiri 1 issues — far (gap 4), found by 'Bangalore: A Graphic Novel: Every City Is A Story' (via CV candidate name "Bangalore: A Graphic Novel: Every City Is A Story"); invisible before TODO 30
S21191	g	S cv=-: CV 41487 "Walt Disney The Best of Uncle Scrooge and Donald Duck" 1966 Western Publishing 1 issues — far (gap 48), found by 'Walt Disney The Best of Uncle Scrooge and Donald Duck' (via CV candidate name "Walt Disney The Best of Uncle Scrooge and Donald Duck"); invisible before TODO 30
S21192	g	S cv=-: CV 73601 "Walt Disney Uncle Scrooge and Donald Duck: A Matter of Some Gravity" 2014 Fantagraphics 1 issues — near (gap 1), found by 'Walt Disney Uncle Scrooge and Donald Duck: A Matter of Some Gravity' (via CV candidate name "Walt Disney Uncle Scrooge and Donald Duck: A Matter of Some Gravity"); invisible before TODO 30
S21262	g	S cv=-+provider-missing: CV 19669 "World of Warcraft" 2007 DC Comics 26 issues — far, found by 'World of Warcraft' (via GCD name "World of Warcraft"); invisible before TODO 30
S21262	g	S cv=-+provider-missing: CV 61410 "World of Warcraft" 2011 Comix-Art 2 issues — far, found by 'World of Warcraft' (via GCD name "World of Warcraft"); invisible before TODO 30
S21262	g	S cv=-+provider-missing: CV 62211 "World of Warcraft" 2008 Panini Verlag 10 issues — far, found by 'World of Warcraft' (via GCD name "World of Warcraft"); invisible before TODO 30
S21262	g	S cv=-+provider-missing: CV 70150 "World of Warcraft" 2008 DC Comics 4 issues — far, found by 'World of Warcraft' (via GCD name "World of Warcraft"); invisible before TODO 30
S21262	g	S cv=-+provider-missing: CV 111270 "World of Warcraft" 2018 Blizzard Entertainment 3 issues — far, found by 'World of Warcraft' (via GCD name "World of Warcraft"); invisible before TODO 30
S21262	g	S cv=-+provider-missing: CV 131017 "World of Warcraft: Comic Collection" 2020 Blizzard Entertainment 1 issues — far, found by 'World of Warcraft: Comic Collection' (via CV candidate name "World of Warcraft: Comic Collection"); invisible before TODO 30
S21309	g	S cv=-+provider-missing: CV 130919 "Long Way Down: The Graphic Novel" 2020 Simon and Schuster 1 issues — far (gap 3), found by 'Long Way Down: The Graphic Novel' (via CV candidate name "Long Way Down: The Graphic Novel"); invisible before TODO 30
S21321	g	provider-missing: CV 126263 "Disney Wish: The Graphic Novel" 2024 Random House 1 issues — far (gap 8), found by 'Disney Wish: The Graphic Novel' (via CV candidate name "Disney Wish: The Graphic Novel"); invisible before TODO 30
S21352	g	S cv=-+provider-missing: CV 125544 "Just a" 2020 self published 1 issues — far (gap 3), found by 'Just a' (via CV candidate name "Just a"); invisible before TODO 30
S21355	g	provider-missing: CV 60065 "Age of Apocalypse: Weapon Omega" 2013 Marvel 1 issues — far (gap 5), found by 'Age of Apocalypse: Weapon Omega' (via CV candidate name "Age of Apocalypse: Weapon Omega"); invisible before TODO 30
S21420	g	provider-missing: CV 89525 "Welcome to the Dahl House" 2016 Microcosm Publishing 1 issues — far (gap 8), found by 'Welcome to the Dahl House' (via CV candidate name "Welcome to the Dahl House"); invisible before TODO 30
S21568	g	provider-missing: CV 52426 "Halo and Sprocket" 2003 SLG Publishing 1 issues — far (gap 21), found by 'Halo and Sprocket' (via CV candidate name "Halo and Sprocket"); invisible before TODO 30
S21568	g	provider-missing: CV 38628 "Halo and Sprocket" 2002 SLG Publishing 5 issues — far (gap 22), found by 'Halo and Sprocket' (via CV candidate name "Halo and Sprocket"); invisible before TODO 30
S21591	g	provider-missing: CV 61639 "Realm of the Claw" 2003 Image 3 issues — far (gap 15), found by 'Realm of the Claw' (via CV candidate name "Realm of the Claw"); invisible before TODO 30
S21640	g	S cv=-+provider-missing: CV 142024 "The Me You Love In The Dark" 2022 Image 1 issues — near (gap 1), found by 'The Me You Love In The Dark' (via CV candidate name "The Me You Love In The Dark"); invisible before TODO 30
S21640	g	S cv=-+provider-missing: CV 145571 "The Me you Love in the Dark " 2022 Splitter 1 issues — near (gap 1), found by 'The Me You Love In The Dark' (via CV candidate name "The Me You Love In The Dark"); invisible before TODO 30
S21640	g	S cv=-+provider-missing: CV 138055 "The Me You Love in the Dark" 2021 Image 5 issues — far (gap 2), found by 'The Me You Love In The Dark' (via CV candidate name "The Me You Love In The Dark"); invisible before TODO 30
S21681	g	S cv=-+provider-missing: CV 82133 "Will Eisner: A Spirited Life Deluxe Edition" 2015 TwoMorrows Publishing 1 issues — far (gap 10), found by 'Will Eisner: A Spirited Life Deluxe Edition' (via CV candidate name "Will Eisner: A Spirited Life Deluxe Edition"); invisible before TODO 30
S21681	g	S cv=-+provider-missing: CV 165610 "Will Eisner – A Comics Biography" 2025 NBM 1 issues — far (gap 20), found by 'Will Eisner – A Comics Biography' (via CV candidate name "Will Eisner – A Comics Biography"); invisible before TODO 30
S21694	g	S cv=-: CV 88957 "Superman: The Golden Age" 2016 DC Comics 5 issues — far (gap 3), found by 'Superman: The Golden Age' (via CV candidate name "Superman: The Golden Age"); invisible before TODO 30
S21699	g	S cv=-: CV 117477 "William the Last: Flight & Fight" 2019 Guardian Knight Studios 4 issues — near (gap 1), found by 'William the Last: Flight & Fight' (via CV candidate name "William the Last: Flight & Fight"); invisible before TODO 30
S21699	g	S cv=-: CV 118403 "William the Last" 2019 Guardian Knight Studios 1 issues — near (gap 1), found by 'William the Last' (own spelling); invisible before TODO 30
S21699	g	S cv=-: CV 121002 "William the Last: Shadow of the Crown" 2019 Guardian Knight Studios 5 issues — near (gap 1), found by 'William the Last: Shadow of the Crown' (own spelling); invisible before TODO 30
S21699	g	S cv=-: CV 130693 "William the Last: Flight & Fight" 2020 Antarctic Press 1 issues — far (gap 2), found by 'William the Last: Flight & Fight' (via CV candidate name "William the Last: Flight & Fight"); invisible before TODO 30
S21710	g	S cv=-+provider-missing: CV 58456 "The Last Convert of John Harper" 2013 Kingstone Comics 1 issues — far (gap 9), found by 'The Last Convert of John Harper' (via CV candidate name "The Last Convert of John Harper"); invisible before TODO 30
S21713	g	provider-missing: CV 116617 "Wings of War: Eagle" 2019 Europe Comics 4 issues — near (gap 0), found by 'Wings of War: Eagle' (via CV candidate name "Wings of War: Eagle"); invisible before TODO 30
S21714	g	provider-missing: CV 116616 "Wings of War: Adler" 2019 Europe Comics 4 issues — near (gap 0), found by 'Wings of War: Adler' (via CV candidate name "Wings of War: Adler"); invisible before TODO 30
S21759	g	provider-missing: CV 3518 "Wally the Wizard" 1985 Marvel 12 issues — far (gap 14), found by 'Wally the Wizard' (via CV candidate name "Wally the Wizard"); invisible before TODO 30
S21787	g	provider-missing: CV 37097 "Wolverine: The Best There Is" 2011 Marvel 12 issues — near (gap 1), found by 'Wolverine: The Best There Is' (via GCD name "Wolverine: The Best There Is"); invisible before TODO 30
S21787	g	provider-missing: CV 38031 "Wolverine: The Best There Is" 2002 Marvel 1 issues — far (gap 8), found by 'Wolverine: The Best There Is' (via GCD name "Wolverine: The Best There Is"); invisible before TODO 30
S21855	g	S cv=-: CV 86412 "Wolverine Epic Collection: The Dying Game" 2015 Marvel 1 issues — near (gap 0), found by 'Wolverine Epic Collection: The Dying Game' (own spelling); invisible before TODO 30
S21855	g	S cv=-: CV 151521 "Wolverine Epic Collection: To the Bone" 2023 Marvel 1 issues — far (gap 8), found by 'Wolverine Epic Collection: To the Bone' (via CV candidate name "Wolverine Epic Collection: To the Bone"); invisible before TODO 30
S21855	g	S cv=-: CV 163033 "Wolverine Epic Collection: Law of the Jungle" 2025 Marvel 1 issues — far (gap 10), found by 'Wolverine Epic Collection: Law of the Jungle' (via CV candidate name "Wolverine Epic Collection: Law of the Jungle"); invisible before TODO 30
S21864	g	provider-missing: CV 120261 "Wolverine: The Long Night" 2019 Marvel 1 issues — far (gap 10), found by 'Wolverine: The Long Night' (via CV candidate name "Wolverine: The Long Night"); invisible before TODO 30
S21889	g	provider-missing: CV 99881 "Wolverine vs. The Marvel Universe" 2017 Marvel 1 issues — far, found by 'Wolverine vs. The Marvel Universe' (via CV candidate name "Wolverine vs. The Marvel Universe"); invisible before TODO 30
S21936	g	provider-missing: CV 67764 "Wolves of Summer" 2013 Alterna Comics 1 issues — near (gap 0), found by 'Wolves of Summer' (own spelling); invisible before TODO 30
S21936	g	provider-missing: CV 72614 "Wolves of Summer" 2014 Alterna Comics 1 issues — near (gap 1), found by 'Wolves of Summer' (own spelling); invisible before TODO 30
S21936	g	provider-missing: CV 75635 "Wolves of Summer" 2014 Alterna Comics 1 issues — near (gap 1), found by 'Wolves of Summer' (own spelling); invisible before TODO 30
S21961	g	provider-missing: CV 146595 "Wonder Woman: Agent of Peace" 2022 DC Comics 1 issues — far (gap 2), found by 'Wonder Woman: Agent of Peace' (own spelling); invisible before TODO 30
S21962	g	provider-missing: CV 94462 "Wonder Woman: The True Amazon" 2016 DC Comics 1 issues — near (gap 0), found by 'Wonder Woman: The True Amazon' (via CV candidate name "Wonder Woman: The True Amazon"); invisible before TODO 30
S21962	g	provider-missing: CV 138903 "Wonder Woman: 80 Years of the Amazon Warrior: The Deluxe Edition" 2021 DC Comics 1 issues — far (gap 5), found by 'Wonder Woman: 80 Years of the Amazon Warrior: The Deluxe Edition' (via CV candidate name "Wonder Woman: 80 Years of the Amazon Warrior: The Deluxe Edition"); invisible before TODO 30
S21962	g	provider-missing: CV 32930 "Wonder Woman: The Blue Amazon" 2003 DC Comics 1 issues — far (gap 13), found by 'Wonder Woman: The Blue Amazon' (via CV candidate name "Wonder Woman: The Blue Amazon"); invisible before TODO 30
S21995	g	provider-missing: CV 114102 "Wonder Woman and Justice League Dark: The Witching Hour" 2018 DC Comics 1 issues — near (gap 1), found by 'Wonder Woman and Justice League Dark: The Witching Hour' (via CV candidate name "Wonder Woman and Justice League Dark: The Witching Hour"); invisible before TODO 30
S21995	g	provider-missing: CV 114893 "Justice League Dark and Wonder Woman: The Witching Hour" 2018 DC Comics 1 issues — near (gap 1), found by 'Justice League Dark and Wonder Woman: The Witching Hour' (via CV candidate name "Justice League Dark and Wonder Woman: The Witching Hour"); invisible before TODO 30
S21995	g	provider-missing: CV 118654 "Wonder Woman and Justice League Dark: The Witching Hour" 2019 DC Comics 1 issues — far (gap 2), found by 'Wonder Woman and Justice League Dark: The Witching Hour' (via CV candidate name "Wonder Woman and Justice League Dark: The Witching Hour"); invisible before TODO 30
S22001	g	S cv=-: CV 147365 "Tales of The Amazons" 2022 DC Comics 1 issues — near (gap 0), found by 'Tales of the Amazons' (via CV name "Tales of the Amazons"); invisible before TODO 30
S22001	g	S cv=-: CV 42160 "DC Retroactive: Wonder Woman - The '90s" 2011 DC Comics 1 issues — far (gap 11), found by 'DC Retroactive: Wonder Woman - The '90s' (via CV candidate name "DC Retroactive: Wonder Woman - The '90s"); invisible before TODO 30
S22001	g	S cv=-: CV 28296 "Tales of the Amazons" 1981 Murray Comics 1 issues — far (gap 41), found by 'Tales of the Amazons' (via CV name "Tales of the Amazons"); invisible before TODO 30
S22002	g	provider-missing: CV 41400 "DC Retroactive: Wonder Woman - The '70s" 2011 DC Comics 1 issues — far (gap 12), found by 'DC Retroactive: Wonder Woman - The '70s' (via CV candidate name "DC Retroactive: Wonder Woman - The '70s"); invisible before TODO 30
S22002	g	provider-missing: CV 41621 "DC Retroactive: Wonder Woman - The '80s" 2011 DC Comics 1 issues — far (gap 12), found by 'DC Retroactive: Wonder Woman - The '80s' (via CV candidate name "DC Retroactive: Wonder Woman - The '80s"); invisible before TODO 30
S22002	g	provider-missing: CV 42160 "DC Retroactive: Wonder Woman - The '90s" 2011 DC Comics 1 issues — far (gap 12), found by 'DC Retroactive: Wonder Woman - The '90s' (via CV candidate name "DC Retroactive: Wonder Woman - The '90s"); invisible before TODO 30
S22025	g	provider-missing: CV 152064 "Star Wars Storyboards: The Original Trilogy" ? Harry N. Abrams 1 issues — far, found by 'Star Wars Storyboards: The Original Trilogy' (via CV candidate name "Star Wars Storyboards: The Original Trilogy"); invisible before TODO 30
S22032	g	S cv=-+provider-missing: CV 46273 "The Best of Drawn & Quarterly" 1993 Drawn & Quarterly 1 issues — far (gap 30), found by 'The Best of Drawn & Quarterly' (via CV candidate name "The Best of Drawn & Quarterly"); invisible before TODO 30
S22064	g	S cv=-+provider-missing: CV 19669 "World of Warcraft" 2007 DC Comics 26 issues — far, found by 'World of Warcraft' (via CV candidate name "World of Warcraft"); invisible before TODO 30
S22064	g	S cv=-+provider-missing: CV 61410 "World of Warcraft" 2011 Comix-Art 2 issues — far, found by 'World of Warcraft' (via CV candidate name "World of Warcraft"); invisible before TODO 30
S22064	g	S cv=-+provider-missing: CV 62211 "World of Warcraft" 2008 Panini Verlag 10 issues — far, found by 'World of Warcraft' (via CV candidate name "World of Warcraft"); invisible before TODO 30
S22064	g	S cv=-+provider-missing: CV 70150 "World of Warcraft" 2008 DC Comics 4 issues — far, found by 'World of Warcraft' (via CV candidate name "World of Warcraft"); invisible before TODO 30
S22064	g	S cv=-+provider-missing: CV 111270 "World of Warcraft" 2018 Blizzard Entertainment 3 issues — far, found by 'World of Warcraft' (via CV candidate name "World of Warcraft"); invisible before TODO 30
S22065	g	S cv=-+provider-missing: CV 19669 "World of Warcraft" 2007 DC Comics 26 issues — far, found by 'World of Warcraft' (via CV candidate name "World of Warcraft"); invisible before TODO 30
S22065	g	S cv=-+provider-missing: CV 61410 "World of Warcraft" 2011 Comix-Art 2 issues — far, found by 'World of Warcraft' (via CV candidate name "World of Warcraft"); invisible before TODO 30
S22065	g	S cv=-+provider-missing: CV 62211 "World of Warcraft" 2008 Panini Verlag 10 issues — far, found by 'World of Warcraft' (via CV candidate name "World of Warcraft"); invisible before TODO 30
S22065	g	S cv=-+provider-missing: CV 70150 "World of Warcraft" 2008 DC Comics 4 issues — far, found by 'World of Warcraft' (via CV candidate name "World of Warcraft"); invisible before TODO 30
S22065	g	S cv=-+provider-missing: CV 111270 "World of Warcraft" 2018 Blizzard Entertainment 3 issues — far, found by 'World of Warcraft' (via CV candidate name "World of Warcraft"); invisible before TODO 30
S22066	g	S cv=-+provider-missing: CV 19669 "World of Warcraft" 2007 DC Comics 26 issues — far, found by 'World of Warcraft' (via CV candidate name "World of Warcraft"); invisible before TODO 30
S22066	g	S cv=-+provider-missing: CV 61410 "World of Warcraft" 2011 Comix-Art 2 issues — far, found by 'World of Warcraft' (via CV candidate name "World of Warcraft"); invisible before TODO 30
S22066	g	S cv=-+provider-missing: CV 62211 "World of Warcraft" 2008 Panini Verlag 10 issues — far, found by 'World of Warcraft' (via CV candidate name "World of Warcraft"); invisible before TODO 30
S22066	g	S cv=-+provider-missing: CV 70150 "World of Warcraft" 2008 DC Comics 4 issues — far, found by 'World of Warcraft' (via CV candidate name "World of Warcraft"); invisible before TODO 30
S22066	g	S cv=-+provider-missing: CV 111270 "World of Warcraft" 2018 Blizzard Entertainment 3 issues — far, found by 'World of Warcraft' (via CV candidate name "World of Warcraft"); invisible before TODO 30
S22067	g	S cv=-+provider-missing: CV 19669 "World of Warcraft" 2007 DC Comics 26 issues — far, found by 'World of Warcraft' (via CV candidate name "World of Warcraft"); invisible before TODO 30
S22067	g	S cv=-+provider-missing: CV 61410 "World of Warcraft" 2011 Comix-Art 2 issues — far, found by 'World of Warcraft' (via CV candidate name "World of Warcraft"); invisible before TODO 30
S22067	g	S cv=-+provider-missing: CV 62211 "World of Warcraft" 2008 Panini Verlag 10 issues — far, found by 'World of Warcraft' (via CV candidate name "World of Warcraft"); invisible before TODO 30
S22067	g	S cv=-+provider-missing: CV 70150 "World of Warcraft" 2008 DC Comics 4 issues — far, found by 'World of Warcraft' (via CV candidate name "World of Warcraft"); invisible before TODO 30
S22067	g	S cv=-+provider-missing: CV 111270 "World of Warcraft" 2018 Blizzard Entertainment 3 issues — far, found by 'World of Warcraft' (via CV candidate name "World of Warcraft"); invisible before TODO 30
S22069	g	provider-missing: CV 111270 "World of Warcraft" 2018 Blizzard Entertainment 3 issues — far (gap 2), found by 'World of Warcraft' (via CV candidate name "World of Warcraft"); invisible before TODO 30
S22069	g	provider-missing: CV 61410 "World of Warcraft" 2011 Comix-Art 2 issues — far (gap 5), found by 'World of Warcraft' (via CV candidate name "World of Warcraft"); invisible before TODO 30
S22069	g	provider-missing: CV 62211 "World of Warcraft" 2008 Panini Verlag 10 issues — far (gap 8), found by 'World of Warcraft' (via CV candidate name "World of Warcraft"); invisible before TODO 30
S22069	g	provider-missing: CV 70150 "World of Warcraft" 2008 DC Comics 4 issues — far (gap 8), found by 'World of Warcraft' (via CV candidate name "World of Warcraft"); invisible before TODO 30
S22069	g	provider-missing: CV 19669 "World of Warcraft" 2007 DC Comics 26 issues — far (gap 9), found by 'World of Warcraft' (via CV candidate name "World of Warcraft"); invisible before TODO 30
S22094	g	provider-missing: CV 23469 "In The Blood" 2006 Boom! Studios 1 issues — far (gap 15), found by 'In The Blood' (via CV candidate name "In The Blood"); invisible before TODO 30
S22095	g	provider-missing: CV 46535 "Writer's Block, The Magazine of Comics Writing" 2001 Beyond Comics Inc. 1 issues — far (gap 2), found by 'Writer's Block, The Magazine of Comics Writing' (via CV candidate name "Writer's Block, The Magazine of Comics Writing"); invisible before TODO 30
S22179	g	provider-missing: CV 54644 "Cable and X-Force" 2013 Marvel 19 issues — far (gap 18), found by 'Cable and X-Force' (via CV name "Cable and X-Force"); invisible before TODO 30
S22179	g	provider-missing: CV 66593 "Cable and X-Force" 2013 Panini Verlag 5 issues — far (gap 18), found by 'Cable and X-Force' (via CV name "Cable and X-Force"); invisible before TODO 30
S22282	g	provider-missing: CV 119765 "New X-Men: The Quest For Magik: The Complete Collection" 2019 Marvel 1 issues — far (gap 19), found by 'New X-Men: The Quest For Magik - The Complete Collection' (own spelling); invisible before TODO 30
S22318	g	provider-missing: CV 18136 "X-Men: The 198 Files" 2006 Marvel 1 issues — far (gap 12), found by 'X-Men: The 198 Files' (via CV candidate name "X-Men: The 198 Files"); invisible before TODO 30
S22318	g	provider-missing: CV 32241 "X-Men The Unlikely Saga of Xavier, Magneto and Stan" 2006 Marvel 1 issues — far (gap 12), found by 'X-Men The Unlikely Saga of Xavier, Magneto and Stan' (via CV candidate name "X-Men The Unlikely Saga of Xavier, Magneto and Stan"); invisible before TODO 30
S22429	g	provider-missing: CV 39156 "X-Men Visionaries 2: The Neal Adams Collection" 1996 Marvel 1 issues — far (gap 23), found by 'X-Men Visionaries 2: The Neal Adams Collection' (via CV candidate name "X-Men Visionaries 2: The Neal Adams Collection"); invisible before TODO 30
S22458	g	provider-missing: CV 39210 "X-Men: Curse of the Mutants" 2011 Marvel 1 issues — near (gap 0), found by 'X-Men: Curse of the Mutants' (via CV candidate name "X-Men: Curse of the Mutants"); invisible before TODO 30
S22458	g	provider-missing: CV 42964 "X-Men: Curse of Mutants" 2011 Marvel 1 issues — near (gap 0), found by 'X-Men: Curse of Mutants' (via CV candidate name "X-Men: Curse of Mutants"); invisible before TODO 30
S22466	g	provider-missing: CV 30749 "X-Men: The End Trilogy" 2009 Marvel 1 issues — far (gap 5), found by 'X-Men: The End Trilogy' (via CV candidate name "X-Men: The End Trilogy"); invisible before TODO 30
S22478	g	provider-missing: CV 89513 "From The Ashes" 2016 Insane Comics 2 issues — far (gap 8), found by 'From the Ashes' (via CV candidate name "From the Ashes"); invisible before TODO 30
S22478	g	provider-missing: CV 121675 "From the Ashes" 2010 IDW Publishing 1 issues — far (gap 14), found by 'From the Ashes' (via CV candidate name "From the Ashes"); invisible before TODO 30
S22478	g	provider-missing: CV 8250 "From the Ashes" 2009 IDW Publishing 6 issues — far (gap 15), found by 'From the Ashes' (via CV candidate name "From the Ashes"); invisible before TODO 30
S22478	g	provider-missing: CV 30242 "The Uncanny X-Men: From the Ashes..." 1990 Marvel 1 issues — far (gap 34), found by 'The Uncanny X-Men: From the Ashes...' (via CV candidate name "The Uncanny X-Men: From the Ashes..."); invisible before TODO 30
S22490	g	provider-missing: CV 93315 "Best of Marvel. X-Men" 2005 Panini España 1 issues — far (gap 15), found by 'Best of Marvel. X-Men' (via CV candidate name "Best of Marvel. X-Men"); invisible before TODO 30
S22493	g	provider-missing: CV 167346 "X-Men: Age of Krakoa – Dawn of X Omnibus" 2025 Marvel 1 issues — far (gap 5), found by 'X-Men: Age of Krakoa – Dawn of X Omnibus' (via CV candidate name "X-Men: Age of Krakoa – Dawn of X Omnibus"); invisible before TODO 30
S22519	g	S cv=-: CV 123419 "X-Men: Reload By Chris Claremont: House of M" 2019 Marvel 1 issues — near (gap 0), found by 'X-Men: Reload By Chris Claremont: House of M' (via CV candidate name "X-Men: Reload By Chris Claremont: House of M"); invisible before TODO 30
S22519	g	S cv=-: CV 116089 "X-Men: Reload by Chris Claremont: The End of History" 2018 Marvel 1 issues — near (gap 1), found by 'X-Men: Reload by Chris Claremont: The End of History' (via CV candidate name "X-Men: Reload by Chris Claremont: The End of History"); invisible before TODO 30
S22548	g	S cv=-: CV 141831 "X-Men: The Trial of Magneto" 2022 Marvel 1 issues — near (gap 0), found by 'X-Men: The Trial Of Magneto' (own spelling); invisible before TODO 30
S22548	g	S cv=-: CV 138343 "X-Men: The Trial of Magneto" 2021 Marvel 5 issues — near (gap 1), found by 'X-Men: The Trial Of Magneto' (own spelling); invisible before TODO 30
S22548	g	S cv=-: CV 122502 "X-Men: Trial of the Juggernaut" 2019 Marvel 1 issues — far (gap 3), found by 'X-Men: Trial of the Juggernaut' (via CV candidate name "X-Men: Trial of the Juggernaut"); invisible before TODO 30
S22548	g	S cv=-: CV 114280 "X-Men: The Magneto War" 2018 Marvel 1 issues — far (gap 4), found by 'X-Men: The Magneto War' (via CV candidate name "X-Men: The Magneto War"); invisible before TODO 30
S22548	g	S cv=-: CV 92400 "X-Men: The Trial of Gambit" 2016 Marvel 1 issues — far (gap 6), found by 'X-Men: The Trial of Gambit' (via CV candidate name "X-Men: The Trial of Gambit"); invisible before TODO 30
S22575	g	provider-missing: CV 95849 "X-O Manowar: Long Live the King" 2016 DMG/Valiant Entertainment 1 issues — far (gap 24), found by 'X-O Manowar - Long Live the King' (own spelling); invisible before TODO 30
S22575	g	provider-missing: CV 97929 "X-O Manowar: Succession and Other Tales" 2017 DMG/Valiant Entertainment 1 issues — far (gap 25), found by 'X-O Manowar - Succession and Other Tales' (own spelling); invisible before TODO 30
S22591	g	S cv=-: CV 54475 "X-O Manowar: By the Sword" 2012 DMG/Valiant Entertainment 1 issues — near (gap 1), found by 'X-O Manowar: By the Sword' (via CV candidate name "X-O Manowar: By the Sword"); invisible before TODO 30
S22663	g	provider-missing: CV 30637 "Yoshitaka Amano: The Collected Art of Vampire Hunter D" 2007 Dark Horse Comics 1 issues — far (gap 11), found by 'Yoshitaka Amano: The Collected Art of Vampire Hunter D' (via CV candidate name "Yoshitaka Amano: The Collected Art of Vampire Hunter D"); invisible before TODO 30
S22674	g	provider-missing: CV 162102 "You Won't Feel a Thing" 2025 DSTLRY 1 issues — near (gap 1), found by 'You Won't Feel a Thing' (via CV name "You Won't Feel a Thing"); invisible before TODO 30
S22741	g	provider-missing: CV 107752 "The World Book of Records" 2018 Europe Comics 1 issues — far (gap 2), found by 'The World Book of Records' (via CV candidate name "The World Book of Records"); invisible before TODO 30
S22743	g	provider-missing: CV 127976 "Manga! Manga! The World of Japanese Comics" 1983 Kodansha International 1 issues — far, found by 'Manga! Manga! The World of Japanese Comics' (via CV candidate name "Manga! Manga! The World of Japanese Comics"); invisible before TODO 30
S22774	g	provider-missing: CV 166011 "Zatanna & The Ripper" 2023 DC Comics 4 issues — near (gap 1), found by 'Zatanna & the Ripper' (own spelling); invisible before TODO 30
S22789	g	S cv=-+provider-missing: CV 71478 "Jack Kamen: Zero Hour and Other Stories" 2014 Fantagraphics 1 issues — near (gap 0), found by 'Jack Kamen: Zero Hour and Other Stories' (via CV candidate name "Jack Kamen: Zero Hour and Other Stories"); invisible before TODO 30
S22789	g	S cv=-+provider-missing: CV 71874 "Jack Kamen: Zero Hour and Other Stories" 2014 Fantagraphics 3 issues — near (gap 0), found by 'Jack Kamen: Zero Hour and Other Stories' (via CV candidate name "Jack Kamen: Zero Hour and Other Stories"); invisible before TODO 30
S22858	g	provider-missing: CV 126019 "American Mythology Archives Presents Lauren and Hardy 1972" 2020 American Mythology Productions 1 issues — far (gap 2), found by 'American Mythology Archives Presents Lauren and Hardy 1972' (via CV candidate name "American Mythology Archives Presents Lauren and Hardy 1972"); invisible before TODO 30
S22904	g	S cv=-+provider-missing: CV 103452 "The Strange Case of Edward Gorey" 2011 Fantagraphics 1 issues — far, found by 'The Strange Case of Edward Gorey' (via CV candidate name "The Strange Case of Edward Gorey"); invisible before TODO 30
S22910	g	S cv=-: CV 36721 "Green Lantern Corps: To Be A Lantern" 2007 DC Comics 1 issues — far, found by 'Green Lantern Corps: To Be A Lantern' (via CV candidate name "Green Lantern Corps: To Be A Lantern"); invisible before TODO 30
S22910	g	S cv=-: CV 42850 "Green Lantern Corps: The Weaponer" 2011 DC Comics 1 issues — far, found by 'Green Lantern Corps: The Weaponer' (via CV candidate name "Green Lantern Corps: The Weaponer"); invisible before TODO 30
S22933	g	provider-missing: CV 46273 "The Best of Drawn & Quarterly" 1993 Drawn & Quarterly 1 issues — far, found by 'The Best of Drawn & Quarterly' (via CV candidate name "The Best of Drawn & Quarterly"); invisible before TODO 30
S22934	g	S cv=-+provider-missing: CV 46273 "The Best of Drawn & Quarterly" 1993 Drawn & Quarterly 1 issues — far (gap 30), found by 'The Best of Drawn & Quarterly' (via CV candidate name "The Best of Drawn & Quarterly"); invisible before TODO 30
S22937	g	provider-missing: CV 164640 "Mœbius Library: The Major" 2024 Dark Horse Comics 1 issues — far (gap 6), found by 'Mœbius Library: The Major' (via CV candidate name "Mœbius Library: The Major"); invisible before TODO 30
S22974	g	S cv=-+provider-missing: CV 126683 "Éclair Blanche: A Girls' Love Anthology That Resonates In Your Heart" 2020 Yen Press 1 issues — near (gap 0), found by 'Éclair Blanche: A Girls' Love Anthology That Resonates In Your Heart' (via CV candidate name "Éclair Blanche: A Girls' Love Anthology That Resonates In Your Heart"); invisible before TODO 30
S22975	g	S cv=-+provider-missing: CV 128159 "Éclair Bleue: A Girls' Love Anthology That Resonates in Your Heart" 2020 Yen Press 1 issues — near (gap 0), found by 'Éclair Bleue: A Girls' Love Anthology That Resonates in Your Heart' (via CV candidate name "Éclair Bleue: A Girls' Love Anthology That Resonates in Your Heart"); invisible before TODO 30
S22976	g	S cv=-+provider-missing: CV 130611 "Éclair Rouge: A Girls' Love Anthology That Resonates in Your Heart" 2020 Yen Press 1 issues — near (gap 0), found by 'Éclair Rouge: A Girls' Love Anthology That Resonates in Your Heart' (via CV candidate name "Éclair Rouge: A Girls' Love Anthology That Resonates in Your Heart"); invisible before TODO 30
S23077	g	S cv=-+provider-missing: CV 5829 "A Decade of Dark Horse" 1996 Dark Horse Comics 4 issues — far (gap 23), found by 'A Decade of Dark Horse' (via CV candidate name "A Decade of Dark Horse"); invisible before TODO 30
S23094	g	provider-missing: CV 149933 "Black Adam: The Justice Society Files" 2023 DC Comics 1 issues — near (gap 1), found by 'Black Adam: The Justice Society Files' (own spelling); invisible before TODO 30
S23540	g	S cv=-: CV 149426 "History Comics: The Transcontinental Railroad" 2022 First Second Books 1 issues — far (gap 2), found by 'History Comics: The Transcontinental Railroad' (via CV candidate name "History Comics: The Transcontinental Railroad"); invisible before TODO 30
S23540	g	S cv=-: CV 107073 "Comic Book History of Comics" 2017 IDW Publishing 4 issues — far (gap 3), found by 'Comic Book History of Comics' (via CV candidate name "Comic Book History of Comics"); invisible before TODO 30
S23540	g	S cv=-: CV 95702 "The Comic Book History of Comics" 2016 IDW Publishing 6 issues — far (gap 4), found by 'Comic Book History of Comics' (via CV candidate name "Comic Book History of Comics"); invisible before TODO 30
S23540	g	S cv=-: CV 71898 "Comic Book History of Comics" 2012 IDW Publishing 1 issues — far (gap 8), found by 'Comic Book History of Comics' (via CV candidate name "Comic Book History of Comics"); invisible before TODO 30
S24148	g	S cv=-+provider-missing: CV 107663 "Ninjak Vs. the Valiant Universe" 2018 DMG/Valiant Entertainment 4 issues — far (gap 6), found by 'Ninjak Vs. the Valiant Universe' (via CV candidate name "Ninjak Vs. the Valiant Universe"); invisible before TODO 30
S24148	g	S cv=-+provider-missing: CV 113718 "Ninjak Vs. the Valiant Universe" 2018 DMG/Valiant Entertainment 1 issues — far (gap 6), found by 'Ninjak Vs. the Valiant Universe' (via CV candidate name "Ninjak Vs. the Valiant Universe"); invisible before TODO 30
S24148	g	S cv=-+provider-missing: CV 83263 "Valiant: Zeroes and Origins" 2015 DMG/Valiant Entertainment 1 issues — far (gap 9), found by 'Valiant: Zeroes and Origins' (via CV candidate name "Valiant: Zeroes and Origins"); invisible before TODO 30
S24257	g	S cv=-: CV 125504 "Relics of Youth" 2020 Vault Comics 1 issues — near (gap 0), found by 'Relics of Youth' (via CV candidate name "Relics of Youth"); invisible before TODO 30
S24257	g	S cv=-: CV 121610 "Relics of Youth" 2019 Vault Comics 4 issues — near (gap 1), found by 'Relics of Youth' (via CV candidate name "Relics of Youth"); invisible before TODO 30
S24295	g	provider-missing: CV 104220 "Mandrake the Magician" 2005 Thule Forlag 1 issues — far (gap 11), found by 'Mandrake the Magician' (own spelling); invisible before TODO 30
S24295	g	provider-missing: CV 50299 "Mandrake the Magician" 1995 Marvel 2 issues — far (gap 21), found by 'Mandrake the Magician' (own spelling); invisible before TODO 30
S24295	g	provider-missing: CV 169555 "Mandrake the Magician" 1993 Tony Raiola 1 issues — far (gap 23), found by 'Mandrake the Magician' (own spelling); invisible before TODO 30
S24295	g	provider-missing: CV 169576 "Mandrake the Magician" 1993 Tony Raiola 1 issues — far (gap 23), found by 'Mandrake the Magician' (own spelling); invisible before TODO 30
S24295	g	provider-missing: CV 104221 "Mandrake the Magician" 1990 Frew Publications 12 issues — far (gap 26), found by 'Mandrake the Magician' (own spelling); invisible before TODO 30
S24295	g	provider-missing: CV 104219 "Mandrake the Magician" 1987 Budget Books 2 issues — far (gap 29), found by 'Mandrake the Magician' (own spelling); invisible before TODO 30
S24297	g	provider-missing: CV 121239 "Marvel Monograph: The Art of Esad Ribić" 2019 Marvel 1 issues — near (gap 0), found by 'Marvel Monograph: The Art of Esad Ribić' (via CV candidate name "Marvel Monograph: The Art of Esad Ribić"); invisible before TODO 30
S24297	g	provider-missing: CV 121902 "Marvel Monograph: The Art of Sara Pichelli" 2019 Marvel 1 issues — near (gap 0), found by 'Marvel Monograph: The Art of Sara Pichelli' (via CV candidate name "Marvel Monograph: The Art of Sara Pichelli"); invisible before TODO 30
S24297	g	provider-missing: CV 126295 "Marvel Monograph: The Art of Frank Cho" 2020 Marvel 1 issues — near (gap 1), found by 'Marvel Monograph: The Art of Frank Cho' (via CV candidate name "Marvel Monograph: The Art of Frank Cho"); invisible before TODO 30
S24312	g	provider-missing: CV 163598 "The Legend of Zelda" 2009 Norma Editorial 2 issues — far (gap 4), found by 'The Legend of Zelda' (own spelling); invisible before TODO 30
S24312	g	provider-missing: CV 27552 "The Legend of Zelda" 2008 Viz 10 issues — far (gap 5), found by 'The Legend of Zelda' (own spelling); invisible before TODO 30
S24312	g	provider-missing: CV 111680 "The Legend of Zelda Encyclopedia" 2018 Dark Horse Comics 1 issues — far (gap 5), found by 'The Legend of Zelda Encyclopedia' (via CV candidate name "The Legend of Zelda Encyclopedia"); invisible before TODO 30
S24312	g	provider-missing: CV 18961 "The Legend of Zelda" 1990 Valiant/Acclaim 5 issues — far (gap 23), found by 'The Legend of Zelda' (own spelling); invisible before TODO 30
S24317	g	provider-missing: CV 125333 "We Are The Danger" 2020 Black Mask Studios 1 issues — near (gap 1), found by 'We Are The Danger' (via CV candidate name "We Are The Danger"); invisible before TODO 30
S24317	g	provider-missing: CV 111163 "We Are The Danger" 2018 Black Mask Studios 5 issues — far (gap 3), found by 'We Are The Danger' (via CV candidate name "We Are The Danger"); invisible before TODO 30
S35669	g	S cv=-+provider-missing: CV 150305 "He-Man and the Masters of the Universe" 2011 DC Comics 8 issues — far (gap 30), found by 'He-Man and the Masters of the Universe' (via CV candidate name "He-Man and the Masters of the Universe"); invisible before TODO 30
S35669	g	S cv=-+provider-missing: CV 50154 "He-Man and the Masters of the Universe" 2012 DC Comics 6 issues — far (gap 31), found by 'He-Man and the Masters of the Universe' (via CV candidate name "He-Man and the Masters of the Universe"); invisible before TODO 30
S35669	g	S cv=-+provider-missing: CV 59980 "He-Man and the Masters of the Universe" 2013 DC Comics 19 issues — far (gap 32), found by 'He-Man and the Masters of the Universe' (via CV candidate name "He-Man and the Masters of the Universe"); invisible before TODO 30
S35669	g	S cv=-+provider-missing: CV 65194 "He-Man and the Masters of the Universe" 2013 DC Comics 2 issues — far (gap 32), found by 'He-Man and the Masters of the Universe' (via CV candidate name "He-Man and the Masters of the Universe"); invisible before TODO 30
S35669	g	S cv=-+provider-missing: CV 81349 "The Art of He-Man and the Masters of the Universe" 2015 Dark Horse Comics 1 issues — far (gap 34), found by 'The Art of He-Man and the Masters of the Universe' (via CV candidate name "The Art of He-Man and the Masters of the Universe"); invisible before TODO 30
S35669	g	S cv=-+provider-missing: CV 130860 "He-Man and the Masters of the Universe" 2020 DC Comics 1 issues — far (gap 39), found by 'He-Man and the Masters of the Universe' (via CV candidate name "He-Man and the Masters of the Universe"); invisible before TODO 30
S35838	g	provider-missing: CV 136483 "In: A Graphic Novel" 2021 Houghton Mifflin Harcourt 1 issues — far, found by 'In: A Graphic Novel' (via CV candidate name "In: A Graphic Novel"); invisible before TODO 30
S35933	g	S cv=-+provider-missing: CV 131958 "Sonic the Hedgehog" 2019 ECC Ediciones 50 issues — far (gap 5), found by 'Sonic the Hedgehog' (via CV candidate name "Sonic the Hedgehog"); invisible before TODO 30
S35933	g	S cv=-+provider-missing: CV 109575 "Sonic the Hedgehog" 2018 IDW Publishing 82 issues — far (gap 6), found by 'Sonic the Hedgehog' (via CV candidate name "Sonic the Hedgehog"); invisible before TODO 30
S35933	g	S cv=-+provider-missing: CV 112927 "Sonic the Hedgehog" 2018 IDW Publishing 19 issues — far (gap 6), found by 'Sonic the Hedgehog' (via CV candidate name "Sonic the Hedgehog"); invisible before TODO 30
S35933	g	S cv=-+provider-missing: CV 137353 "IDW Publishing: The Gateway Collection" 2017 IDW Publishing 1 issues — far (gap 7), found by 'IDW Publishing: The Gateway Collection' (via CV candidate name "IDW Publishing: The Gateway Collection"); invisible before TODO 30
S35933	g	S cv=-+provider-missing: CV 92009 "The Transformers: The IDW Collection Compendium" 2016 IDW Publishing 1 issues — far (gap 8), found by 'The Transformers: The IDW Collection Compendium' (via CV candidate name "The Transformers: The IDW Collection Compendium"); invisible before TODO 30
S35933	g	S cv=-+provider-missing: CV 11074 "Sonic the Hedgehog" 1993 Archie Comics 291 issues — far (gap 31), found by 'Sonic the Hedgehog' (via CV candidate name "Sonic the Hedgehog"); invisible before TODO 30
S36058	g	provider-missing: CV 49784 "Dynamite Art of Alex Ross" 2011 Dynamite Entertainment 1 issues — far (gap 3), found by 'Dynamite Art of Alex Ross' (via CV candidate name "Dynamite Art of Alex Ross"); invisible before TODO 30
S36058	g	provider-missing: CV 105778 "Vampirella: The Dynamite Years Omnibus" 2017 Dynamite Entertainment 4 issues — far (gap 3), found by 'Vampirella: The Dynamite Years Omnibus' (via CV candidate name "Vampirella: The Dynamite Years Omnibus"); invisible before TODO 30
S36163	g	S cv=-+provider-missing: CV 156711 "Diana and the Hero's Journey" 2023 DC Comics 1 issues — near (gap 0), found by 'Diana and the Hero's Journey' (via CV candidate name "Diana and the Hero's Journey"); invisible before TODO 30
S36163	g	S cv=-+provider-missing: CV 126976 "Deep Fried: The Hero's Journey" 2020 Death Ray Graphics 3 issues — far (gap 3), found by 'Deep Fried: The Hero's Journey' (via CV candidate name "Deep Fried: The Hero's Journey"); invisible before TODO 30
S36190	g	S cv=-: CV 66514 "Thun'Da: King of the Congo" 1989 AC Comics 1 issues — far (gap 37), found by 'Thun'Da - King of the Congo' (own spelling); invisible before TODO 30
S36266	g	S cv=-+provider-missing: CV 72991 "The Girl from the Well" 2014 Creative Impulse Publishing 1 issues — far (gap 10), found by 'The Girl from the Well' (via CV candidate name "The Girl from the Well"); invisible before TODO 30
S39477	g	provider-missing: CV 41038 "Train Man: A Shojo Manga" 2006 Random House 1 issues — far, found by 'Train Man: A Shojo Manga' (via CV candidate name "Train Man: A Shojo Manga"); invisible before TODO 30
S41871	g	provider-missing: CV 102272 "Peter Parker: The Spectacular Spider-Man" 2017 Marvel 23 issues — far (gap 37), found by 'Peter Parker: The Spectacular Spider-Man' (via CV candidate name "Peter Parker: The Spectacular Spider-Man"); invisible before TODO 30
S41871	g	provider-missing: CV 111688 "Peter Parker: The Spectacular Spider-Man Annual" 2018 Marvel 1 issues — far (gap 38), found by 'Peter Parker, The Spectacular Spider-Man Annual' (own spelling); invisible before TODO 30
S45933	g	provider-missing: CV 133698 "Disney Frozen II: The Manga" 2021 Viz 1 issues — far (gap 2), found by 'Disney Frozen II: The Manga' (via CV candidate name "Disney Frozen II: The Manga"); invisible before TODO 30
S46238	g	provider-missing: CV 7262 "Legends of the DC Universe" 1998 DC Comics 41 issues — near (gap 1), found by 'Legends of the DC Universe' (via CV candidate name "Legends of the DC Universe"); invisible before TODO 30
S46238	g	provider-missing: CV 25587 "Legends of the DC Universe 80-Page Giant" 1998 DC Comics 2 issues — near (gap 1), found by 'Legends of the DC Universe 80-Page Giant' (via GCD name "Legends of the DC Universe 80-Page Giant"); invisible before TODO 30
S57297	g	S cv=-: CV 40942 "Y: The Last Man" 2007 Panini Verlag 10 issues — near (gap 0), found by 'Y - The Last Man' (own spelling); invisible before TODO 30
S57297	g	S cv=-: CV 9419 "Y: The Last Man" 2002 DC Comics 60 issues — far (gap 5), found by 'Y - The Last Man' (own spelling); invisible before TODO 30
S62690	g	provider-missing: CV 40272 "Ultimate Fantastic Four: The Fantastic" 2008 Marvel 1 issues — far (gap 3), found by 'Ultimate Fantastic Four: The Fantastic' (via CV candidate name "Ultimate Fantastic Four: The Fantastic"); invisible before TODO 30
S63679	g	provider-missing: CV 83106 "The Curse of the Wendigo" 2015 Delcourt 2 issues — near (gap 0), found by 'The Curse of the Wendigo' (own spelling); invisible before TODO 30
S63679	g	provider-missing: CV 79644 "Curse of the Wendigo" 2011 Dynamite Entertainment 1 issues — far (gap 4), found by 'The Curse of the Wendigo' (own spelling); invisible before TODO 30
S64225	g	S cv=-: CV 19965 "Batman and Other DC Classics" 1989 DC Comics 1 issues — far (gap 29), found by 'Batman and Other DC Classics' (via CV candidate name "Batman and Other DC Classics"); invisible before TODO 30
S65085	g	S cv=-: CV 7000 "Love and Rockets" 1982 Fantagraphics 50 issues — near (gap 0), found by 'Love and Rockets' (via our own name without the filing suffix "Love and Rockets"); invisible before TODO 30
S65085	g	S cv=-: CV 20719 "Love and Rockets" 2001 Fantagraphics 20 issues — far (gap 19), found by 'Love and Rockets' (via our own name without the filing suffix "Love and Rockets"); invisible before TODO 30
S65085	g	S cv=-: CV 95057 "Love and Rockets" 2016 Fantagraphics 16 issues — far (gap 34), found by 'Love and Rockets' (via our own name without the filing suffix "Love and Rockets"); invisible before TODO 30
S65599	g	provider-missing: CV 109207 "Sea of Thieves" 2018 Titan Comics 4 issues — near (gap 0), found by 'Sea of Thieves' (own spelling); invisible before TODO 30
S65599	g	provider-missing: CV 113730 "Sea of Thieves" 2018 Titan Comics 1 issues — near (gap 0), found by 'Sea of Thieves' (own spelling); invisible before TODO 30
S66444	g	S cv=-+provider-missing: CV 44338 "Bone: The Complete Cartoon Epic In One Volume" 2004 Cartoon Books 1 issues — near (gap 0), found by 'Bone - The Complete Cartoon Epic in One Volume' (own spelling); invisible before TODO 30
S66460	g	S cv=-: CV 111532 "Hellboy: The Complete Short Stories" 2018 Dark Horse Comics 2 issues — near (gap 0), found by 'Hellboy - The Complete Short Stories' (own spelling); invisible before TODO 30
S66462	g	S cv=-+provider-missing: CV 128359 "I Had That Same Dream Again: The Complete Manga Collection" 2020 Seven Seas Entertainment 1 issues — near (gap 0), found by 'I Had That Same Dream Again - The Complete Manga Collection' (own spelling); invisible before TODO 30
S66468	g	S cv=-+provider-missing: CV 62545 "Life's A Bitch: The Complete Bitchy Bitch Stories" 2005 Fantagraphics 1 issues — near (gap 0), found by 'Life's a Bitch - The Complete Bitchy Bitch Stories' (own spelling); invisible before TODO 30
S66469	g	provider-missing: CV 150299 "Marvel Avengers: The Ultimate Character Guide - New Edition" 2021 DK Publishing 1 issues — near (gap 0), found by 'Marvel Avengers - The Ultimate Character Guide - New Edition' (own spelling); invisible before TODO 30
S66478	g	S cv=-+provider-missing: CV 169855 "Qualia the Purple: The Complete Manga Collection" 2023 Seven Seas Entertainment 1 issues — near (gap 0), found by 'Qualia the Purple - The Complete Manga Collection' (own spelling); invisible before TODO 30
S66494	g	S cv=-: CV 153934 "Department of Truth: The Complete Conspiracy" 2023 Image 1 issues — near (gap 0), found by 'The Department of Truth - The Complete Conspiracy' (own spelling); invisible before TODO 30
S66497	g	S cv=-+provider-missing: CV 40114 "Rocketeer: The Complete Adventures" 2009 IDW Publishing 1 issues — far (gap 6), found by 'The Rocketeer - The Complete Adventures' (own spelling); invisible before TODO 30
S66621	g	provider-missing: CV 33826 "Avengers: The Ultimate Guide" 2005 DK Publishing 2 issues — near (gap 0), found by 'Avengers, The Ultimate Guide' (own spelling); invisible before TODO 30
S67392	g	S cv=-+provider-missing: CV 120082 "Magus of the Library" 2019 Kodansha Comics USA 8 issues — near (gap 0), found by 'Magus of the Library' (own spelling); invisible before TODO 30
S67392	g	S cv=-+provider-missing: CV 163542 "Magus of the Library" 2019 Carlsen Verlag 7 issues — near (gap 0), found by 'Magus of the Library' (own spelling); invisible before TODO 30
S94577	g	S cv=-+provider-missing: CV 3475 "Cloak and Dagger" 1985 Marvel 11 issues — near (gap 1), found by 'Cloak and Dagger' (via our own name without the filing suffix "Cloak and Dagger"); invisible before TODO 30
S94577	g	S cv=-+provider-missing: CV 3219 "Cloak and Dagger" 1983 Marvel 4 issues — far (gap 3), found by 'Cloak and Dagger' (via our own name without the filing suffix "Cloak and Dagger"); invisible before TODO 30
S94577	g	S cv=-+provider-missing: CV 32266 "Cloak and Dagger" 2010 Marvel 1 issues — far (gap 24), found by 'Cloak and Dagger' (via our own name without the filing suffix "Cloak and Dagger"); invisible before TODO 30
S94577	g	S cv=-+provider-missing: CV 111450 "Cloak and Dagger" 2018 Marvel 6 issues — far (gap 32), found by 'Cloak and Dagger' (via our own name without the filing suffix "Cloak and Dagger"); invisible before TODO 30
S94577	g	S cv=-+provider-missing: CV 112372 "Cloak and Dagger" 2018 Marvel 3 issues — far (gap 32), found by 'Cloak and Dagger' (via our own name without the filing suffix "Cloak and Dagger"); invisible before TODO 30
S94577	g	S cv=-+provider-missing: CV 19430 "Cloak and Dagger" 1952 Ziff-Davis 1 issues — far (gap 34), found by 'Cloak and Dagger' (via our own name without the filing suffix "Cloak and Dagger"); invisible before TODO 30
S94616	g	S cv=-+provider-missing: CV 57960 "Guardians of the Galaxy" 2013 Marvel 28 issues — near (gap 0), found by 'Guardians of the Galaxy' (via our own name without the filing suffix "Guardians of the Galaxy"); invisible before TODO 30
S94616	g	S cv=-+provider-missing: CV 84159 "Guardians of the Galaxy" 2014 Panini Verlag 7 issues — near (gap 1), found by 'Guardians of the Galaxy' (via our own name without the filing suffix "Guardians of the Galaxy"); invisible before TODO 30
S94616	g	S cv=-+provider-missing: CV 81904 "Guardians of the Galaxy" 2015 Marvel 5 issues — far (gap 2), found by 'Guardians of the Galaxy' (via our own name without the filing suffix "Guardians of the Galaxy"); invisible before TODO 30
S94616	g	S cv=-+provider-missing: CV 85290 "Guardians of the Galaxy" 2015 Marvel 20 issues — far (gap 2), found by 'Guardians of the Galaxy' (via our own name without the filing suffix "Guardians of the Galaxy"); invisible before TODO 30
S94616	g	S cv=-+provider-missing: CV 116349 "Guardians of the Galaxy" 2015 Standaard Uitgeverij 5 issues — far (gap 2), found by 'Guardians of the Galaxy' (via our own name without the filing suffix "Guardians of the Galaxy"); invisible before TODO 30
S94616	g	S cv=-+provider-missing: CV 146623 "Guardians of the Galaxy" 2016 Panini Verlag 8 issues — far (gap 3), found by 'Guardians of the Galaxy' (via our own name without the filing suffix "Guardians of the Galaxy"); invisible before TODO 30
S94617	g	S cv=-+provider-missing: CV 4398 "Guardians of the Galaxy" 1990 Marvel 62 issues — near (gap 0), found by 'Guardians of the Galaxy' (via our own name without the filing suffix "Guardians of the Galaxy"); invisible before TODO 30
S94617	g	S cv=-+provider-missing: CV 21550 "Guardians of the Galaxy" 2008 Marvel 25 issues — far (gap 18), found by 'Guardians of the Galaxy' (via our own name without the filing suffix "Guardians of the Galaxy"); invisible before TODO 30
S94617	g	S cv=-+provider-missing: CV 57960 "Guardians of the Galaxy" 2013 Marvel 28 issues — far (gap 23), found by 'Guardians of the Galaxy' (via our own name without the filing suffix "Guardians of the Galaxy"); invisible before TODO 30
S94617	g	S cv=-+provider-missing: CV 84159 "Guardians of the Galaxy" 2014 Panini Verlag 7 issues — far (gap 24), found by 'Guardians of the Galaxy' (via our own name without the filing suffix "Guardians of the Galaxy"); invisible before TODO 30
S94617	g	S cv=-+provider-missing: CV 81904 "Guardians of the Galaxy" 2015 Marvel 5 issues — far (gap 25), found by 'Guardians of the Galaxy' (via our own name without the filing suffix "Guardians of the Galaxy"); invisible before TODO 30
S94617	g	S cv=-+provider-missing: CV 85290 "Guardians of the Galaxy" 2015 Marvel 20 issues — far (gap 25), found by 'Guardians of the Galaxy' (via our own name without the filing suffix "Guardians of the Galaxy"); invisible before TODO 30
S94646	g	S cv=-+provider-missing: CV 2014 "Justice League of America" 1960 DC Comics 261 issues — near (gap 0), found by 'Justice League of America' (via our own name without the filing suffix "Justice League of America"); invisible before TODO 30
S94646	g	S cv=-+provider-missing: CV 18127 "Justice League of America" 2006 DC Comics 61 issues — far (gap 46), found by 'Justice League of America' (via our own name without the filing suffix "Justice League of America"); invisible before TODO 30
S94646	g	S cv=-+provider-missing: CV 57485 "Justice League of America" 2013 DC Comics 18 issues — far (gap 53), found by 'Justice League of America' (via our own name without the filing suffix "Justice League of America"); invisible before TODO 30
S94646	g	S cv=-+provider-missing: CV 110460 "Justice League of America" 2013 Panini Verlag 4 issues — far (gap 53), found by 'Justice League of America' (via our own name without the filing suffix "Justice League of America"); invisible before TODO 30
S94646	g	S cv=-+provider-missing: CV 82720 "Justice League of America" 2015 DC Comics 10 issues — far (gap 55), found by 'Justice League of America' (via our own name without the filing suffix "Justice League of America"); invisible before TODO 30
S94646	g	S cv=-+provider-missing: CV 150103 "Justice League of America" 2015 Urban Comics 7 issues — far (gap 55), found by 'Justice League of America' (via our own name without the filing suffix "Justice League of America"); invisible before TODO 30
S94647	g	S cv=-+provider-missing: CV 2014 "Justice League of America" 1960 DC Comics 261 issues — near (gap 1), found by 'Justice League of America' (via our own name without the filing suffix "Justice League of America"); invisible before TODO 30
S94647	g	S cv=-+provider-missing: CV 18127 "Justice League of America" 2006 DC Comics 61 issues — far (gap 45), found by 'Justice League of America' (via our own name without the filing suffix "Justice League of America"); invisible before TODO 30
S94647	g	S cv=-+provider-missing: CV 57485 "Justice League of America" 2013 DC Comics 18 issues — far (gap 52), found by 'Justice League of America' (via our own name without the filing suffix "Justice League of America"); invisible before TODO 30
S94647	g	S cv=-+provider-missing: CV 110460 "Justice League of America" 2013 Panini Verlag 4 issues — far (gap 52), found by 'Justice League of America' (via our own name without the filing suffix "Justice League of America"); invisible before TODO 30
S94647	g	S cv=-+provider-missing: CV 82720 "Justice League of America" 2015 DC Comics 10 issues — far (gap 54), found by 'Justice League of America' (via our own name without the filing suffix "Justice League of America"); invisible before TODO 30
S94647	g	S cv=-+provider-missing: CV 150103 "Justice League of America" 2015 Urban Comics 7 issues — far (gap 54), found by 'Justice League of America' (via our own name without the filing suffix "Justice League of America"); invisible before TODO 30
S94648	g	S cv=-+provider-missing: CV 2014 "Justice League of America" 1960 DC Comics 261 issues — near (gap 0), found by 'Justice League of America' (via our own name without the filing suffix "Justice League of America"); invisible before TODO 30
S94648	g	S cv=-+provider-missing: CV 18127 "Justice League of America" 2006 DC Comics 61 issues — far (gap 46), found by 'Justice League of America' (via our own name without the filing suffix "Justice League of America"); invisible before TODO 30
S94648	g	S cv=-+provider-missing: CV 57485 "Justice League of America" 2013 DC Comics 18 issues — far (gap 53), found by 'Justice League of America' (via our own name without the filing suffix "Justice League of America"); invisible before TODO 30
S94648	g	S cv=-+provider-missing: CV 110460 "Justice League of America" 2013 Panini Verlag 4 issues — far (gap 53), found by 'Justice League of America' (via our own name without the filing suffix "Justice League of America"); invisible before TODO 30
S94648	g	S cv=-+provider-missing: CV 82720 "Justice League of America" 2015 DC Comics 10 issues — far (gap 55), found by 'Justice League of America' (via our own name without the filing suffix "Justice League of America"); invisible before TODO 30
S94648	g	S cv=-+provider-missing: CV 150103 "Justice League of America" 2015 Urban Comics 7 issues — far (gap 55), found by 'Justice League of America' (via our own name without the filing suffix "Justice League of America"); invisible before TODO 30
S94687	g	S cv=-+provider-missing: CV 20391 "The Savage Sword of Conan" 1975 Marvel UK/Panini UK 18 issues — near (gap 1), found by 'Savage Sword of Conan' (via our own name without the filing suffix "Savage Sword of Conan"); invisible before TODO 30
S94687	g	S cv=-+provider-missing: CV 47760 "Savage Sword of Conan" 1977 Marvel UK/Panini UK 93 issues — near (gap 1), found by 'Savage Sword of Conan' (via our own name without the filing suffix "Savage Sword of Conan"); invisible before TODO 30
S94687	g	S cv=-+provider-missing: CV 2701 "The Savage Sword of Conan" 1974 Marvel 235 issues — far (gap 2), found by 'Savage Sword of Conan' (via our own name without the filing suffix "Savage Sword of Conan"); invisible before TODO 30
S94687	g	S cv=-+provider-missing: CV 21975 "The Savage Sword of Conan" 2007 Dark Horse Comics 22 issues — far (gap 31), found by 'Savage Sword of Conan' (via our own name without the filing suffix "Savage Sword of Conan"); invisible before TODO 30
S94687	g	S cv=-+provider-missing: CV 120279 "The Savage Sword Of Conan " 2017 Hachette 4 issues — far (gap 41), found by 'Savage Sword of Conan' (via our own name without the filing suffix "Savage Sword of Conan"); invisible before TODO 30
S94687	g	S cv=-+provider-missing: CV 117080 "The Savage Sword of Conan" 2019 Marvel 12 issues — far (gap 43), found by 'Savage Sword of Conan' (via our own name without the filing suffix "Savage Sword of Conan"); invisible before TODO 30
S94732	g	S cv=-+provider-missing: CV 3519 "Web of Spider-Man" 1985 Marvel 131 issues — near (gap 0), found by 'Web of Spider-Man' (via CV name "Web of Spider-Man"); invisible before TODO 30
S94732	g	S cv=-+provider-missing: CV 28576 "Web of Spider-Man" 2009 Marvel 12 issues — far (gap 24), found by 'Web of Spider-Man' (via CV name "Web of Spider-Man"); invisible before TODO 30
S94732	g	S cv=-+provider-missing: CV 136800 "W.E.B. of Spider-Man" 2021 Marvel 5 issues — far (gap 36), found by 'W.E.B. of Spider-Man' (via our own name without the filing suffix "W.E.B. of Spider-Man"); invisible before TODO 30
S94732	g	S cv=-+provider-missing: CV 149911 "W.E.B. of Spider-Man" 2021 Marvel 1 issues — far (gap 36), found by 'W.E.B. of Spider-Man' (via our own name without the filing suffix "W.E.B. of Spider-Man"); invisible before TODO 30
S94732	g	S cv=-+provider-missing: CV 157311 "Web of Spider-Man" 2024 Marvel 1 issues — far (gap 39), found by 'Web of Spider-Man' (via CV name "Web of Spider-Man"); invisible before TODO 30
S94745	g	S cv=-+provider-missing: CV 105759 "Guardians of the Galaxy" 2017 Marvel 5 issues — near (gap 1), found by 'Guardians of the Galaxy' (via CV name "Guardians of the Galaxy"); invisible before TODO 30
S94745	g	S cv=-+provider-missing: CV 116702 "Guardians of the Galaxy" 2019 Marvel 12 issues — near (gap 1), found by 'Guardians of the Galaxy' (via CV name "Guardians of the Galaxy"); invisible before TODO 30
S94745	g	S cv=-+provider-missing: CV 124447 "Guardians of the Galaxy" 2020 Marvel 18 issues — far (gap 2), found by 'Guardians of the Galaxy' (via CV name "Guardians of the Galaxy"); invisible before TODO 30
S94745	g	S cv=-+provider-missing: CV 142800 "Guardians of the Galaxy" 2020 Panini Verlag 5 issues — far (gap 2), found by 'Guardians of the Galaxy' (via CV name "Guardians of the Galaxy"); invisible before TODO 30
S94745	g	S cv=-+provider-missing: CV 146623 "Guardians of the Galaxy" 2016 Panini Verlag 8 issues — far (gap 2), found by 'Guardians of the Galaxy' (via CV name "Guardians of the Galaxy"); invisible before TODO 30
S94745	g	S cv=-+provider-missing: CV 81904 "Guardians of the Galaxy" 2015 Marvel 5 issues — far (gap 3), found by 'Guardians of the Galaxy' (via CV name "Guardians of the Galaxy"); invisible before TODO 30
S94758	g	S cv=-: CV 43387 "30 Days of Night" 2011 IDW Publishing 12 issues — near (gap 0), found by '30 Days of Night' (via CV name "30 Days of Night"); invisible before TODO 30
S94758	g	S cv=-: CV 47651 "30 Days of Night" 2012 IDW Publishing 3 issues — near (gap 1), found by '30 Days of Night' (via CV name "30 Days of Night"); invisible before TODO 30
S94758	g	S cv=-: CV 107071 "30 Days of Night" 2017 IDW Publishing 6 issues — far (gap 6), found by '30 Days of Night' (via CV name "30 Days of Night"); invisible before TODO 30
S94758	g	S cv=-: CV 113043 "30 Days of Night" 2018 IDW Publishing 1 issues — far (gap 7), found by '30 Days of Night' (via CV name "30 Days of Night"); invisible before TODO 30
S94758	g	S cv=-: CV 111077 "30 days of night" 2003 Infinity Verlag 1 issues — far (gap 8), found by '30 Days of Night' (via CV name "30 Days of Night"); invisible before TODO 30
S94758	g	S cv=-: CV 11266 "30 Days of Night" 2002 IDW Publishing 3 issues — far (gap 9), found by '30 Days of Night' (via CV name "30 Days of Night"); invisible before TODO 30
S94760	g	S cv=-+provider-missing: CV 43387 "30 Days of Night" 2011 IDW Publishing 12 issues — near (gap 0), found by '30 Days of Night' (via CV name "30 Days of Night"); invisible before TODO 30
S94760	g	S cv=-+provider-missing: CV 47651 "30 Days of Night" 2012 IDW Publishing 3 issues — near (gap 1), found by '30 Days of Night' (via CV name "30 Days of Night"); invisible before TODO 30
S94760	g	S cv=-+provider-missing: CV 107071 "30 Days of Night" 2017 IDW Publishing 6 issues — far (gap 6), found by '30 Days of Night' (via CV name "30 Days of Night"); invisible before TODO 30
S94760	g	S cv=-+provider-missing: CV 113043 "30 Days of Night" 2018 IDW Publishing 1 issues — far (gap 7), found by '30 Days of Night' (via CV name "30 Days of Night"); invisible before TODO 30
S94760	g	S cv=-+provider-missing: CV 111077 "30 days of night" 2003 Infinity Verlag 1 issues — far (gap 8), found by '30 Days of Night' (via CV name "30 Days of Night"); invisible before TODO 30
S94760	g	S cv=-+provider-missing: CV 11266 "30 Days of Night" 2002 IDW Publishing 3 issues — far (gap 9), found by '30 Days of Night' (via CV name "30 Days of Night"); invisible before TODO 30
S94803	g	S cv=-: CV 18103 "The Flash: The Fastest Man Alive" 2006 DC Comics 13 issues — near (gap 0), found by 'The Flash - The Fastest Man Alive' (via our own name without the filing suffix "The Flash - The Fastest Man Alive"); invisible before TODO 30
S94803	g	S cv=-: CV 145041 "The Flash: The Fastest Man Alive" 2022 DC Comics 3 issues — far (gap 16), found by 'The Flash - The Fastest Man Alive' (via our own name without the filing suffix "The Flash - The Fastest Man Alive"); invisible before TODO 30
S94803	g	S cv=-: CV 151387 "The Flash: The Fastest Man Alive" 2023 DC Comics 1 issues — far (gap 17), found by 'The Flash - The Fastest Man Alive' (via our own name without the filing suffix "The Flash - The Fastest Man Alive"); invisible before TODO 30
S94858	g	S cv=-+provider-missing: CV 1683 "The Brave and the Bold" 1955 DC Comics 200 issues — near (gap 0), found by 'The Brave and the Bold' (via our own name without the filing suffix "The Brave and the Bold"); invisible before TODO 30
S94858	g	S cv=-+provider-missing: CV 4546 "The Brave and the Bold" 1991 DC Comics 6 issues — far (gap 36), found by 'The Brave and the Bold' (via our own name without the filing suffix "The Brave and the Bold"); invisible before TODO 30
S94858	g	S cv=-+provider-missing: CV 18207 "The Brave and the Bold" 2007 DC Comics 35 issues — far (gap 52), found by 'The Brave and the Bold' (via our own name without the filing suffix "The Brave and the Bold"); invisible before TODO 30
S94858	g	S cv=-+provider-missing: CV 43369 "The Brave and the Bold" 2008 Panini France 1 issues — far (gap 53), found by 'The Brave and the Bold' (via our own name without the filing suffix "The Brave and the Bold"); invisible before TODO 30
S94858	g	S cv=-+provider-missing: CV 79351 "The Brave and The Bold" 2008 Planeta DeAgostini 3 issues — far (gap 53), found by 'The Brave and the Bold' (via our own name without the filing suffix "The Brave and the Bold"); invisible before TODO 30
S95078	g	S cv=-: CV 140387 "Buffy the Last Vampire Slayer" 2021 Boom! Studios 4 issues — far (gap 14), found by 'Buffy the Last Vampire Slayer' (via GCD name "Buffy the Last Vampire Slayer"); invisible before TODO 30
S95078	g	S cv=-: CV 148694 "Buffy the Last Vampire Slayer" 2022 Boom! Studios 1 issues — far (gap 15), found by 'Buffy the Last Vampire Slayer' (via GCD name "Buffy the Last Vampire Slayer"); invisible before TODO 30
S95078	g	S cv=-: CV 152785 "Buffy the Last Vampire Slayer" 2023 Boom! Studios 5 issues — far (gap 16), found by 'Buffy the Last Vampire Slayer' (via GCD name "Buffy the Last Vampire Slayer"); invisible before TODO 30
S95488	g	S cv=-+provider-missing: CV 6498 "Birds of Prey" 1999 DC Comics 127 issues — near (gap 0), found by 'Birds of Prey' (via our own name without the filing suffix "Birds of Prey"); invisible before TODO 30
S95488	g	S cv=-+provider-missing: CV 34200 "Birds of Prey" 1999 DC Comics 1 issues — near (gap 0), found by 'Birds of Prey' (via our own name without the filing suffix "Birds of Prey"); invisible before TODO 30
S95488	g	S cv=-+provider-missing: CV 33087 "Birds of Prey" 2010 DC Comics 15 issues — far (gap 11), found by 'Birds of Prey' (via our own name without the filing suffix "Birds of Prey"); invisible before TODO 30
S95488	g	S cv=-+provider-missing: CV 42806 "Birds of Prey" 2011 DC Comics 35 issues — far (gap 12), found by 'Birds of Prey' (via our own name without the filing suffix "Birds of Prey"); invisible before TODO 30
S95488	g	S cv=-+provider-missing: CV 52139 "Birds of Prey" 2012 DC Comics 5 issues — far (gap 13), found by 'Birds of Prey' (via our own name without the filing suffix "Birds of Prey"); invisible before TODO 30
S95488	g	S cv=-+provider-missing: CV 85740 "Birds of Prey" 2015 DC Comics 3 issues — far (gap 16), found by 'Birds of Prey' (via our own name without the filing suffix "Birds of Prey"); invisible before TODO 30
S96030	g	S cv=-+provider-missing: CV 1866 "Challengers of the Unknown" 1958 DC Comics 87 issues — near (gap 0), found by 'Challengers of the Unknown' (via our own name without the filing suffix "Challengers of the Unknown"); invisible before TODO 30
S96030	g	S cv=-+provider-missing: CV 4547 "Challengers of the Unknown" 1991 DC Comics 8 issues — far (gap 33), found by 'Challengers of the Unknown' (via our own name without the filing suffix "Challengers of the Unknown"); invisible before TODO 30
S96030	g	S cv=-+provider-missing: CV 5944 "Challengers of the Unknown" 1997 DC Comics 18 issues — far (gap 39), found by 'Challengers of the Unknown' (via our own name without the filing suffix "Challengers of the Unknown"); invisible before TODO 30
S96030	g	S cv=-+provider-missing: CV 11147 "Challengers of the Unknown" 2004 DC Comics 6 issues — far (gap 46), found by 'Challengers of the Unknown' (via our own name without the filing suffix "Challengers of the Unknown"); invisible before TODO 30
S96030	g	S cv=-+provider-missing: CV 161691 "Challengers of the Unknown" 2025 DC Comics 5 issues — far (gap 67), found by 'Challengers of the Unknown' (via our own name without the filing suffix "Challengers of the Unknown"); invisible before TODO 30
S96030	g	S cv=-+provider-missing: CV 169009 "Challengers of the Unknown" 2025 DC Comics 1 issues — far (gap 67), found by 'Challengers of the Unknown' (via our own name without the filing suffix "Challengers of the Unknown"); invisible before TODO 30
S96498	g	S cv=-+provider-missing: CV 75901 "Doctor Who: The Eleventh Doctor" 2014 Titan Comics 15 issues — near (gap 0), found by 'Doctor Who The Eleventh Doctor' (via our own name without the filing suffix "Doctor Who The Eleventh Doctor"); invisible before TODO 30
S96502	g	S cv=-+provider-missing: CV 77596 "Doctor Who: The Twelfth Doctor" 2014 Titan Comics 16 issues — near (gap 1), found by 'Doctor Who The Twelfth Doctor' (via our own name without the filing suffix "Doctor Who The Twelfth Doctor"); invisible before TODO 30
S96658	g	S cv=-+provider-missing: CV 76863 "Edge of Spider-Verse" 2014 Marvel 5 issues — near (gap 0), found by 'Edge of Spider-Verse' (via our own name without the filing suffix "Edge of Spider-Verse"); invisible before TODO 30
S96658	g	S cv=-+provider-missing: CV 144308 "Edge of Spider-Verse" 2022 Marvel 5 issues — far (gap 8), found by 'Edge of Spider-Verse' (via our own name without the filing suffix "Edge of Spider-Verse"); invisible before TODO 30
S96658	g	S cv=-+provider-missing: CV 148865 "Edge of Spider-Verse" 2023 Marvel 1 issues — far (gap 9), found by 'Edge of Spider-Verse' (via our own name without the filing suffix "Edge of Spider-Verse"); invisible before TODO 30
S96658	g	S cv=-+provider-missing: CV 150034 "Edge of Spider-Verse" 2023 Marvel 4 issues — far (gap 9), found by 'Edge of Spider-Verse' (via our own name without the filing suffix "Edge of Spider-Verse"); invisible before TODO 30
S96658	g	S cv=-+provider-missing: CV 154755 "Edge of Spider-Verse" 2023 Marvel UK/Panini UK 1 issues — far (gap 9), found by 'Edge of Spider-Verse' (via our own name without the filing suffix "Edge of Spider-Verse"); invisible before TODO 30
S96658	g	S cv=-+provider-missing: CV 156963 "Edge of Spider-Verse" 2024 Marvel 4 issues — far (gap 10), found by 'Edge of Spider-Verse' (via our own name without the filing suffix "Edge of Spider-Verse"); invisible before TODO 30
S98027	g	S cv=-+provider-missing: CV 18052 "Justice Society of America" 2007 DC Comics 54 issues — near (gap 0), found by 'Justice Society of America' (via our own name without the filing suffix "Justice Society of America"); invisible before TODO 30
S98027	g	S cv=-+provider-missing: CV 42482 "Justice Society of America" 2007 Panini Verlag 7 issues — near (gap 0), found by 'Justice Society of America' (via our own name without the filing suffix "Justice Society of America"); invisible before TODO 30
S98027	g	S cv=-+provider-missing: CV 4747 "Justice Society of America" 1992 DC Comics 10 issues — far (gap 15), found by 'Justice Society of America' (via our own name without the filing suffix "Justice Society of America"); invisible before TODO 30
S98027	g	S cv=-+provider-missing: CV 146561 "Justice Society of America" 2022 DC Comics 12 issues — far (gap 15), found by 'Justice Society of America' (via our own name without the filing suffix "Justice Society of America"); invisible before TODO 30
S98027	g	S cv=-+provider-missing: CV 4556 "Justice Society of America" 1991 DC Comics 8 issues — far (gap 16), found by 'Justice Society of America' (via our own name without the filing suffix "Justice Society of America"); invisible before TODO 30
S98027	g	S cv=-+provider-missing: CV 157577 "Justice Society of America" 2024 DC Comics 2 issues — far (gap 17), found by 'Justice Society of America' (via our own name without the filing suffix "Justice Society of America"); invisible before TODO 30
S98165	g	S cv=-: CV 2513 "Kull the Conqueror" 1971 Marvel 10 issues — near (gap 0), found by 'Kull The Conqueror' (via our own name without the filing suffix "Kull The Conqueror"); invisible before TODO 30
S98165	g	S cv=-: CV 3140 "Kull the Conqueror" 1982 Marvel 2 issues — far (gap 11), found by 'Kull The Conqueror' (via our own name without the filing suffix "Kull The Conqueror"); invisible before TODO 30
S98165	g	S cv=-: CV 3229 "Kull the Conqueror" 1983 Marvel 10 issues — far (gap 12), found by 'Kull The Conqueror' (via our own name without the filing suffix "Kull The Conqueror"); invisible before TODO 30
S98217	g	S cv=-+provider-missing: CV 4201 "Legion of Super-Heroes" 1989 DC Comics 127 issues — near (gap 0), found by 'Legion of Super-Heroes' (via our own name without the filing suffix "Legion of Super-Heroes"); invisible before TODO 30
S98217	g	S cv=-+provider-missing: CV 3310 "Legion of Super-Heroes" 1984 DC Comics 63 issues — far (gap 5), found by 'Legion of Super-Heroes' (via our own name without the filing suffix "Legion of Super-Heroes"); invisible before TODO 30
S98217	g	S cv=-+provider-missing: CV 69728 "Legion of Super-Heroes" 1984 Federal 7 issues — far (gap 5), found by 'Legion of Super-Heroes' (via our own name without the filing suffix "Legion of Super-Heroes"); invisible before TODO 30
S98217	g	S cv=-+provider-missing: CV 3033 "The Legion of Super-Heroes" 1980 DC Comics 55 issues — far (gap 9), found by 'Legion of Super-Heroes' (via our own name without the filing suffix "Legion of Super-Heroes"); invisible before TODO 30
S98217	g	S cv=-+provider-missing: CV 2616 "Legion of Super-Heroes" 1973 DC Comics 4 issues — far (gap 16), found by 'Legion of Super-Heroes' (via our own name without the filing suffix "Legion of Super-Heroes"); invisible before TODO 30
S98217	g	S cv=-+provider-missing: CV 11059 "Legion of Super-Heroes" 2005 DC Comics 30 issues — far (gap 16), found by 'Legion of Super-Heroes' (via our own name without the filing suffix "Legion of Super-Heroes"); invisible before TODO 30
S98489	g	S cv=-+provider-missing: CV 80115 "Marvel Universe Guardians of the Galaxy" 2015 Marvel 4 issues — near (gap 0), found by 'Marvel Universe Guardians of the Galaxy' (via our own name without the filing suffix "Marvel Universe Guardians of the Galaxy"); invisible before TODO 30
S98489	g	S cv=-+provider-missing: CV 85120 "Marvel Universe Guardians of the Galaxy" 2015 Marvel 23 issues — near (gap 0), found by 'Marvel Universe Guardians of the Galaxy' (via our own name without the filing suffix "Marvel Universe Guardians of the Galaxy"); invisible before TODO 30
S98489	g	S cv=-+provider-missing: CV 89302 "Marvel Universe Guardians of the Galaxy" 2016 Marvel 6 issues — near (gap 1), found by 'Marvel Universe Guardians of the Galaxy' (via our own name without the filing suffix "Marvel Universe Guardians of the Galaxy"); invisible before TODO 30
S99456	g	S cv=-: CV 42919 "Red Hood and the Outlaws" 2011 DC Comics 41 issues — near (gap 0), found by 'Red Hood and the Outlaws' (via our own name without the filing suffix "Red Hood and the Outlaws"); invisible before TODO 30
S99456	g	S cv=-: CV 92966 "Red Hood & the Outlaws" 2016 DC Comics 26 issues — far (gap 5), found by 'Red Hood & the Outlaws' (via our own name without the filing suffix "Red Hood & the Outlaws"); invisible before TODO 30
S100188	g	S cv=-: CV 2624 "Sword of Sorcery" 1973 DC Comics 5 issues — near (gap 0), found by 'Sword of Sorcery' (via our own name without the filing suffix "Sword of Sorcery"); invisible before TODO 30
S100188	g	S cv=-: CV 52242 "Sword of Sorcery" 2012 DC Comics 9 issues — far (gap 39), found by 'Sword of Sorcery' (via our own name without the filing suffix "Sword of Sorcery"); invisible before TODO 30
S102378	g	S cv=-: CV 87313 "Evil Dead 2: Cradle of the Damned" 2016 Space Goat Productions 3 issues — far (gap 8), found by 'Evil Dead 2 - Cradle of the Damned' (via our own name without the filing suffix "Evil Dead 2 - Cradle of the Damned"); invisible before TODO 30
S102378	g	S cv=-: CV 94798 "Evil Dead 2: Cradle of the Damned" 2016 Space Goat Productions 1 issues — far (gap 8), found by 'Evil Dead 2 - Cradle of the Damned' (via our own name without the filing suffix "Evil Dead 2 - Cradle of the Damned"); invisible before TODO 30
S102378	g	S cv=-: CV 98774 "Evil Dead 2: Cradle of the Damned" 2017 Space Goat Productions 6 issues — far (gap 9), found by 'Evil Dead 2 - Cradle of the Damned' (via our own name without the filing suffix "Evil Dead 2 - Cradle of the Damned"); invisible before TODO 30
S102380	g	S cv=-: CV 95010 "Evil Dead 2: Revenge of Dracula" 2016 Space Goat Productions 1 issues — far (gap 8), found by 'Evil Dead 2 - Revenge of Dracula' (via our own name without the filing suffix "Evil Dead 2 - Revenge of Dracula"); invisible before TODO 30
S102380	g	S cv=-: CV 99251 "Evil Dead 2: Revenge of Dracula" 2017 Space Goat Productions 2 issues — far (gap 9), found by 'Evil Dead 2 - Revenge of Dracula' (via our own name without the filing suffix "Evil Dead 2 - Revenge of Dracula"); invisible before TODO 30
S102381	g	S cv=-: CV 98518 "Evil Dead 2: Revenge of Evil Ed" 2017 Space Goat Productions 4 issues — far (gap 9), found by 'Evil Dead 2 - Revenge of Evil Ed' (via our own name without the filing suffix "Evil Dead 2 - Revenge of Evil Ed"); invisible before TODO 30
S102381	g	S cv=-: CV 99036 "Evil Dead 2: Revenge of Evil Ed" 2017 Space Goat Productions 2 issues — far (gap 9), found by 'Evil Dead 2 - Revenge of Evil Ed' (via our own name without the filing suffix "Evil Dead 2 - Revenge of Evil Ed"); invisible before TODO 30
S102382	g	S cv=-: CV 89158 "Evil Dead 2: Revenge of Hitler" 2016 Space Goat Productions 1 issues — far (gap 8), found by 'Evil Dead 2 - Revenge of Hitler' (via our own name without the filing suffix "Evil Dead 2 - Revenge of Hitler"); invisible before TODO 30
S102382	g	S cv=-: CV 98104 "Evil Dead 2: Revenge of Hitler" 2017 Space Goat Productions 2 issues — far (gap 9), found by 'Evil Dead 2 - Revenge of Hitler' (via our own name without the filing suffix "Evil Dead 2 - Revenge of Hitler"); invisible before TODO 30
S102383	g	S cv=-: CV 95218 "Evil Dead 2: Revenge of Jack the Ripper" 2016 Space Goat Productions 1 issues — far (gap 8), found by 'Evil Dead 2 - Revenge of Jack the Ripper' (via our own name without the filing suffix "Evil Dead 2 - Revenge of Jack the Ripper"); invisible before TODO 30
S102383	g	S cv=-: CV 100365 "Evil Dead 2: Revenge of Jack the Ripper" 2017 Space Goat Productions 2 issues — far (gap 9), found by 'Evil Dead 2 - Revenge of Jack the Ripper' (via our own name without the filing suffix "Evil Dead 2 - Revenge of Jack the Ripper"); invisible before TODO 30
S102384	g	S cv=-: CV 95011 "Evil Dead 2: Revenge of the Martians" 2016 Space Goat Productions 1 issues — far (gap 8), found by 'Evil Dead 2 - Revenge of the Martians' (via our own name without the filing suffix "Evil Dead 2 - Revenge of the Martians"); invisible before TODO 30
S102384	g	S cv=-: CV 99860 "Evil Dead 2: Revenge of The Martians" 2017 Space Goat Productions 2 issues — far (gap 9), found by 'Evil Dead 2 - Revenge of the Martians' (via our own name without the filing suffix "Evil Dead 2 - Revenge of the Martians"); invisible before TODO 30
S102390	g	S cv=-: CV 4398 "Guardians of the Galaxy" 1990 Marvel 62 issues — near (gap 1), found by 'Guardians of the Galaxy' (via our own name without the filing suffix "Guardians of the Galaxy"); invisible before TODO 30
S102390	g	S cv=-: CV 21550 "Guardians of the Galaxy" 2008 Marvel 25 issues — far (gap 17), found by 'Guardians of the Galaxy' (via our own name without the filing suffix "Guardians of the Galaxy"); invisible before TODO 30
S102390	g	S cv=-: CV 57960 "Guardians of the Galaxy" 2013 Marvel 28 issues — far (gap 22), found by 'Guardians of the Galaxy' (via our own name without the filing suffix "Guardians of the Galaxy"); invisible before TODO 30
S102390	g	S cv=-: CV 84159 "Guardians of the Galaxy" 2014 Panini Verlag 7 issues — far (gap 23), found by 'Guardians of the Galaxy' (via our own name without the filing suffix "Guardians of the Galaxy"); invisible before TODO 30
S102390	g	S cv=-: CV 81904 "Guardians of the Galaxy" 2015 Marvel 5 issues — far (gap 24), found by 'Guardians of the Galaxy' (via our own name without the filing suffix "Guardians of the Galaxy"); invisible before TODO 30
S102390	g	S cv=-: CV 85290 "Guardians of the Galaxy" 2015 Marvel 20 issues — far (gap 24), found by 'Guardians of the Galaxy' (via our own name without the filing suffix "Guardians of the Galaxy"); invisible before TODO 30
S102400	g	S cv=-: CV 105759 "Guardians of the Galaxy" 2017 Marvel 5 issues — near (gap 0), found by 'Guardians of the Galaxy' (via CV name "Guardians of the Galaxy"); invisible before TODO 30
S102400	g	S cv=-: CV 89302 "Marvel Universe Guardians of the Galaxy" 2016 Marvel 6 issues — near (gap 1), found by 'Marvel Universe Guardians of the Galaxy' (via our own name without the filing suffix "Marvel Universe Guardians of the Galaxy"); invisible before TODO 30
S102400	g	S cv=-: CV 146623 "Guardians of the Galaxy" 2016 Panini Verlag 8 issues — near (gap 1), found by 'Guardians of the Galaxy' (via CV name "Guardians of the Galaxy"); invisible before TODO 30
S102400	g	S cv=-: CV 80115 "Marvel Universe Guardians of the Galaxy" 2015 Marvel 4 issues — far (gap 2), found by 'Marvel Universe Guardians of the Galaxy' (via our own name without the filing suffix "Marvel Universe Guardians of the Galaxy"); invisible before TODO 30
S102400	g	S cv=-: CV 81904 "Guardians of the Galaxy" 2015 Marvel 5 issues — far (gap 2), found by 'Guardians of the Galaxy' (via CV name "Guardians of the Galaxy"); invisible before TODO 30
S102400	g	S cv=-: CV 85120 "Marvel Universe Guardians of the Galaxy" 2015 Marvel 23 issues — far (gap 2), found by 'Marvel Universe Guardians of the Galaxy' (via our own name without the filing suffix "Marvel Universe Guardians of the Galaxy"); invisible before TODO 30
S102443	g	S cv=-: CV 2701 "The Savage Sword of Conan" 1974 Marvel 235 issues — near (gap 0), found by 'The Savage Sword of Conan' (via our own name without the filing suffix "The Savage Sword of Conan"); invisible before TODO 30
S102443	g	S cv=-: CV 20391 "The Savage Sword of Conan" 1975 Marvel UK/Panini UK 18 issues — near (gap 1), found by 'The Savage Sword of Conan' (via our own name without the filing suffix "The Savage Sword of Conan"); invisible before TODO 30
S102443	g	S cv=-: CV 47760 "Savage Sword of Conan" 1977 Marvel UK/Panini UK 93 issues — far (gap 3), found by 'The Savage Sword of Conan' (via our own name without the filing suffix "The Savage Sword of Conan"); invisible before TODO 30
S102443	g	S cv=-: CV 21975 "The Savage Sword of Conan" 2007 Dark Horse Comics 22 issues — far (gap 33), found by 'The Savage Sword of Conan' (via our own name without the filing suffix "The Savage Sword of Conan"); invisible before TODO 30
S102443	g	S cv=-: CV 120279 "The Savage Sword Of Conan " 2017 Hachette 4 issues — far (gap 43), found by 'The Savage Sword of Conan' (via our own name without the filing suffix "The Savage Sword of Conan"); invisible before TODO 30
S102443	g	S cv=-: CV 117080 "The Savage Sword of Conan" 2019 Marvel 12 issues — far (gap 45), found by 'The Savage Sword of Conan' (via our own name without the filing suffix "The Savage Sword of Conan"); invisible before TODO 30
S102466	g	S cv=-: CV 125714 "Original Cat-Man and Kitten Retro Comics" 1997 AC Comics 1 issues — near (gap 0), found by 'Original Cat-Man and Kitten Retro Comics' (via CV name "Original Cat-Man and Kitten Retro Comics"); invisible before TODO 30
S102483	g	provider-missing: CV 150761 "Fairest of All" 2023 Disney-Hyperion 1 issues — near (gap 0), found by 'Fairest of All' (via CV name "Fairest of All"); invisible before TODO 30
S102509	g	S cv=-+provider-missing: CV 27230 "Dark Reign: The Goblin Legacy" 2009 Marvel 1 issues — far (gap 15), found by 'Dark Reign: The Goblin Legacy' (via CV name "Dark Reign: The Goblin Legacy"); invisible before TODO 30
S102550	g	provider-missing: CV 148325 "Masters of the Universe: Masterverse" 2023 Dark Horse Comics 4 issues — near (gap 0), found by 'Masters of the Universe: Masterverse' (via CV name "Masters of the Universe: Masterverse"); invisible before TODO 30
S102550	g	provider-missing: CV 155980 "Masters of the Universe: Masterverse" 2024 Panini Verlag 1 issues — near (gap 1), found by 'Masters of the Universe: Masterverse' (via CV name "Masters of the Universe: Masterverse"); invisible before TODO 30
S102550	g	provider-missing: CV 158321 "Masters of the Universe: Masterverse" ? Dark Horse Comics 1 issues — far, found by 'Masters of the Universe: Masterverse' (via CV name "Masters of the Universe: Masterverse"); invisible before TODO 30
S102554	g	S cv=-+provider-missing: CV 103601 "The Dark Horse Book of Horror" 2017 Dark Horse Comics 1 issues — far (gap 7), found by 'The Dark Horse Book of Horror' (via CV name "The Dark Horse Book of Horror"); invisible before TODO 30
S102648	g	S cv=-+provider-missing: CV 104220 "Mandrake the Magician" 2005 Thule Forlag 1 issues — far (gap 13), found by 'Mandrake the Magician' (via CV name "Mandrake the Magician"); invisible before TODO 30
S102648	g	S cv=-+provider-missing: CV 50299 "Mandrake the Magician" 1995 Marvel 2 issues — far (gap 23), found by 'Mandrake the Magician' (via CV name "Mandrake the Magician"); invisible before TODO 30
S102648	g	S cv=-+provider-missing: CV 169555 "Mandrake the Magician" 1993 Tony Raiola 1 issues — far (gap 25), found by 'Mandrake the Magician' (via CV name "Mandrake the Magician"); invisible before TODO 30
S102648	g	S cv=-+provider-missing: CV 169576 "Mandrake the Magician" 1993 Tony Raiola 1 issues — far (gap 25), found by 'Mandrake the Magician' (via CV name "Mandrake the Magician"); invisible before TODO 30
S102648	g	S cv=-+provider-missing: CV 104221 "Mandrake the Magician" 1990 Frew Publications 12 issues — far (gap 28), found by 'Mandrake the Magician' (via CV name "Mandrake the Magician"); invisible before TODO 30
S102648	g	S cv=-+provider-missing: CV 104219 "Mandrake the Magician" 1987 Budget Books 2 issues — far (gap 31), found by 'Mandrake the Magician' (via CV name "Mandrake the Magician"); invisible before TODO 30
S102786	g	provider-missing: CV 150305 "He-Man and the Masters of the Universe" 2011 DC Comics 8 issues — far (gap 25), found by 'He-Man and the Masters of the Universe' (via CV name "He-Man and the Masters of the Universe"); invisible before TODO 30
S102786	g	provider-missing: CV 50154 "He-Man and the Masters of the Universe" 2012 DC Comics 6 issues — far (gap 26), found by 'He-Man and the Masters of the Universe' (via CV name "He-Man and the Masters of the Universe"); invisible before TODO 30
S102786	g	provider-missing: CV 59980 "He-Man and the Masters of the Universe" 2013 DC Comics 19 issues — far (gap 27), found by 'He-Man and the Masters of the Universe' (via CV name "He-Man and the Masters of the Universe"); invisible before TODO 30
S102786	g	provider-missing: CV 65194 "He-Man and the Masters of the Universe" 2013 DC Comics 2 issues — far (gap 27), found by 'He-Man and the Masters of the Universe' (via CV name "He-Man and the Masters of the Universe"); invisible before TODO 30
S102786	g	provider-missing: CV 130860 "He-Man and the Masters of the Universe" 2020 DC Comics 1 issues — far (gap 34), found by 'He-Man and the Masters of the Universe' (via CV name "He-Man and the Masters of the Universe"); invisible before TODO 30
S103000	g	provider-missing: CV 109207 "Sea of Thieves" 2018 Titan Comics 4 issues — near (gap 1), found by 'Sea of Thieves' (via CV name "Sea of Thieves"); invisible before TODO 30
S103000	g	provider-missing: CV 113730 "Sea of Thieves" 2018 Titan Comics 1 issues — near (gap 1), found by 'Sea of Thieves' (via CV name "Sea of Thieves"); invisible before TODO 30
S103000	g	provider-missing: CV 134597 "Sea of Thieves" 2021 Titan Comics 3 issues — far (gap 2), found by 'Sea of Thieves' (via CV name "Sea of Thieves"); invisible before TODO 30
S103001	g	provider-missing: CV 109207 "Sea of Thieves" 2018 Titan Comics 4 issues — near (gap 1), found by 'Sea of Thieves' (via CV name "Sea of Thieves"); invisible before TODO 30
S103001	g	provider-missing: CV 113730 "Sea of Thieves" 2018 Titan Comics 1 issues — near (gap 1), found by 'Sea of Thieves' (via CV name "Sea of Thieves"); invisible before TODO 30
S103001	g	provider-missing: CV 134597 "Sea of Thieves" 2021 Titan Comics 3 issues — far (gap 2), found by 'Sea of Thieves' (via CV name "Sea of Thieves"); invisible before TODO 30
S103003	g	provider-missing: CV 109207 "Sea of Thieves" 2018 Titan Comics 4 issues — near (gap 1), found by 'Sea of Thieves' (via CV name "Sea of Thieves"); invisible before TODO 30
S103003	g	provider-missing: CV 113730 "Sea of Thieves" 2018 Titan Comics 1 issues — near (gap 1), found by 'Sea of Thieves' (via CV name "Sea of Thieves"); invisible before TODO 30
S103003	g	provider-missing: CV 134597 "Sea of Thieves" 2021 Titan Comics 3 issues — far (gap 2), found by 'Sea of Thieves' (via CV name "Sea of Thieves"); invisible before TODO 30
S103065	g	provider-missing: CV 135730 "Bettie Page: Queen of the Nile" 2021 Dynamite Entertainment 1 issues — near (gap 0), found by 'Bettie Page: Queen of the Nile' (via our own name without the filing suffix "Bettie Page: Queen of the Nile"); invisible before TODO 30
S103210	g	S cv=-: CV 39882 "Planet of the Apes" 2011 Boom! Studios 16 issues — near (gap 0), found by 'Planet of the Apes' (via our own name without the filing suffix "Planet of the Apes"); invisible before TODO 30
S103210	g	S cv=-: CV 49156 "Planet of the Apes" 2011 Boom! Studios 5 issues — near (gap 0), found by 'Planet of the Apes' (via our own name without the filing suffix "Planet of the Apes"); invisible before TODO 30
S103210	g	S cv=-: CV 27990 "Planet of the Apes" 2001 Dark Horse Comics 6 issues — far (gap 10), found by 'Planet of the Apes' (via our own name without the filing suffix "Planet of the Apes"); invisible before TODO 30
S103210	g	S cv=-: CV 149308 "Planet of the Apes" 2023 Marvel 5 issues — far (gap 12), found by 'Planet of the Apes' (via our own name without the filing suffix "Planet of the Apes"); invisible before TODO 30
S103210	g	S cv=-: CV 29952 "Planet of the Apes" 1990 Adventure 24 issues — far (gap 21), found by 'Planet of the Apes' (via our own name without the filing suffix "Planet of the Apes"); invisible before TODO 30
S103210	g	S cv=-: CV 2699 "Planet of the Apes" 1974 Marvel 29 issues — far (gap 37), found by 'Planet of the Apes' (via our own name without the filing suffix "Planet of the Apes"); invisible before TODO 30
S103317	g	provider-missing: CV 11059 "Legion of Super-Heroes" 2005 DC Comics 30 issues — far (gap 7), found by 'Legion of Super-Heroes' (via GCD name "Legion of Super-Heroes"); invisible before TODO 30
S103317	g	provider-missing: CV 4201 "Legion of Super-Heroes" 1989 DC Comics 127 issues — far (gap 9), found by 'Legion of Super-Heroes' (via GCD name "Legion of Super-Heroes"); invisible before TODO 30
S103317	g	provider-missing: CV 33225 "Legion of Super-Heroes" 2010 DC Comics 16 issues — far (gap 12), found by 'Legion of Super-Heroes' (via GCD name "Legion of Super-Heroes"); invisible before TODO 30
S103317	g	provider-missing: CV 42952 "Legion of Super-Heroes" 2011 DC Comics 24 issues — far (gap 13), found by 'Legion of Super-Heroes' (via GCD name "Legion of Super-Heroes"); invisible before TODO 30
S103317	g	provider-missing: CV 3310 "Legion of Super-Heroes" 1984 DC Comics 63 issues — far (gap 14), found by 'Legion of Super-Heroes' (via GCD name "Legion of Super-Heroes"); invisible before TODO 30
S103317	g	provider-missing: CV 61645 "Legion of Super-Heroes" 2012 Panini Verlag 3 issues — far (gap 14), found by 'Legion of Super-Heroes' (via GCD name "Legion of Super-Heroes"); invisible before TODO 30
S103454	g	provider-missing: CV 112575 "DC Super Hero Girls: Out of the Bottle" 2018 DC Comics 1 issues — near (gap 1), found by 'DC Super Hero Girls: Out of the Bottle' (via our own name without the filing suffix "DC Super Hero Girls: Out of the Bottle"); invisible before TODO 30
S103474	g	S cv=-: CV 132279 "Love and Capes: The Family Way" 2020 IDW Publishing 1 issues — near (gap 0), found by 'Love and Capes: The Family Way' (via our own name without the filing suffix "Love and Capes: The Family Way"); invisible before TODO 30
S103692	g	S cv=-: CV 150441 "Iron Man Epic Collection: The Crossing" 2023 Marvel 1 issues — near (gap 0), found by 'Iron Man Epic Collection: The Crossing' (via CV name "Iron Man Epic Collection: The Crossing"); invisible before TODO 30
S103727	g	provider-missing: CV 120609 "Shaman King: The Super Star" 2018 Kodansha 10 issues — far (gap 2), found by 'Shaman King: The Super Star' (via our own name without the filing suffix "Shaman King: The Super Star"); invisible before TODO 30
S103782	g	provider-missing: CV 62344 "Adventures of Superman" 2013 DC Comics 17 issues — near (gap 0), found by 'Adventures of Superman' (via our own name without the filing suffix "Adventures of Superman"); invisible before TODO 30
S103782	g	provider-missing: CV 73098 "Adventures of Superman" 2014 DC Comics 3 issues — near (gap 1), found by 'Adventures of Superman' (via our own name without the filing suffix "Adventures of Superman"); invisible before TODO 30
S103782	g	provider-missing: CV 3778 "Adventures of Superman" 1987 DC Comics 228 issues — far (gap 26), found by 'Adventures of Superman' (via our own name without the filing suffix "Adventures of Superman"); invisible before TODO 30
