# shelves with a NEAR re-probe hit (all their hit rows), stored CV excluded; from reprobe.tsv, TOOLS_TODO 32
S21	g	provider-missing: CV 80982 "Rise of the Conqueror" 2015 Red Element 2 issues — near (gap 0), found by 'Rise of the Conqueror' (via CV candidate name "Rise of the Conqueror"); invisible before TODO 30
S51	g	provider-missing: CV 98765 "Thrill-Power Overload: Forty Years of 2000 AD: Revised, Updated and Expanded!" 2017 Rebellion 1 issues — near (gap 0), found by 'Thrill-Power Overload: Forty Years of 2000 AD: Revised, Updated and Expanded!' (via CV candidate name "Thrill-Power Overload: Forty Years of 2000 AD: Revised, Updated and Expanded!"); invisible before TODO 30
S80	g	provider-missing: CV 105081 "3 O'clock Club: School's Out... of Control" 2017 Lion Forge Comics 1 issues — near (gap 1), found by '3 O'clock Club: School's Out... of Control' (via CV candidate name "3 O'clock Club: School's Out... of Control"); invisible before TODO 30
S174	g	provider-missing: CV 154888 "Lovecraft: The Call of Cthulhu" 2023 Zenescope Entertainment 1 issues — near (gap 0), found by 'Lovecraft: The Call of Cthulhu' (via CV candidate name "Lovecraft: The Call of Cthulhu"); invisible before TODO 30
S174	g	provider-missing: CV 134443 "The Call of Cthulhu and Dagon: A Graphic Novel" 2021 Printers Row 1 issues — far (gap 2), found by 'The Call of Cthulhu and Dagon: A Graphic Novel' (via CV candidate name "The Call of Cthulhu and Dagon: A Graphic Novel"); invisible before TODO 30
S207	g	provider-missing: CV 125697 "Zombie Tramp: A Dead Girl in Europe" 2020 Action Lab 1 issues — near (gap 0), found by 'Zombie Tramp: A Dead Girl in Europe' (via CV candidate name "Zombie Tramp: A Dead Girl in Europe"); invisible before TODO 30
S248	g	provider-missing: CV 135489 "A Taste of Fantasy" 2021 Harlequin Comics 1 issues — near (gap 1), found by 'A Taste of Fantasy' (via CV candidate name "A Taste of Fantasy"); invisible before TODO 30
S256	g	provider-missing: CV 95442 "A Treasury of XXth Century Murder: Black Dahlia" 2016 NBM 1 issues — near (gap 1), found by 'A Treasury of XXth Century Murder: Black Dahlia' (via CV candidate name "A Treasury of XXth Century Murder: Black Dahlia"); invisible before TODO 30
S256	g	provider-missing: CV 56423 "A Treasury of Victorian Murder Compendium" 2013 NBM 2 issues — far (gap 4), found by 'A Treasury of Victorian Murder Compendium' (via CV candidate name "A Treasury of Victorian Murder Compendium"); invisible before TODO 30
S491	g	provider-missing: CV 139211 "After the Fall" 2021 Magnetic Press 1 issues — near (gap 0), found by 'After the Fall' (own spelling); invisible before TODO 30
S491	g	provider-missing: CV 130453 "After the Fall" 2020 Goldfinger Platinum Factory 1 issues — near (gap 1), found by 'After the Fall' (own spelling); invisible before TODO 30
S681	g	provider-missing: CV 20054 "Buffy The Vampire Slayer: Panel to Panel" 2007 Dark Horse Comics 1 issues — near (gap 1), found by 'Buffy The Vampire Slayer: Panel to Panel' (via CV candidate name "Buffy The Vampire Slayer: Panel to Panel"); invisible before TODO 30
S681	g	provider-missing: CV 80730 "Buffy The Vampire Slayer: Panel To Panel: Seasons 8 & 9" 2015 Dark Horse Comics 1 issues — far (gap 9), found by 'Buffy The Vampire Slayer: Panel To Panel: Seasons 8 & 9' (via CV candidate name "Buffy The Vampire Slayer: Panel To Panel: Seasons 8 & 9"); invisible before TODO 30
S754	g	S cv=-: CV 90093 "All-New X-Men: Inevitable: Ghosts of Cyclops" 2016 Marvel 1 issues — near (gap 0), found by 'All-New X-Men: Inevitable: Ghosts of Cyclops' (via CV candidate name "All-New X-Men: Inevitable: Ghosts of Cyclops"); invisible before TODO 30
S924	g	provider-missing: CV 60948 "Amelia Cole and the Hidden War" 2013 MonkeyBrain Comics 6 issues — near (gap 1), found by 'Amelia Cole and the Hidden War' (via CV candidate name "Amelia Cole and the Hidden War"); invisible before TODO 30
S924	g	provider-missing: CV 66323 "Amelia Cole and the Unknown World" 2013 IDW Publishing 1 issues — near (gap 1), found by 'Amelia Cole and the Unknown World' (own spelling); invisible before TODO 30
S924	g	provider-missing: CV 72008 "Amelia Cole and the Hidden War" 2014 MonkeyBrain Comics 1 issues — far (gap 2), found by 'Amelia Cole and the Hidden War' (via CV candidate name "Amelia Cole and the Hidden War"); invisible before TODO 30
S924	g	provider-missing: CV 87198 "Amelia Cole Versus The End of Everything" 2016 MonkeyBrain Comics 6 issues — far (gap 4), found by 'Amelia Cole Versus The End of Everything' (via CV candidate name "Amelia Cole Versus The End of Everything"); invisible before TODO 30
S924	g	provider-missing: CV 91873 "Amelia Cole Versus The End of Everything" 2016 MonkeyBrain Comics 1 issues — far (gap 4), found by 'Amelia Cole Versus The End of Everything' (via CV candidate name "Amelia Cole Versus The End of Everything"); invisible before TODO 30
S928	g	provider-missing: CV 66323 "Amelia Cole and the Unknown World" 2013 IDW Publishing 1 issues — near (gap 1), found by 'Amelia Cole and the Unknown World' (via CV candidate name "Amelia Cole and the Unknown World"); invisible before TODO 30
S928	g	provider-missing: CV 84746 "Amelia Cole and the Impossible Fate" 2015 IDW Publishing 1 issues — near (gap 1), found by 'Amelia Cole and the Impossible Fate' (own spelling); invisible before TODO 30
S928	g	provider-missing: CV 54107 "Amelia Cole and the Unknown World" 2012 MonkeyBrain Comics 6 issues — far (gap 2), found by 'Amelia Cole and the Unknown World' (via CV candidate name "Amelia Cole and the Unknown World"); invisible before TODO 30
S1058	g	provider-missing: CV 117743 "Encounter: Welcome To the Team!" 2019 Lion Forge Comics 1 issues — near (gap 1), found by 'Encounter: Welcome To the Team!' (via CV candidate name "Encounter: Welcome To the Team!"); invisible before TODO 30
S1070	g	provider-missing: CV 104761 "Dracula Marries Frankenstein! An Anne of Green Bagels Story" 2017 NBM 1 issues — near (gap 1), found by 'Dracula Marries Frankenstein! An Anne of Green Bagels Story' (via CV candidate name "Dracula Marries Frankenstein! An Anne of Green Bagels Story"); invisible before TODO 30
S1070	g	provider-missing: CV 105490 "Anne of Green Gables" 2017 Andrews McMeel Publishing 1 issues — near (gap 1), found by 'Anne of Green Gables' (via CV candidate name "Anne of Green Gables"); invisible before TODO 30
S1070	g	provider-missing: CV 78433 "Anne of Green Gables" 2014 TidalWave Productions 1 issues — far (gap 2), found by 'Anne of Green Gables' (via CV candidate name "Anne of Green Gables"); invisible before TODO 30
S1070	g	provider-missing: CV 66591 "Anne of Green Gables" 2010 TidalWave Productions 4 issues — far (gap 6), found by 'Anne of Green Gables' (via CV candidate name "Anne of Green Gables"); invisible before TODO 30
S1117	g	S cv=-: CV 82823 "Ant-Man/Giant-Man Epic Collection: The Man In the Ant Hill" 2015 Marvel 1 issues — near (gap 0), found by 'Ant-Man/Giant-Man Epic Collection: The Man In the Ant Hill' (via CV candidate name "Ant-Man/Giant-Man Epic Collection: The Man In the Ant Hill"); invisible before TODO 30
S1172	g	provider-missing: CV 154374 "Aquaman and the Lost Kingdom Special" 2023 DC Comics 1 issues — near (gap 1), found by 'Aquaman and the Lost Kingdom Special' (via GCD name "Aquaman and the Lost Kingdom Special"); invisible before TODO 30
S1362	g	provider-missing: CV 118833 "Ask For Mercy: The Key To Forever" 2019 Comicraft 1 issues — near (gap 1), found by 'Ask For Mercy: The Key To Forever' (own spelling); invisible before TODO 30
S1364	g	provider-missing: CV 118833 "Ask For Mercy: The Key To Forever" 2019 Comicraft 1 issues — near (gap 1), found by 'Ask For Mercy: The Key To Forever' (via CV candidate name "Ask For Mercy: The Key To Forever"); invisible before TODO 30
S1364	g	provider-missing: CV 136542 "Ask For Mercy Season Three: World of Disquiet" 2021 Comicraft 1 issues — near (gap 1), found by 'Ask For Mercy Season Three: World of Disquiet' (own spelling); invisible before TODO 30
S1364	g	provider-missing: CV 111306 "Ask For Mercy: The Key To Forever" 2018 Comicraft 6 issues — far (gap 2), found by 'Ask For Mercy: The Key To Forever' (via CV candidate name "Ask For Mercy: The Key To Forever"); invisible before TODO 30
S1365	g	provider-missing: CV 118833 "Ask For Mercy: The Key To Forever" 2019 Comicraft 1 issues — near (gap 0), found by 'Ask For Mercy: The Key To Forever' (via CV candidate name "Ask For Mercy: The Key To Forever"); invisible before TODO 30
S1365	g	provider-missing: CV 111306 "Ask For Mercy: The Key To Forever" 2018 Comicraft 6 issues — near (gap 1), found by 'Ask For Mercy: The Key To Forever' (via CV candidate name "Ask For Mercy: The Key To Forever"); invisible before TODO 30
S1365	g	provider-missing: CV 127940 "Ask For Mercy Season Two: The Heart of the Earth" 2020 Comicraft 1 issues — near (gap 1), found by 'Ask For Mercy Season Two: The Heart of the Earth' (via CV name "Ask For Mercy Season Two: The Heart of the Earth"); invisible before TODO 30
S1366	g	provider-missing: CV 118833 "Ask For Mercy: The Key To Forever" 2019 Comicraft 1 issues — near (gap 0), found by 'Ask For Mercy: The Key To Forever' (via CV candidate name "Ask For Mercy: The Key To Forever"); invisible before TODO 30
S1366	g	provider-missing: CV 111306 "Ask For Mercy: The Key To Forever" 2018 Comicraft 6 issues — near (gap 1), found by 'Ask For Mercy: The Key To Forever' (via CV candidate name "Ask For Mercy: The Key To Forever"); invisible before TODO 30
S1645	g	provider-missing: CV 39533 "Avengers and the Infinity Gauntlet" 2011 Marvel 1 issues — near (gap 1), found by 'Avengers and the Infinity Gauntlet' (own spelling); invisible before TODO 30
S1675	g	provider-missing: CV 103633 "X-Men: Gold: Back To The Basics" 2017 Marvel 1 issues — near (gap 1), found by 'X-Men: Gold: Back To The Basics' (via CV candidate name "X-Men: Gold: Back To The Basics"); invisible before TODO 30
S1878	g	provider-missing: CV 92351 "Batgirl & the Birds of Prey: Rebirth" 2016 DC Comics 1 issues — near (gap 0), found by 'Batgirl & the Birds of Prey: Rebirth' (via CV candidate name "Batgirl & the Birds of Prey: Rebirth"); invisible before TODO 30
S1878	g	provider-missing: CV 85740 "Birds of Prey" 2015 DC Comics 3 issues — near (gap 1), found by 'Birds of Prey' (via CV candidate name "Birds of Prey"); invisible before TODO 30
S1878	g	provider-missing: CV 100560 "Batgirl and the Birds of Prey" 2017 DC Comics 3 issues — near (gap 1), found by 'Batgirl and the Birds of Prey' (own spelling); invisible before TODO 30
S1878	g	provider-missing: CV 52139 "Birds of Prey" 2012 DC Comics 5 issues — far (gap 4), found by 'Birds of Prey' (via CV candidate name "Birds of Prey"); invisible before TODO 30
S1878	g	provider-missing: CV 127620 "Birds of Prey" 2020 DC Comics 1 issues — far (gap 4), found by 'Birds of Prey' (via CV candidate name "Birds of Prey"); invisible before TODO 30
S1878	g	provider-missing: CV 42806 "Birds of Prey" 2011 DC Comics 35 issues — far (gap 5), found by 'Birds of Prey' (via CV candidate name "Birds of Prey"); invisible before TODO 30
S1943	g	provider-missing: CV 156489 "Batman and Robin 2024 Annual" 2024 DC Comics 1 issues — near (gap 0), found by 'Batman and Robin 2024 Annual' (via CV candidate name "Batman and Robin 2024 Annual"); invisible before TODO 30
S1943	g	provider-missing: CV 115037 "Batman and Robin: Bad Blood: DC Essential Edition" 2018 DC Comics 1 issues — far (gap 6), found by 'Batman and Robin: Bad Blood: DC Essential Edition' (via CV candidate name "Batman and Robin: Bad Blood: DC Essential Edition"); invisible before TODO 30
S2128	g	S cv=-+provider-missing: CV 103575 "Batman The Dark Knight" 2014 RW Uitgeverij 3 issues — near (gap 1), found by 'Batman: The Dark Knight' (via CV candidate name "Batman: The Dark Knight"); invisible before TODO 30
S2128	g	S cv=-+provider-missing: CV 62348 "Batman: The Dark Knight Annual" 2013 DC Comics 1 issues — far (gap 2), found by 'Batman: The Dark Knight Annual' (via CV candidate name "Batman: The Dark Knight Annual"); invisible before TODO 30
S2128	g	S cv=-+provider-missing: CV 53222 "Batman: The Dark Knight" 2012 DC Comics 4 issues — far (gap 3), found by 'Batman: The Dark Knight' (via CV candidate name "Batman: The Dark Knight"); invisible before TODO 30
S2128	g	S cv=-+provider-missing: CV 56063 "Batman The Dark Knight" 2012 Titan Comics 19 issues — far (gap 3), found by 'Batman: The Dark Knight' (via CV candidate name "Batman: The Dark Knight"); invisible before TODO 30
S2128	g	S cv=-+provider-missing: CV 61513 "Batman: The Dark Knight" 2012 Panini Verlag 32 issues — far (gap 3), found by 'Batman: The Dark Knight' (via CV candidate name "Batman: The Dark Knight"); invisible before TODO 30
S2128	g	S cv=-+provider-missing: CV 37880 "Batman: The Dark Knight" 2011 DC Comics 5 issues — far (gap 4), found by 'Batman: The Dark Knight' (via CV candidate name "Batman: The Dark Knight"); invisible before TODO 30
S2158	g	S cv=-+provider-missing: CV 107493 "Batman & the Signal" 2018 DC Comics 3 issues — near (gap 1), found by 'Batman & the Signal' (via the parsed key without the filing suffix "Batman & the Signal"); invisible before TODO 30
S2158	g	S cv=-+provider-missing: CV 112937 "Batman and the Signal" 2018 DC Comics 1 issues — near (gap 1), found by 'Batman and the Signal' (own spelling); invisible before TODO 30
S2171	g	provider-missing: CV 89207 "Superman/Batman: Batman v Superman: Dawn of Justice Special Edition" 2016 DC Comics 1 issues — near (gap 0), found by 'Superman/Batman: Batman v Superman: Dawn of Justice Special Edition' (via CV candidate name "Superman/Batman: Batman v Superman: Dawn of Justice Special Edition"); invisible before TODO 30
S2171	g	provider-missing: CV 121595 "General Mills Presents Batman v Superman: Dawn of Justice" 2016 DC Comics 4 issues — near (gap 0), found by 'General Mills Presents Batman v Superman: Dawn of Justice' (via CV candidate name "General Mills Presents Batman v Superman: Dawn of Justice"); invisible before TODO 30
S2172	g	provider-missing: CV 91589 "Batman v Superman: Dawn of Justice - Upstairs/Downstairs" 2016 DC Comics 1 issues — near (gap 0), found by 'Batman v Superman: Dawn of Justice - Upstairs/Downstairs' (via CV candidate name "Batman v Superman: Dawn of Justice - Upstairs/Downstairs"); invisible before TODO 30
S2172	g	provider-missing: CV 121595 "General Mills Presents Batman v Superman: Dawn of Justice" 2016 DC Comics 4 issues — near (gap 0), found by 'General Mills Presents Batman v Superman: Dawn of Justice' (via CV candidate name "General Mills Presents Batman v Superman: Dawn of Justice"); invisible before TODO 30
S2356	g	provider-missing: CV 48969 "Sonic The Hedgehog FCBD 2012" 2012 Archie Comics 1 issues — near (gap 0), found by 'Sonic The Hedgehog FCBD 2012' (via CV candidate name "Sonic The Hedgehog FCBD 2012"); invisible before TODO 30
S2386	g	provider-missing: CV 84970 "Guardians of the Galaxy: Through the Looking Glass" 2015 Marvel 1 issues — near (gap 1), found by 'Guardians of the Galaxy: Through the Looking Glass' (via CV candidate name "Guardians of the Galaxy: Through the Looking Glass"); invisible before TODO 30
S2386	g	provider-missing: CV 51326 "Batman: Through the Looking Glass" 2012 DC Comics 1 issues — far (gap 2), found by 'Batman: Through the Looking Glass' (via CV candidate name "Batman: Through the Looking Glass"); invisible before TODO 30
S2499	g	provider-missing: CV 80515 "Betty and Veronica: Sleepover Special" 2015 Archie Comics 1 issues — near (gap 1), found by 'Betty and Veronica: Sleepover Special' (via CV candidate name "Betty and Veronica: Sleepover Special"); invisible before TODO 30
S2592	g	S cv=-: CV 73049 "Billy the Kid's Old-Timey Oddities" 2006 Dark Horse Comics 1 issues — near (gap 0), found by 'Billy the Kid's Old Timey Oddities' (own spelling); invisible before TODO 30
S2592	g	S cv=-: CV 21394 "Billy the Kid's Old-Timey Oddities" 2005 Dark Horse Comics 4 issues — near (gap 1), found by 'Billy the Kid's Old Timey Oddities' (own spelling); invisible before TODO 30
S2592	g	S cv=-: CV 35464 "Billy the Kid's Old Timey Oddities and the Ghastly Fiend of London" 2010 Dark Horse Comics 4 issues — far (gap 4), found by 'Billy the Kid's Old Timey Oddities and the Ghastly Fiend of London' (via CV candidate name "Billy the Kid's Old Timey Oddities and the Ghastly Fiend of London"); invisible before TODO 30
S2592	g	S cv=-: CV 150840 "Billy the Kid's Old Timey Oddities and The Ghastly Fiend of London" 2011 Dark Horse Comics 1 issues — far (gap 5), found by 'Billy the Kid's Old Timey Oddities and the Ghastly Fiend of London' (via CV candidate name "Billy the Kid's Old Timey Oddities and the Ghastly Fiend of London"); invisible before TODO 30
S2592	g	S cv=-: CV 53099 "Billy The Kid’s Old Timey Oddities And The Orm Of Loch Ness" 2012 Dark Horse Comics 4 issues — far (gap 6), found by 'Billy The Kid’s Old Timey Oddities And The Orm Of Loch Ness' (via CV candidate name "Billy The Kid’s Old Timey Oddities And The Orm Of Loch Ness"); invisible before TODO 30
S2592	g	S cv=-: CV 64680 "Billy The Kid’s Old Timey Oddities And The Orm Of Loch Ness" 2013 Dark Horse Comics 1 issues — far (gap 7), found by 'Billy The Kid’s Old Timey Oddities And The Orm Of Loch Ness' (via CV candidate name "Billy The Kid’s Old Timey Oddities And The Orm Of Loch Ness"); invisible before TODO 30
S2620	g	provider-missing: CV 127620 "Birds of Prey" 2020 DC Comics 1 issues — near (gap 0), found by 'Birds of Prey' (via CV candidate name "Birds of Prey"); invisible before TODO 30
S2620	g	provider-missing: CV 153328 "Birds of Prey" 2023 DC Comics 28 issues — far (gap 3), found by 'Birds of Prey' (via CV candidate name "Birds of Prey"); invisible before TODO 30
S2620	g	provider-missing: CV 159708 "Birds of Prey" 2024 DC Comics 3 issues — far (gap 4), found by 'Birds of Prey' (via CV candidate name "Birds of Prey"); invisible before TODO 30
S2620	g	provider-missing: CV 85740 "Birds of Prey" 2015 DC Comics 3 issues — far (gap 5), found by 'Birds of Prey' (via CV candidate name "Birds of Prey"); invisible before TODO 30
S2620	g	provider-missing: CV 52139 "Birds of Prey" 2012 DC Comics 5 issues — far (gap 8), found by 'Birds of Prey' (via CV candidate name "Birds of Prey"); invisible before TODO 30
S2620	g	provider-missing: CV 42806 "Birds of Prey" 2011 DC Comics 35 issues — far (gap 9), found by 'Birds of Prey' (via CV candidate name "Birds of Prey"); invisible before TODO 30
S2769	g	provider-missing: CV 95849 "X-O Manowar: Long Live the King" 2016 DMG/Valiant Entertainment 1 issues — near (gap 1), found by 'X-O Manowar: Long Live the King' (via CV candidate name "X-O Manowar: Long Live the King"); invisible before TODO 30
S2769	g	provider-missing: CV 111035 "Black Panther: Long Live The King" 2018 Marvel 1 issues — near (gap 1), found by 'Black Panther: Long Live the King' (own spelling); invisible before TODO 30
S3077	g	S cv=-: CV 143729 "Bone Orchard: The Passageway" 2022 Image 1 issues — near (gap 0), found by 'Bone Orchard: The Passageway' (via CV candidate name "Bone Orchard: The Passageway"); invisible before TODO 30
S3093	g	provider-missing: CV 154273 "Darkhold: The Book of Evil" 2022 Marvel UK/Panini UK 1 issues — near (gap 0), found by 'Darkhold: The Book of Evil' (via CV candidate name "Darkhold: The Book of Evil"); invisible before TODO 30
S3093	g	provider-missing: CV 158242 "Book of Evil" 2024 Splitter 1 issues — far (gap 2), found by 'Book of Evil' (own spelling); invisible before TODO 30
S3097	g	provider-missing: CV 101600 "The Books of Magic" 2017 DC Comics 1 issues — near (gap 1), found by 'Books of Magic' (own spelling); invisible before TODO 30
S3097	g	provider-missing: CV 120094 "Books of Magic" 2019 DC Comics 3 issues — near (gap 1), found by 'Books of Magic' (own spelling); invisible before TODO 30
S3097	g	provider-missing: CV 5943 "The Books of Magic Annual" 1997 DC Comics 3 issues — far (gap 21), found by 'The Books of Magic Annual' (via CV candidate name "The Books of Magic Annual"); invisible before TODO 30
S3097	g	provider-missing: CV 5239 "The Books of Magic" 1994 DC Comics 75 issues — far (gap 24), found by 'Books of Magic' (own spelling); invisible before TODO 30
S3097	g	provider-missing: CV 25522 "The Books of Magic" 1993 DC Comics 1 issues — far (gap 25), found by 'Books of Magic' (own spelling); invisible before TODO 30
S3097	g	provider-missing: CV 4354 "Books of Magic" 1990 DC Comics 4 issues — far (gap 28), found by 'Books of Magic' (own spelling); invisible before TODO 30
S3141	g	provider-missing: CV 143940 "The United States of Captain America" 2022 Marvel 1 issues — near (gap 1), found by 'The United States of Captain America' (via CV candidate name "The United States of Captain America"); invisible before TODO 30
S3141	g	provider-missing: CV 137256 "The United States of Captain America" 2021 Marvel 5 issues — far (gap 2), found by 'The United States of Captain America' (via CV candidate name "The United States of Captain America"); invisible before TODO 30
S3156	g	provider-missing: CV 125846 "Breaklands Season One: The Chase" 2020 Dark Horse Comics 1 issues — near (gap 1), found by 'Breaklands Season One: The Chase' (via CV candidate name "Breaklands Season One: The Chase"); invisible before TODO 30
S3157	g	provider-missing: CV 136293 "Breaklands Season Two: The Citadel" 2021 Justin Jordan 1 issues — near (gap 0), found by 'Breaklands Season Two: The Citadel' (via CV candidate name "Breaklands Season Two: The Citadel"); invisible before TODO 30
S3157	g	provider-missing: CV 125846 "Breaklands Season One: The Chase" 2020 Dark Horse Comics 1 issues — near (gap 1), found by 'Breaklands Season One: The Chase' (via CV candidate name "Breaklands Season One: The Chase"); invisible before TODO 30
S3165	g	S cv=-: CV 100810 "Briggs Land: State of Grace" 2017 Dark Horse Comics 1 issues — near (gap 0), found by 'Briggs Land: State of Grace' (via CV candidate name "Briggs Land: State of Grace"); invisible before TODO 30
S3323	g	provider-missing: CV 60637 "Cable and X-Force: Wanted" 2013 Marvel 1 issues — near (gap 0), found by 'Cable and X-Force: Wanted' (via CV candidate name "Cable and X-Force: Wanted"); invisible before TODO 30
S3323	g	provider-missing: CV 66593 "Cable and X-Force" 2013 Panini Verlag 5 issues — near (gap 0), found by 'Cable and X-Force' (own spelling); invisible before TODO 30
S3376	g	S cv=-+provider-missing: CV 53103 "Transformers: The IDW Collection" 2010 IDW Publishing 8 issues — near (gap 1), found by 'Transformers: The IDW Collection' (via CV candidate name "Transformers: The IDW Collection"); invisible before TODO 30
S3376	g	S cv=-+provider-missing: CV 143092 "IDW: The First 10 Years" 2009 IDW Publishing 2 issues — far (gap 2), found by 'IDW: The First 10 Years' (via CV candidate name "IDW: The First 10 Years"); invisible before TODO 30
S3427	g	S cv=-: CV 34208 "Death of Captain America Omnibus" 2009 Marvel 1 issues — near (gap 1), found by 'Death of Captain America Omnibus' (via CV name "Death of Captain America Omnibus"); invisible before TODO 30
S3500	g	provider-missing: CV 71357 "Captain America: The Winter Soldier" 2014 Marvel 1 issues — near (gap 1), found by 'Captain America: The Winter Soldier' (via CV candidate name "Captain America: The Winter Soldier"); invisible before TODO 30
S3500	g	provider-missing: CV 163076 "Captain America: The Winter Soldier" 2025 Marvel 1 issues — far (gap 10), found by 'Captain America: The Winter Soldier' (via CV candidate name "Captain America: The Winter Soldier"); invisible before TODO 30
S3543	g	provider-missing: CV 147477 "Captain Marvel: The Last Of The Marvels" 2022 Marvel 1 issues — near (gap 1), found by 'Captain Marvel: The Last Of The Marvels' (via CV candidate name "Captain Marvel: The Last Of The Marvels"); invisible before TODO 30
S3616	g	S cv=-: CV 148739 "Carmilla: The First Vampire" 2023 Dark Horse Comics 1 issues — near (gap 1), found by 'Carmilla: The First Vampire' (via CV candidate name "Carmilla: The First Vampire"); invisible before TODO 30
S3626	g	provider-missing: CV 120940 "Carnival Row: From the Dark" 2019 Legendary Comics 1 issues — near (gap 0), found by 'Carnival Row: From the Dark' (via CV candidate name "Carnival Row: From the Dark"); invisible before TODO 30
S3787	g	provider-missing: CV 139495 "Chasing the Dragon" 2021 Heavy Metal 1 issues — near (gap 0), found by 'Chasing the Dragon' (own spelling); invisible before TODO 30
S3787	g	provider-missing: CV 75308 "Chasing the Dragon" 2010 Hodder & Stoughton Ltd 1 issues — far (gap 11), found by 'Chasing the Dragon' (own spelling); invisible before TODO 30
S3870	g	provider-missing: CV 137353 "IDW Publishing: The Gateway Collection" 2017 IDW Publishing 1 issues — near (gap 0), found by 'IDW Publishing: The Gateway Collection' (via CV candidate name "IDW Publishing: The Gateway Collection"); invisible before TODO 30
S3870	g	provider-missing: CV 74735 "Godzilla: The IDW Era" 2014 IDW Publishing 1 issues — far (gap 3), found by 'Godzilla: The IDW Era' (via CV candidate name "Godzilla: The IDW Era"); invisible before TODO 30
S4052	g	provider-missing: CV 160697 "Come Find Me: An Autumnal Offering" 2024 DSTLRY 1 issues — near (gap 0), found by 'Come Find Me: An Autumnal Offering' (via CV candidate name "Come Find Me: An Autumnal Offering"); invisible before TODO 30
S4089	g	provider-missing: CV 55560 "Conan: Queen of the Black Coast" 2013 Dark Horse Comics 1 issues — near (gap 1), found by 'Conan: Queen of the Black Coast' (via CV candidate name "Conan: Queen of the Black Coast"); invisible before TODO 30
S4089	g	provider-missing: CV 71443 "Conan: The Phantoms of the Black Coast" 2014 Dark Horse Comics 1 issues — far (gap 2), found by 'Conan: The Phantoms of the Black Coast' (own spelling); invisible before TODO 30
S4538	g	provider-missing: CV 119374 "Dog Days of Summer" 2019 DC Comics 1 issues — near (gap 1), found by 'Dog Days of Summer' (via GCD name "Dog Days of Summer"); invisible before TODO 30
S4615	g	provider-missing: CV 71703 "DC Super-Pets: The Biggest Little Hero" 2012 Capstone Press 1 issues — near (gap 0), found by 'DC Super-Pets: The Biggest Little Hero' (via CV candidate name "DC Super-Pets: The Biggest Little Hero"); invisible before TODO 30
S4615	g	provider-missing: CV 71706 "DC Super-Pets: The Fantastic Flexy Frog!" 2012 Capstone Press 1 issues — near (gap 0), found by 'DC Super-Pets: The Fantastic Flexy Frog!' (via CV candidate name "DC Super-Pets: The Fantastic Flexy Frog!"); invisible before TODO 30
S4944	g	provider-missing: CV 103228 "Dark Souls: Legends of the Flame" 2017 Titan Comics 1 issues — near (gap 1), found by 'Dark Souls: Legends of the Flame' (via CV candidate name "Dark Souls: Legends of the Flame"); invisible before TODO 30
S4944	g	provider-missing: CV 94112 "Dark Souls: Legends of the Flame" 2016 Titan Comics 2 issues — far (gap 2), found by 'Dark Souls: Legends of the Flame' (via CV candidate name "Dark Souls: Legends of the Flame"); invisible before TODO 30
S4944	g	provider-missing: CV 149819 "Dark Souls: The Complete Collection" 2021 Titan Comics 1 issues — far (gap 3), found by 'Dark Souls: The Complete Collection' (via CV candidate name "Dark Souls: The Complete Collection"); invisible before TODO 30
S4966	g	provider-missing: CV 76006 "Darklight and Crew" 2014 Advent Comics 2 issues — near (gap 0), found by 'Darklight and Crew' (via CV candidate name "Darklight and Crew"); invisible before TODO 30
S4988	g	provider-missing: CV 117052 "Daughters of the Dragon: Deep Cuts" 2019 Marvel 1 issues — near (gap 1), found by 'Daughters of the Dragon: Deep Cuts' (own spelling); invisible before TODO 30
S4988	g	provider-missing: CV 18498 "Daughters of the Dragon" 2006 Marvel 6 issues — far (gap 12), found by 'Daughters of the Dragon' (own spelling); invisible before TODO 30
S4995	g	provider-missing: CV 150153 "Dawn of DC Knight Terrors FCBD Special Edition: 2023" 2023 DC Comics 1 issues — near (gap 0), found by 'Dawn of DC Knight Terrors FCBD Special Edition: 2023' (via CV candidate name "Dawn of DC Knight Terrors FCBD Special Edition: 2023"); invisible before TODO 30
S4995	g	provider-missing: CV 150155 "Dawn of DC We Are Legends Special Edition" 2023 DC Comics 1 issues — near (gap 0), found by 'Dawn of DC We Are Legends Special Edition' (via CV candidate name "Dawn of DC We Are Legends Special Edition"); invisible before TODO 30
S5014	g	provider-missing: CV 111077 "30 days of night" 2003 Infinity Verlag 1 issues — near (gap 1), found by '30 Days of Night' (via CV candidate name "30 Days of Night"); invisible before TODO 30
S5014	g	provider-missing: CV 11266 "30 Days of Night" 2002 IDW Publishing 3 issues — far (gap 2), found by '30 Days of Night' (via CV candidate name "30 Days of Night"); invisible before TODO 30
S5014	g	provider-missing: CV 21782 "30 Days of Night" 2002 IDW Publishing 2 issues — far (gap 2), found by '30 Days of Night' (via CV candidate name "30 Days of Night"); invisible before TODO 30
S5014	g	provider-missing: CV 43387 "30 Days of Night" 2011 IDW Publishing 12 issues — far (gap 7), found by '30 Days of Night' (via CV candidate name "30 Days of Night"); invisible before TODO 30
S5014	g	provider-missing: CV 47651 "30 Days of Night" 2012 IDW Publishing 3 issues — far (gap 8), found by '30 Days of Night' (via CV candidate name "30 Days of Night"); invisible before TODO 30
S5014	g	provider-missing: CV 107071 "30 Days of Night" 2017 IDW Publishing 6 issues — far (gap 13), found by '30 Days of Night' (via CV candidate name "30 Days of Night"); invisible before TODO 30
S5057	g	provider-missing: CV 125697 "Zombie Tramp: A Dead Girl in Europe" 2020 Action Lab 1 issues — near (gap 1), found by 'Zombie Tramp: A Dead Girl in Europe' (via CV candidate name "Zombie Tramp: A Dead Girl in Europe"); invisible before TODO 30
S5059	g	provider-missing: CV 109954 "Dead of Winter: Good Good Dog" 2018 Oni Press 1 issues — near (gap 1), found by 'Dead of Winter: Good Good Dog' (own spelling); invisible before TODO 30
S5102	g	provider-missing: CV 70897 "Deadpool: The Gauntlet" 2014 Marvel 1 issues — near (gap 0), found by 'Deadpool: The Gauntlet' (own spelling); invisible before TODO 30
S5157	g	provider-missing: CV 158749 "Deadpool vs. Wolverine: The Deep End Infinity Comic" 2024 Marvel 5 issues — near (gap 0), found by 'Deadpool vs. Wolverine: The Deep End Infinity Comic' (via CV candidate name "Deadpool vs. Wolverine: The Deep End Infinity Comic"); invisible before TODO 30
S5171	g	provider-missing: CV 124679 "Deadpool: The End" 2020 Marvel 1 issues — near (gap 0), found by 'Deadpool: The End' (via GCD name "Deadpool: The End"); invisible before TODO 30
S5171	g	provider-missing: CV 126701 "Carnage-ized: The Variant Covers" 2020 Marvel 1 issues — near (gap 0), found by 'Carnage-ized: The Variant Covers' (via CV candidate name "Carnage-ized: The Variant Covers"); invisible before TODO 30
S5171	g	provider-missing: CV 126702 "Venomized: The Variant Covers" 2020 Marvel 1 issues — near (gap 0), found by 'Venomized: The Variant Covers' (via CV candidate name "Venomized: The Variant Covers"); invisible before TODO 30
S5231	g	provider-missing: CV 135956 "Slow Death Zero: The Comix Anthology of Ecological Horror" 2021 Last Gasp 1 issues — near (gap 1), found by 'Slow Death Zero: The Comix Anthology of Ecological Horror' (via CV candidate name "Slow Death Zero: The Comix Anthology of Ecological Horror"); invisible before TODO 30
S5231	g	provider-missing: CV 72050 "In the Dark: A Horror Anthology" 2014 IDW Publishing 1 issues — far (gap 6), found by 'In the Dark: A Horror Anthology' (via CV candidate name "In the Dark: A Horror Anthology"); invisible before TODO 30
S5489	g	provider-missing: CV 137358 "Disney Big Hero 6: The Series Cinestory Comic" 2018 Joe Books 1 issues — near (gap 1), found by 'Disney Big Hero 6: The Series Cinestory Comic' (via CV candidate name "Disney Big Hero 6: The Series Cinestory Comic"); invisible before TODO 30
S5537	g	S cv=-+provider-missing: CV 126263 "Disney Wish: The Graphic Novel" 2024 Random House 1 issues — near (gap 1), found by 'Disney Wish: The Graphic Novel' (via CV candidate name "Disney Wish: The Graphic Novel"); invisible before TODO 30
S5537	g	S cv=-+provider-missing: CV 149358 "Disney Encanto: The Graphic Novel " 2022 Random House 1 issues — near (gap 1), found by 'Disney Encanto: The Graphic Novel ' (via CV candidate name "Disney Encanto: The Graphic Novel "); invisible before TODO 30
S5607	g	S cv=-: CV 2091 "Doctor Solar, Man of the Atom" 1962 Western Publishing 31 issues — near (gap 0), found by 'Doctor Solar - Man of the Atom' (own spelling); invisible before TODO 30
S5607	g	S cv=-: CV 34401 "Doctor Solar, Man of the Atom" 2010 Dark Horse Comics 8 issues — far (gap 48), found by 'Doctor Solar - Man of the Atom' (own spelling); invisible before TODO 30
S5607	g	S cv=-: CV 48999 "Doctor Solar, Man Of The Atom" 2011 Dark Horse Comics 2 issues — far (gap 49), found by 'Doctor Solar - Man of the Atom' (own spelling); invisible before TODO 30
S5636	g	provider-missing: CV 143368 "Doctor Strange: The Way of the Weird Infinity Comic" 2022 Marvel 7 issues — near (gap 0), found by 'Doctor Strange: The Way of the Weird Infinity Comic' (via CV name "Doctor Strange: The Way of the Weird Infinity Comic"); invisible before TODO 30
S5636	g	provider-missing: CV 89927 "Doctor Strange: Last Days of Magic" 2016 Marvel 1 issues — far (gap 6), found by 'Doctor Strange: Last Days of Magic' (via CV candidate name "Doctor Strange: Last Days of Magic"); invisible before TODO 30
S5636	g	provider-missing: CV 94623 "Doctor Strange: The Last Days of Magic" 2016 Marvel 1 issues — far (gap 6), found by 'Doctor Strange: The Last Days of Magic' (via CV candidate name "Doctor Strange: The Last Days of Magic"); invisible before TODO 30
S5656	g	provider-missing: CV 88922 "Doctor Who: The Tenth Doctor Archives" 2016 Titan Comics 3 issues — near (gap 1), found by 'Doctor Who: The Tenth Doctor Archives' (own spelling); invisible before TODO 30
S5663	g	provider-missing: CV 98734 "Doctor Who: Supremacy of the Cybermen" 2017 Titan Comics 1 issues — near (gap 1), found by 'Doctor Who: Supremacy of the Cybermen' (own spelling); invisible before TODO 30
S5670	g	provider-missing: CV 89588 "Doctor Who: The Ninth Doctor Ongoing" 2016 Titan Comics 15 issues — near (gap 1), found by 'Doctor Who: The Ninth Doctor Ongoing' (via CV candidate name "Doctor Who: The Ninth Doctor Ongoing"); invisible before TODO 30
S5670	g	provider-missing: CV 104049 "Doctor Who: The Ninth Doctor Special" 2017 Titan Comics 1 issues — far (gap 2), found by 'Doctor Who: The Ninth Doctor Special' (via CV candidate name "Doctor Who: The Ninth Doctor Special"); invisible before TODO 30
S5745	g	S cv=-+provider-missing: CV 59267 "Athena Voltaire: The Collected Webcomics" 2006 Ape Entertainment 1 issues — near (gap 1), found by 'Athena Voltaire: The Collected Webcomics' (via CV candidate name "Athena Voltaire: The Collected Webcomics"); invisible before TODO 30
S5745	g	S cv=-+provider-missing: CV 64290 "The Stuff of Legend Volume I: The Dark" 2009 Th3rd World Studios 2 issues — far (gap 2), found by 'The Stuff of Legend Volume I: The Dark' (via CV candidate name "The Stuff of Legend Volume I: The Dark"); invisible before TODO 30
S5845	g	provider-missing: CV 119139 "Dream Daddy: A Dad Dating Comic Book" 2019 Oni Press 1 issues — near (gap 1), found by 'Dream Daddy: A Dad Dating Comic Book' (via CV candidate name "Dream Daddy: A Dad Dating Comic Book"); invisible before TODO 30
S5855	g	provider-missing: CV 95726 "DreamWorks Dragons: Defenders of Berk Collection: Fire & Ice" 2016 Titan Comics 1 issues — near (gap 0), found by 'DreamWorks Dragons: Defenders of Berk Collection: Fire & Ice' (via CV candidate name "DreamWorks Dragons: Defenders of Berk Collection: Fire & Ice"); invisible before TODO 30
S5856	g	provider-missing: CV 85284 "DreamWorks Dragons: Riders of Berk: The Collectors Edition" 2015 Titan Comics 1 issues — near (gap 1), found by 'DreamWorks Dragons: Riders of Berk: The Collectors Edition' (via CV candidate name "DreamWorks Dragons: Riders of Berk: The Collectors Edition"); invisible before TODO 30
S5856	g	provider-missing: CV 89294 "DreamWorks Dragons: Riders of Berk: The Enemies Within..." 2016 Titan Comics 1 issues — far (gap 2), found by 'DreamWorks Dragons - Riders of Berk - The Enemies Within...' (own spelling); invisible before TODO 30
S5954	g	S cv=-+provider-missing: CV 119158 "RuinWorld: Eye For An Eye" 2019 Boom! Studios 1 issues — near (gap 1), found by 'RuinWorld: Eye For An Eye' (via CV candidate name "RuinWorld: Eye For An Eye"); invisible before TODO 30
S5989	g	provider-missing: CV 145235 "Van Helsing: Flesh of My Blood" 2022 Zenescope Entertainment 1 issues — near (gap 0), found by 'Van Helsing: Flesh of My Blood' (via CV candidate name "Van Helsing: Flesh of My Blood"); invisible before TODO 30
S6047	g	provider-missing: CV 138539 "The Best of Archie Comics: Eighty Years, Eighty Stories" 2021 Archie Comics 1 issues — near (gap 0), found by 'The Best of Archie Comics: Eighty Years, Eighty Stories' (via CV candidate name "The Best of Archie Comics: Eighty Years, Eighty Stories"); invisible before TODO 30
S6047	g	provider-missing: CV 75855 "Around the World in Eighty Days" 1984 Academic Industries, Inc 1 issues — far (gap 37), found by 'Around the World in Eighty Days' (via CV candidate name "Around the World in Eighty Days"); invisible before TODO 30
S6085	g	provider-missing: CV 111307 "Elephantmen 2261: The Death of Shorty" 2018 Comicraft 5 issues — near (gap 0), found by 'Elephantmen 2261: The Death of Shorty' (via CV candidate name "Elephantmen 2261: The Death of Shorty"); invisible before TODO 30
S6085	g	provider-missing: CV 118677 "Elephantmen 2261: The Death of Shorty" 2019 Comicraft 1 issues — near (gap 1), found by 'Elephantmen 2261: The Death of Shorty' (via CV candidate name "Elephantmen 2261: The Death of Shorty"); invisible before TODO 30
S6086	g	provider-missing: CV 118677 "Elephantmen 2261: The Death of Shorty" 2019 Comicraft 1 issues — near (gap 1), found by 'Elephantmen 2261: The Death of Shorty' (via CV candidate name "Elephantmen 2261: The Death of Shorty"); invisible before TODO 30
S6086	g	provider-missing: CV 111307 "Elephantmen 2261: The Death of Shorty" 2018 Comicraft 5 issues — far (gap 2), found by 'Elephantmen 2261: The Death of Shorty' (via CV candidate name "Elephantmen 2261: The Death of Shorty"); invisible before TODO 30
S6088	g	provider-missing: CV 118677 "Elephantmen 2261: The Death of Shorty" 2019 Comicraft 1 issues — near (gap 1), found by 'Elephantmen 2261: The Death of Shorty' (own spelling); invisible before TODO 30
S6133	g	provider-missing: CV 30547 "Art of Emily the Strange" 2009 Dark Horse Comics 1 issues — near (gap 0), found by 'The Art of Emily the Strange' (own spelling); invisible before TODO 30
S6133	g	provider-missing: CV 19083 "Emily the Strange" 2007 Dark Horse Comics 4 issues — far (gap 2), found by 'Emily the Strange' (via CV name "Emily the Strange"); invisible before TODO 30
S6133	g	provider-missing: CV 73052 "Emily the Strange" 2006 Dark Horse Comics 2 issues — far (gap 3), found by 'Emily the Strange' (via CV name "Emily the Strange"); invisible before TODO 30
S6133	g	provider-missing: CV 23170 "Emily the Strange" 2005 Dark Horse Comics 4 issues — far (gap 4), found by 'Emily the Strange' (via CV name "Emily the Strange"); invisible before TODO 30
S6133	g	provider-missing: CV 56395 "Emily and the Strangers" 2013 Dark Horse Comics 6 issues — far (gap 4), found by 'Emily and the Strangers' (via GCD name "Emily and the Strangers"); invisible before TODO 30
S6233	g	provider-missing: CV 153227 "Marvel Platinum: The Definitive Eternals" 2021 Marvel UK/Panini UK 1 issues — near (gap 0), found by 'Marvel Platinum: The Definitive Eternals' (via CV candidate name "Marvel Platinum: The Definitive Eternals"); invisible before TODO 30
S6233	g	provider-missing: CV 123710 "The Eternals: Secrets From The Marvel Universe" 2019 Marvel 1 issues — far (gap 2), found by 'The Eternals: Secrets From The Marvel Universe' (via CV candidate name "The Eternals: Secrets From The Marvel Universe"); invisible before TODO 30
S6234	g	S cv=-: CV 153227 "Marvel Platinum: The Definitive Eternals" 2021 Marvel UK/Panini UK 1 issues — near (gap 0), found by 'Marvel Platinum: The Definitive Eternals' (via CV candidate name "Marvel Platinum: The Definitive Eternals"); invisible before TODO 30
S6234	g	S cv=-: CV 141918 "Eternals: The Heretic " 2022 Marvel 1 issues — near (gap 1), found by 'Eternals - The Heretic' (own spelling); invisible before TODO 30
S6323	g	provider-missing: CV 34509 "Sales To Astonish: The Comic Book, Summer 1992" 1992 Marvel 1 issues — near (gap 0), found by 'Sales To Astonish: The Comic Book, Summer 1992' (via CV candidate name "Sales To Astonish: The Comic Book, Summer 1992"); invisible before TODO 30
S6709	g	provider-missing: CV 156365 "Atana and the Firebird" 2023 HarperCollins 1 issues — near (gap 0), found by 'Atana and the Firebird' (via CV candidate name "Atana and the Firebird"); invisible before TODO 30
S6710	g	S cv=-+provider-missing: CV 119642 "Firebrand: The Initiation of Natali Presano" 2019 Legendary Comics 1 issues — near (gap 0), found by 'Firebrand: The Initiation of Natali Presano' (via CV candidate name "Firebrand: The Initiation of Natali Presano"); invisible before TODO 30
S6850	g	S cv=-: CV 157333 "Follow Me Into the Darkness" 2022 Behemoth Comics 1 issues — near (gap 0), found by 'Follow Me Into the Darkness' (own spelling); invisible before TODO 30
S6850	g	S cv=-: CV 161058 "Blood Hunters: Once More Into the Darkness" 2024 Marvel 1 issues — far (gap 2), found by 'Blood Hunters: Once More Into the Darkness' (via CV candidate name "Blood Hunters: Once More Into the Darkness"); invisible before TODO 30
S7003	g	provider-missing: CV 39273 "Fringe: Tales from the Fringe" 2011 DC Comics 1 issues — near (gap 0), found by 'Fringe: Tales from the Fringe' (via CV candidate name "Fringe: Tales from the Fringe"); invisible before TODO 30
S7003	g	provider-missing: CV 33935 "Fringe: Tales from the Fringe" 2010 DC Comics 6 issues — near (gap 1), found by 'Fringe: Tales from the Fringe' (via CV candidate name "Fringe: Tales from the Fringe"); invisible before TODO 30
S7003	g	provider-missing: CV 46515 "Beyond the Fringe" 2012 DC Comics 1 issues — near (gap 1), found by 'Beyond The Fringe' (own spelling); invisible before TODO 30
S7003	g	provider-missing: CV 70147 "Fringe: Beyond the Fringe" 2013 DC Comics 1 issues — far (gap 2), found by 'Fringe - Beyond the Fringe' (own spelling); invisible before TODO 30
S7008	g	provider-missing: CV 125975 "From Beyond The Unknown Giant" 2020 DC Comics 1 issues — near (gap 0), found by 'From Beyond The Unknown Giant' (via CV candidate name "From Beyond The Unknown Giant"); invisible before TODO 30
S7008	g	provider-missing: CV 2434 "From Beyond the Unknown" 1969 DC Comics 25 issues — far (gap 51), found by 'From Beyond the Unknown' (own spelling); invisible before TODO 30
S7123	g	S cv=-: CV 143601 "G.I. Joe: A Real American Hero" 1994 Hasbro 2 issues — near (gap 0), found by 'G.I. Joe: A Real American Hero' (via CV name "G.I. Joe: A Real American Hero"); invisible before TODO 30
S7123	g	S cv=-: CV 3138 "G.I. Joe: A Real American Hero" 1982 Marvel 155 issues — far (gap 12), found by 'G.I. Joe: A Real American Hero' (via CV name "G.I. Joe: A Real American Hero"); invisible before TODO 30
S7123	g	S cv=-: CV 34667 "G.I. Joe:  A Real American Hero" 2008 Hasbro 20 issues — far (gap 14), found by 'G.I. Joe: A Real American Hero' (via CV name "G.I. Joe: A Real American Hero"); invisible before TODO 30
S7123	g	S cv=-: CV 32910 "G.I. Joe: A Real American Hero" 2010 IDW Publishing 146 issues — far (gap 16), found by 'G.I. Joe: A Real American Hero' (via CV name "G.I. Joe: A Real American Hero"); invisible before TODO 30
S7123	g	S cv=-: CV 53587 "G.I. Joe: A Real American Hero" 2011 IDW Publishing 25 issues — far (gap 17), found by 'G.I. Joe: A Real American Hero' (via CV name "G.I. Joe: A Real American Hero"); invisible before TODO 30
S7123	g	S cv=-: CV 154808 "G.I. Joe: A Real American Hero" 2023 Image 24 issues — far (gap 29), found by 'G.I. Joe: A Real American Hero' (via CV name "G.I. Joe: A Real American Hero"); invisible before TODO 30
S7329	g	provider-missing: CV 58046 "Gene Simmons House of Horrors" 2013 Arcana Studio 1 issues — near (gap 0), found by 'Gene Simmons House of Horrors' (own spelling); invisible before TODO 30
S7329	g	provider-missing: CV 62767 "Gene Simmons House of Horrors" 2007 IDW Publishing 1 issues — far (gap 6), found by 'Gene Simmons House of Horrors' (own spelling); invisible before TODO 30
S7448	g	S cv=-: CV 108582 "Deadpool By Daniel Way: The Complete Collection" 2018 Marvel 2 issues — near (gap 1), found by 'Deadpool By Daniel Way: The Complete Collection' (via CV candidate name "Deadpool By Daniel Way: The Complete Collection"); invisible before TODO 30
S7448	g	S cv=-: CV 65431 "Deadpool By Daniel Way: The Complete Collection" 2013 Marvel 4 issues — far (gap 4), found by 'Deadpool By Daniel Way: The Complete Collection' (via CV candidate name "Deadpool By Daniel Way: The Complete Collection"); invisible before TODO 30
S7586	g	provider-missing: CV 149594 "Girl Taking Over: A Lois Lane Story" 2023 DC Comics 1 issues — near (gap 0), found by 'Girl Taking Over: A Lois Lane Story' (via CV candidate name "Girl Taking Over: A Lois Lane Story"); invisible before TODO 30
S7586	g	provider-missing: CV 150155 "Dawn of DC We Are Legends Special Edition" 2023 DC Comics 1 issues — near (gap 0), found by 'Dawn of DC We Are Legends Special Edition' (via GCD name "Dawn of DC We Are Legends Special Edition"); invisible before TODO 30
S7656	g	S cv=-+provider-missing: CV 159334 "Best of Godzilla" 2023 IDW Publishing 1 issues — near (gap 1), found by 'Best of Godzilla' (via CV candidate name "Best of Godzilla"); invisible before TODO 30
S7656	g	S cv=-+provider-missing: CV 74735 "Godzilla: The IDW Era" 2014 IDW Publishing 1 issues — far (gap 8), found by 'Godzilla: The IDW Era' (via CV candidate name "Godzilla: The IDW Era"); invisible before TODO 30
S7688	g	S cv=-: CV 145536 "Godzilla: Monsters & Protectors - All Hail the King!" 2022 IDW Publishing 5 issues — near (gap 1), found by 'Godzilla: Monsters & Protectors—All Hail the King!' (own spelling); invisible before TODO 30
S7688	g	S cv=-: CV 74735 "Godzilla: The IDW Era" 2014 IDW Publishing 1 issues — far (gap 9), found by 'Godzilla: The IDW Era' (via CV candidate name "Godzilla: The IDW Era"); invisible before TODO 30
S7815	g	provider-missing: CV 144888 "DC's Saved by the Belle Reve" 2022 DC Comics 1 issues — near (gap 1), found by 'DC's Saved by the Belle Reve' (via GCD name "DC's Saved by the Belle Reve"); invisible before TODO 30
S7852	g	provider-missing: CV 139794 "TKO Presents: Tales of Terror" 2021 TKO Studios 1 issues — near (gap 0), found by 'TKO Presents: Tales of Terror' (via CV candidate name "TKO Presents: Tales of Terror"); invisible before TODO 30
S8013	g	provider-missing: CV 74536 "Grimm Fairy Tales presents Godstorm: Age of Darkness" 2014 Zenescope Entertainment 1 issues — near (gap 0), found by 'Grimm Fairy Tales presents Godstorm: Age of Darkness' (via CV candidate name "Grimm Fairy Tales presents Godstorm: Age of Darkness"); invisible before TODO 30
S8013	g	provider-missing: CV 77956 "Grimm Fairy Tales presents Cinderella: Age of Darkness" 2014 Zenescope Entertainment 3 issues — near (gap 0), found by 'Grimm Fairy Tales presents Cinderella: Age of Darkness' (via CV candidate name "Grimm Fairy Tales presents Cinderella: Age of Darkness"); invisible before TODO 30
S8093	g	provider-missing: CV 85478 "Grimm Tales of Terror" 2015 Zenescope Entertainment 13 issues — near (gap 0), found by 'Grimm Tales of Terror' (own spelling); invisible before TODO 30
S8093	g	provider-missing: CV 76097 "Grimm Tales of Terror" 2014 Zenescope Entertainment 13 issues — near (gap 1), found by 'Grimm Tales of Terror' (own spelling); invisible before TODO 30
S8093	g	provider-missing: CV 98336 "Grimm Tales of Terror" 2017 Zenescope Entertainment 13 issues — far (gap 2), found by 'Grimm Tales of Terror' (own spelling); invisible before TODO 30
S8093	g	provider-missing: CV 109766 "Grimm Tales of Terror" 2018 Zenescope Entertainment 13 issues — far (gap 3), found by 'Grimm Tales of Terror' (own spelling); invisible before TODO 30
S8093	g	provider-missing: CV 162017 "Grimm Tales of Terror" 2025 Zenescope Entertainment 12 issues — far (gap 10), found by 'Grimm Tales of Terror' (own spelling); invisible before TODO 30
S8158	g	S cv=-: CV 92960 "Guardians of the Galaxy: Guardians of Infinity" 2016 Marvel 1 issues — near (gap 0), found by 'Guardians of the Galaxy - Guardians of Infinity' (own spelling); invisible before TODO 30
S8158	g	S cv=-: CV 146623 "Guardians of the Galaxy" 2016 Panini Verlag 8 issues — near (gap 0), found by 'Guardians of the Galaxy' (via CV candidate name "Guardians of the Galaxy"); invisible before TODO 30
S8158	g	S cv=-: CV 81904 "Guardians of the Galaxy" 2015 Marvel 5 issues — near (gap 1), found by 'Guardians of the Galaxy' (via CV candidate name "Guardians of the Galaxy"); invisible before TODO 30
S8158	g	S cv=-: CV 85290 "Guardians of the Galaxy" 2015 Marvel 20 issues — near (gap 1), found by 'Guardians of the Galaxy' (via CV candidate name "Guardians of the Galaxy"); invisible before TODO 30
S8158	g	S cv=-: CV 105759 "Guardians of the Galaxy" 2017 Marvel 5 issues — near (gap 1), found by 'Guardians of the Galaxy' (via CV candidate name "Guardians of the Galaxy"); invisible before TODO 30
S8158	g	S cv=-: CV 116349 "Guardians of the Galaxy" 2015 Standaard Uitgeverij 5 issues — near (gap 1), found by 'Guardians of the Galaxy' (via CV candidate name "Guardians of the Galaxy"); invisible before TODO 30
S8160	g	S cv=-: CV 81904 "Guardians of the Galaxy" 2015 Marvel 5 issues — near (gap 0), found by 'Guardians of the Galaxy' (via CV name "Guardians of the Galaxy"); invisible before TODO 30
S8160	g	S cv=-: CV 116349 "Guardians of the Galaxy" 2015 Standaard Uitgeverij 5 issues — near (gap 0), found by 'Guardians of the Galaxy' (via CV name "Guardians of the Galaxy"); invisible before TODO 30
S8160	g	S cv=-: CV 78275 "Guardians of the Galaxy: Guardians Disassembled" 2014 Marvel 1 issues — near (gap 1), found by 'Guardians of the Galaxy: Guardians Disassembled' (via CV candidate name "Guardians of the Galaxy: Guardians Disassembled"); invisible before TODO 30
S8160	g	S cv=-: CV 84159 "Guardians of the Galaxy" 2014 Panini Verlag 7 issues — near (gap 1), found by 'Guardians of the Galaxy' (via CV name "Guardians of the Galaxy"); invisible before TODO 30
S8160	g	S cv=-: CV 146623 "Guardians of the Galaxy" 2016 Panini Verlag 8 issues — near (gap 1), found by 'Guardians of the Galaxy' (via CV name "Guardians of the Galaxy"); invisible before TODO 30
S8160	g	S cv=-: CV 57960 "Guardians of the Galaxy" 2013 Marvel 28 issues — far (gap 2), found by 'Guardians of the Galaxy' (via CV name "Guardians of the Galaxy"); invisible before TODO 30
S8162	g	S cv=-: CV 80115 "Marvel Universe Guardians of the Galaxy" 2015 Marvel 4 issues — near (gap 0), found by 'Marvel Universe Guardians of the Galaxy' (via CV name "Marvel Universe Guardians of the Galaxy"); invisible before TODO 30
S8162	g	S cv=-: CV 85120 "Marvel Universe Guardians of the Galaxy" 2015 Marvel 23 issues — near (gap 0), found by 'Marvel Universe Guardians of the Galaxy' (via CV name "Marvel Universe Guardians of the Galaxy"); invisible before TODO 30
S8162	g	S cv=-: CV 89302 "Marvel Universe Guardians of the Galaxy" 2016 Marvel 6 issues — near (gap 1), found by 'Marvel Universe Guardians of the Galaxy' (via CV name "Marvel Universe Guardians of the Galaxy"); invisible before TODO 30
S8162	g	S cv=-: CV 95825 "Guardians of the Galaxy: New Guard - Wanted" 2016 Marvel 1 issues — near (gap 1), found by 'Guardians of the Galaxy: New Guard - Wanted' (via CV candidate name "Guardians of the Galaxy: New Guard - Wanted"); invisible before TODO 30
S8170	g	provider-missing: CV 153613 "Guardians of the Galaxy Modern Era Epic Collection: Somebody's Got to Do It" 2023 Marvel 1 issues — near (gap 0), found by 'Guardians of the Galaxy Modern Era Epic Collection: Somebody's Got to Do It' (via CV candidate name "Guardians of the Galaxy Modern Era Epic Collection: Somebody's Got to Do It"); invisible before TODO 30
S8170	g	provider-missing: CV 92960 "Guardians of the Galaxy: Guardians of Infinity" 2016 Marvel 1 issues — far (gap 7), found by 'Guardians of the Galaxy: Guardians of Infinity' (via CV candidate name "Guardians of the Galaxy: Guardians of Infinity"); invisible before TODO 30
S8229	g	provider-missing: CV 108251 "H.G. Wells: The War of the Worlds" 2018 Insight Editions 1 issues — near (gap 0), found by 'H. G. Wells' The War of the Worlds' (via CV candidate name "H. G. Wells' The War of the Worlds"); invisible before TODO 30
S8229	g	provider-missing: CV 48294 "H. G. Wells' The War of the Worlds" 2005 Dark Horse Comics 1 issues — far (gap 13), found by 'H. G. Wells' The War of the Worlds' (via CV candidate name "H. G. Wells' The War of the Worlds"); invisible before TODO 30
S8230	g	provider-missing: CV 114058 "H.G. Wells: The Island of Dr. Moreau" 2018 Insight Editions 1 issues — near (gap 0), found by 'H.G. Wells: The Island of Dr. Moreau' (via CV candidate name "H.G. Wells: The Island of Dr. Moreau"); invisible before TODO 30
S8230	g	provider-missing: CV 48294 "H. G. Wells' The War of the Worlds" 2005 Dark Horse Comics 1 issues — far (gap 13), found by 'H.G. Wells: The War of the Worlds' (own spelling); invisible before TODO 30
S8301	g	provider-missing: CV 34508 "Sales To Astonish: The Comic Book, Autumn 1992" 1992 Marvel 1 issues — near (gap 0), found by 'Sales To Astonish: The Comic Book, Autumn 1992' (via CV candidate name "Sales To Astonish: The Comic Book, Autumn 1992"); invisible before TODO 30
S8301	g	provider-missing: CV 34509 "Sales To Astonish: The Comic Book, Summer 1992" 1992 Marvel 1 issues — near (gap 0), found by 'Sales To Astonish: The Comic Book, Summer 1992' (via CV candidate name "Sales To Astonish: The Comic Book, Summer 1992"); invisible before TODO 30
S8400	g	S cv=-+provider-missing: CV 36655 "Haru Hana: The Complete Collection" 2010 Tokyopop 1 issues — near (gap 0), found by 'Haru Hana: The Complete Collection' (via CV candidate name "Haru Hana: The Complete Collection"); invisible before TODO 30
S8400	g	S cv=-+provider-missing: CV 149733 "Haru Hana: The Complete Collection" 2015 Viz 1 issues — far (gap 5), found by 'Haru Hana: The Complete Collection' (via CV candidate name "Haru Hana: The Complete Collection"); invisible before TODO 30
S8441	g	S cv=-: CV 11273 "Hawaiian Dick: The Last Resort" 2003 Image 4 issues — near (gap 0), found by 'Hawaiian Dick: The Last Resort' (via CV candidate name "Hawaiian Dick: The Last Resort"); invisible before TODO 30
S8441	g	S cv=-: CV 66353 "Hawaiian Dick: Byrd of Paradise" 2003 Image 1 issues — near (gap 0), found by 'Hawaiian Dick: Byrd of Paradise' (via CV candidate name "Hawaiian Dick: Byrd of Paradise"); invisible before TODO 30
S8441	g	S cv=-: CV 107728 "Hawaiian Dick: The Last Resort" 2006 Image 1 issues — far (gap 3), found by 'Hawaiian Dick: The Last Resort' (via CV candidate name "Hawaiian Dick: The Last Resort"); invisible before TODO 30
S8451	g	S cv=-: CV 144407 "Hawkeye Epic Collection: The Avenging Archer" 2022 Marvel 1 issues — near (gap 1), found by 'Hawkeye Epic Collection: The Avenging Archer' (via CV candidate name "Hawkeye Epic Collection: The Avenging Archer"); invisible before TODO 30
S8493	g	provider-missing: CV 84587 "Heart In A Box" 2015 Dark Horse Comics 1 issues — near (gap 0), found by 'Heart In A Box' (own spelling); invisible before TODO 30
S8493	g	provider-missing: CV 130299 "Heart in a Box" 2016 Tokyopop GmbH 1 issues — near (gap 1), found by 'Heart In A Box' (own spelling); invisible before TODO 30
S8860	g	provider-missing: CV 10196 "The League of Extraordinary Gentlemen" 2002 DC Comics 6 issues — near (gap 1), found by 'The League of Extraordinary Gentlemen' (via CV candidate name "The League of Extraordinary Gentlemen"); invisible before TODO 30
S8860	g	provider-missing: CV 79752 "The League of Extraordinary Gentlemen" 2002 Planeta DeAgostini 1 issues — near (gap 1), found by 'The League of Extraordinary Gentlemen' (via CV candidate name "The League of Extraordinary Gentlemen"); invisible before TODO 30
S8860	g	provider-missing: CV 33608 "The League of Extraordinary Gentlemen" 2000 DC Comics 2 issues — far (gap 3), found by 'The League of Extraordinary Gentlemen' (via CV candidate name "The League of Extraordinary Gentlemen"); invisible before TODO 30
S8860	g	provider-missing: CV 6569 "The League of Extraordinary Gentlemen" 1999 DC Comics 6 issues — far (gap 4), found by 'The League of Extraordinary Gentlemen' (via CV candidate name "The League of Extraordinary Gentlemen"); invisible before TODO 30
S9009	g	provider-missing: CV 155946 "House of X Infinity Comic " 2023 Marvel 6 issues — near (gap 1), found by 'House of X Infinity Comic ' (via CV candidate name "House of X Infinity Comic "); invisible before TODO 30
S9075	g	provider-missing: CV 31254 "Fall of the Hulks: Red Hulk" 2010 Marvel 4 issues — near (gap 0), found by 'Fall of the Hulks: Red Hulk' (via CV candidate name "Fall of the Hulks: Red Hulk"); invisible before TODO 30
S9075	g	provider-missing: CV 34749 "Fall of the Hulks: Red Hulk" 2010 Marvel 1 issues — near (gap 0), found by 'Fall of the Hulks: Red Hulk' (via CV candidate name "Fall of the Hulks: Red Hulk"); invisible before TODO 30
S9075	g	provider-missing: CV 34944 "Incredible Hulk: Fall of the Hulks" 2010 Marvel 1 issues — near (gap 0), found by 'Incredible Hulk: Fall of the Hulks' (via CV candidate name "Incredible Hulk: Fall of the Hulks"); invisible before TODO 30
S9150	g	provider-missing: CV 119158 "RuinWorld: Eye For An Eye" 2019 Boom! Studios 1 issues — near (gap 1), found by 'RuinWorld: Eye For An Eye' (via CV candidate name "RuinWorld: Eye For An Eye"); invisible before TODO 30
S9226	g	provider-missing: CV 76304 "I Was the Cat" 2014 Oni Press 1 issues — near (gap 0), found by 'I Was the Cat' (own spelling); invisible before TODO 30
S9249	g	provider-missing: CV 153974 "IDW Endless Summer - Dungeons and Dragons: Saturday Morning Adventures" 2023 IDW Publishing 1 issues — near (gap 0), found by 'IDW Endless Summer - Dungeons and Dragons: Saturday Morning Adventures' (via CV candidate name "IDW Endless Summer - Dungeons and Dragons: Saturday Morning Adventures"); invisible before TODO 30
S9313	g	provider-missing: CV 133338 "The Art of Immortals: Fenyx Rising" 2021 Dark Horse Comics 1 issues — near (gap 1), found by 'The Art of Immortals: Fenyx Rising' (via CV candidate name "The Art of Immortals: Fenyx Rising"); invisible before TODO 30
S9349	g	provider-missing: CV 114126 "The Librarians: In Search Of…" 2018 Dynamite Entertainment 1 issues — near (gap 0), found by 'The Librarians: In Search Of…' (via CV candidate name "The Librarians: In Search Of…"); invisible before TODO 30
S9349	g	provider-missing: CV 106100 "In Search of Peter Pan" 2017 Europe Comics 1 issues — near (gap 1), found by 'In Search of Peter Pan' (via CV candidate name "In Search of Peter Pan"); invisible before TODO 30
S9359	g	provider-missing: CV 144723 "Wynd: The Throne in the Sky" 2022 Boom! Studios 5 issues — near (gap 0), found by 'Wynd: The Throne in the Sky' (via CV candidate name "Wynd: The Throne in the Sky"); invisible before TODO 30
S9377	g	provider-missing: CV 36383 "Hulk: Fall of the Hulks" 2010 Marvel 1 issues — near (gap 0), found by 'Hulk: Fall of the Hulks' (via CV candidate name "Hulk: Fall of the Hulks"); invisible before TODO 30
S9377	g	provider-missing: CV 45592 "Incredible Hulks: Fall of the Hulks" 2012 Marvel 1 issues — far (gap 2), found by 'Incredible Hulks: Fall of the Hulks' (via CV candidate name "Incredible Hulks: Fall of the Hulks"); invisible before TODO 30
S9404	g	provider-missing: CV 124651 "The Incredible Rockhead: The Complete Comics Collection" 2020 Stone Arch Books 1 issues — near (gap 0), found by 'The Incredible Rockhead: The Complete Comics Collection' (via CV candidate name "The Incredible Rockhead: The Complete Comics Collection"); invisible before TODO 30
S9404	g	provider-missing: CV 75941 "Female Force: Women of Europe" 2014 TidalWave Productions 1 issues — far (gap 6), found by 'Female Force: Women of Europe' (via CV candidate name "Female Force: Women of Europe"); invisible before TODO 30
S9440	g	S cv=-: CV 111829 "Infinity 8: Love and Mummies" 2018 Lion Forge Comics 1 issues — near (gap 0), found by 'Infinity 8: Love and Mummies' (via CV candidate name "Infinity 8: Love and Mummies"); invisible before TODO 30
S9440	g	S cv=-: CV 114438 "Infinity 8: ...Back To the Führer!" 2018 Magnetic Press 1 issues — near (gap 0), found by 'Infinity 8: ...Back To the Führer!' (via CV candidate name "Infinity 8: ...Back To the Führer!"); invisible before TODO 30
S9510	g	provider-missing: CV 108538 "Please Destroy The Internet!!!" 2018 Silver Sprocket 1 issues — near (gap 1), found by 'Please Destroy The Internet!!!' (via CV candidate name "Please Destroy The Internet!!!"); invisible before TODO 30
S9553	g	S cv=-+provider-missing: CV 149088 "Invisible: A Graphic Novel" 2022 Scholastic Book Services 1 issues — near (gap 0), found by 'Invisible: A Graphic Novel' (via CV candidate name "Invisible: A Graphic Novel"); invisible before TODO 30
S9596	g	provider-missing: CV 84068 "Iron Man: The Inevitable" 2006 Marvel 1 issues — near (gap 0), found by 'Iron Man: The Inevitable' (own spelling); invisible before TODO 30
S9831	g	provider-missing: CV 110101 "Jessica Jones: Return of the Purple Man" 2018 Marvel 1 issues — near (gap 1), found by 'Jessica Jones: Return of the Purple Man' (via CV candidate name "Jessica Jones: Return of the Purple Man"); invisible before TODO 30
S9847	g	provider-missing: CV 74522 "Jim Butcher's The Dresden Files: War Cry" 2014 Dynamite Entertainment 5 issues — near (gap 1), found by 'Jim Butcher's The Dresden Files: War Cry' (via CV candidate name "Jim Butcher's The Dresden Files: War Cry"); invisible before TODO 30
S9847	g	provider-missing: CV 77897 "Jim Butcher's The Dresden Files: War Cry" 2014 Dynamite Entertainment 1 issues — near (gap 1), found by 'Jim Butcher's The Dresden Files: War Cry' (via CV candidate name "Jim Butcher's The Dresden Files: War Cry"); invisible before TODO 30
S9847	g	provider-missing: CV 102116 "Jim Butcher's The Dresden Files: Dog Men" 2017 Dynamite Entertainment 6 issues — far (gap 2), found by 'Jim Butcher's The Dresden Files: Dog Men' (via CV candidate name "Jim Butcher's The Dresden Files: Dog Men"); invisible before TODO 30
S9847	g	provider-missing: CV 108736 "Jim Butcher's The Dresden Files: Dog Men" 2018 Dynamite Entertainment 1 issues — far (gap 3), found by 'Jim Butcher's The Dresden Files: Dog Men' (via CV candidate name "Jim Butcher's The Dresden Files: Dog Men"); invisible before TODO 30
S10025	g	provider-missing: CV 84433 "Judge Dredd Classics: The Dark Judges" 2015 IDW Publishing 1 issues — near (gap 0), found by 'Judge Dredd Classics: The Dark Judges' (own spelling); invisible before TODO 30
S10078	g	provider-missing: CV 83139 "Junior Braves of the Apocalypse: A Brave Is Brave" 2015 Oni Press 1 issues — near (gap 0), found by 'Junior Braves of the Apocalypse: A Brave Is Brave' (via CV candidate name "Junior Braves of the Apocalypse: A Brave Is Brave"); invisible before TODO 30
S10262	g	provider-missing: CV 143608 "Kang The Conqueror: Only Myself Left To Conquer" 2022 Marvel 1 issues — near (gap 1), found by 'Kang The Conqueror: Only Myself Left To Conquer' (via CV candidate name "Kang The Conqueror: Only Myself Left To Conquer"); invisible before TODO 30
S10262	g	provider-missing: CV 138345 "Kang the Conqueror" 2021 Marvel 5 issues — far (gap 2), found by 'Kang the Conqueror' (via CV candidate name "Kang the Conqueror"); invisible before TODO 30
S10409	g	provider-missing: CV 82293 "Blood and Honor: The Foreworld Saga Graphic Novels" 2015 Jet City Comics 1 issues — near (gap 1), found by 'Blood and Honor: The Foreworld Saga Graphic Novels' (via CV candidate name "Blood and Honor: The Foreworld Saga Graphic Novels"); invisible before TODO 30
S10458	g	provider-missing: CV 9179 "Knights of the Dinner Table" 1994 Kenzer and Company 310 issues — near (gap 0), found by 'Knights of the Dinner Table' (via CV candidate name "Knights of the Dinner Table"); invisible before TODO 30
S10458	g	provider-missing: CV 46158 "Knights of the Dinner Table Special" 2003 Kenzer and Company 3 issues — far (gap 9), found by 'Knights of the Dinner Table Special' (via CV candidate name "Knights of the Dinner Table Special"); invisible before TODO 30
S10458	g	provider-missing: CV 46155 "Knights of the Dinner Table Special" 2008 Kenzer and Company 1 issues — far (gap 14), found by 'Knights of the Dinner Table Special' (via CV candidate name "Knights of the Dinner Table Special"); invisible before TODO 30
S10458	g	provider-missing: CV 56640 "Knights of the Dinner Table: Black Hands 2011 Special" 2011 Kenzer and Company 1 issues — far (gap 17), found by 'Knights of the Dinner Table: Black Hands 2011 Special' (via CV candidate name "Knights of the Dinner Table: Black Hands 2011 Special"); invisible before TODO 30
S10459	g	provider-missing: CV 9179 "Knights of the Dinner Table" 1994 Kenzer and Company 310 issues — near (gap 0), found by 'Knights of the Dinner Table' (via CV candidate name "Knights of the Dinner Table"); invisible before TODO 30
S10459	g	provider-missing: CV 36220 "Knights of the Dinner Table: Black Hands 2010 Special" 2010 Kenzer and Company 2 issues — far (gap 16), found by 'Knights of the Dinner Table: Black Hands 2010 Special' (via CV candidate name "Knights of the Dinner Table: Black Hands 2010 Special"); invisible before TODO 30
S10631	g	provider-missing: CV 119151 "League of Legends: Ashe: Warmother" 2019 Marvel 1 issues — near (gap 1), found by 'League of Legends: Ashe - Warmother' (own spelling); invisible before TODO 30
S10631	g	provider-missing: CV 146955 "League of Legends" 2019 Panini Verlag 3 issues — near (gap 1), found by 'League of Legends' (via CV candidate name "League of Legends"); invisible before TODO 30
S10632	g	provider-missing: CV 122673 "League of Legends: Lux" 2019 Marvel 1 issues — near (gap 0), found by 'League of Legends: Lux' (own spelling); invisible before TODO 30
S10632	g	provider-missing: CV 146955 "League of Legends" 2019 Panini Verlag 3 issues — near (gap 0), found by 'League of Legends' (via CV candidate name "League of Legends"); invisible before TODO 30
S10633	g	provider-missing: CV 146955 "League of Legends" 2019 Panini Verlag 3 issues — near (gap 0), found by 'League of Legends' (via CV candidate name "League of Legends"); invisible before TODO 30
S10633	g	provider-missing: CV 130787 "League of Legends: Zed" 2020 Marvel 1 issues — near (gap 1), found by 'League of Legends: Zed' (own spelling); invisible before TODO 30
S10675	g	provider-missing: CV 148279 "Legends of the Pierced Veil: The Scarlet Blades" 2023 Humanoids 1 issues — near (gap 0), found by 'Legends of the Pierced Veil: The Scarlet Blades' (via CV candidate name "Legends of the Pierced Veil: The Scarlet Blades"); invisible before TODO 30
S10675	g	provider-missing: CV 151410 "Legends of the Pierced Veil: Izuna" 2023 Humanoids 1 issues — near (gap 0), found by 'Legends of the Pierced Veil: Izuna' (via CV candidate name "Legends of the Pierced Veil: Izuna"); invisible before TODO 30
S10708	g	provider-missing: CV 124099 "Stranger Things: Into the Fire" 2020 Dark Horse Comics 4 issues — near (gap 0), found by 'Stranger Things: Into the Fire' (via CV candidate name "Stranger Things: Into the Fire"); invisible before TODO 30
S10708	g	provider-missing: CV 129116 "Stranger Things: Into the Fire" 2020 Dark Horse Comics 1 issues — near (gap 0), found by 'Stranger Things: Into the Fire' (via CV candidate name "Stranger Things: Into the Fire"); invisible before TODO 30
S10708	g	provider-missing: CV 113739 "WWE: NXT Takeover - Into the Fire" 2018 Boom! Studios 1 issues — far (gap 2), found by 'WWE: NXT Takeover - Into the Fire' (via CV candidate name "WWE: NXT Takeover - Into the Fire"); invisible before TODO 30
S11164	g	provider-missing: CV 119106 "SeaFoam: A Friend For Madison" 2019 Action Lab 4 issues — near (gap 1), found by 'SeaFoam: A Friend For Madison' (via CV candidate name "SeaFoam: A Friend For Madison"); invisible before TODO 30
S11164	g	provider-missing: CV 121041 "SeaFoam: A Friend For Madison" 2019 Action Lab 1 issues — near (gap 1), found by 'SeaFoam: A Friend For Madison' (via CV candidate name "SeaFoam: A Friend For Madison"); invisible before TODO 30
S11193	g	S cv=-: CV 45576 "Magic The Gathering" 2012 IDW Publishing 4 issues — near (gap 0), found by 'Magic - The Gathering' (own spelling); invisible before TODO 30
S11193	g	S cv=-: CV 54319 "Magic the Gathering" 2012 IDW Publishing 2 issues — near (gap 0), found by 'Magic - The Gathering' (own spelling); invisible before TODO 30
S11193	g	S cv=-: CV 54467 "Magic: The Gathering -- Path of Vengeance" 2012 IDW Publishing 4 issues — near (gap 0), found by 'Magic: The Gathering -- Path of Vengeance' (via CV candidate name "Magic: The Gathering -- Path of Vengeance"); invisible before TODO 30
S11193	g	S cv=-: CV 60562 "Magic: The Gathering -- Path of Vengeance" 2013 IDW Publishing 1 issues — near (gap 1), found by 'Magic: The Gathering -- Path of Vengeance' (via CV candidate name "Magic: The Gathering -- Path of Vengeance"); invisible before TODO 30
S11193	g	S cv=-: CV 61781 "Magic: The Gathering" 2013 Panini Verlag 1 issues — near (gap 1), found by 'Magic - The Gathering' (own spelling); invisible before TODO 30
S11193	g	S cv=-: CV 161002 "Magic - The Gathering" 2024 Panini Verlag 6 issues — far (gap 12), found by 'Magic - The Gathering' (own spelling); invisible before TODO 30
S11202	g	provider-missing: CV 120189 "Magic: The Gathering: A Visual History" 2019 Harry N. Abrams 1 issues — near (gap 1), found by 'Magic: The Gathering: A Visual History' (via CV candidate name "Magic: The Gathering: A Visual History"); invisible before TODO 30
S11202	g	provider-missing: CV 161002 "Magic - The Gathering" 2024 Panini Verlag 6 issues — far (gap 4), found by 'Magic: The Gathering' (via CV candidate name "Magic: The Gathering"); invisible before TODO 30
S11202	g	provider-missing: CV 61781 "Magic: The Gathering" 2013 Panini Verlag 1 issues — far (gap 7), found by 'Magic: The Gathering' (via CV candidate name "Magic: The Gathering"); invisible before TODO 30
S11202	g	provider-missing: CV 45576 "Magic The Gathering" 2012 IDW Publishing 4 issues — far (gap 8), found by 'Magic: The Gathering' (via CV candidate name "Magic: The Gathering"); invisible before TODO 30
S11202	g	provider-missing: CV 54319 "Magic the Gathering" 2012 IDW Publishing 2 issues — far (gap 8), found by 'Magic: The Gathering' (via CV candidate name "Magic: The Gathering"); invisible before TODO 30
S11202	g	provider-missing: CV 127586 "Magic the Gathering" 1996 JuniorPress BV 5 issues — far (gap 24), found by 'Magic: The Gathering' (via CV candidate name "Magic: The Gathering"); invisible before TODO 30
S11233	g	provider-missing: CV 65599 "Makeshift Miracle: The Girl From Nowhere" 2012 UDON 12 issues — near (gap 1), found by 'Makeshift Miracle: The Girl From Nowhere' (own spelling); invisible before TODO 30
S11383	g	provider-missing: CV 116245 "Conan the Barbarian" 2019 Marvel 25 issues — near (gap 0), found by 'Conan the Barbarian' (via CV candidate name "Conan the Barbarian"); invisible before TODO 30
S11383	g	provider-missing: CV 131528 "The Marvel Art of the Savage Sword of Conan the Barbarian" 2020 Marvel 1 issues — near (gap 1), found by 'The Marvel Art of the Savage Sword of Conan the Barbarian' (via CV candidate name "The Marvel Art of the Savage Sword of Conan the Barbarian"); invisible before TODO 30
S11383	g	provider-missing: CV 152857 "Conan the Barbarian" 2023 Titan Comics 26 issues — far (gap 4), found by 'Conan the Barbarian' (via CV candidate name "Conan the Barbarian"); invisible before TODO 30
S11383	g	provider-missing: CV 159225 "Conan the Barbarian" 2024 Titan Comics 3 issues — far (gap 5), found by 'Conan the Barbarian' (via CV candidate name "Conan the Barbarian"); invisible before TODO 30
S11383	g	provider-missing: CV 44351 "Conan the Barbarian" 2012 Dark Horse Comics 25 issues — far (gap 7), found by 'Conan the Barbarian' (via CV candidate name "Conan the Barbarian"); invisible before TODO 30
S11383	g	provider-missing: CV 115185 "Conan the Barbarian " 2003 Gotham Entertainment Group 1 issues — far (gap 16), found by 'Conan the Barbarian' (via CV candidate name "Conan the Barbarian"); invisible before TODO 30
S11395	g	provider-missing: CV 88386 "Guidebook To the Marvel Cinematic Universe – Marvel's The Avengers" 2016 Marvel 1 issues — near (gap 1), found by 'Guidebook To the Marvel Cinematic Universe – Marvel's The Avengers' (via CV candidate name "Guidebook To the Marvel Cinematic Universe – Marvel's The Avengers"); invisible before TODO 30
S11395	g	provider-missing: CV 90706 "Guidebook to the Marvel Cinematic Universe - Marvel's Ant-Man" 2016 Marvel 1 issues — near (gap 1), found by 'Guidebook to the Marvel Cinematic Universe - Marvel's Ant-Man' (via CV candidate name "Guidebook to the Marvel Cinematic Universe - Marvel's Ant-Man"); invisible before TODO 30
S11396	g	provider-missing: CV 100582 "Marvel Cinematic Universe Guidebook: The Avengers Initiative" 2017 Marvel 1 issues — near (gap 1), found by 'Marvel Cinematic Universe Guidebook: The Avengers Initiative' (via CV candidate name "Marvel Cinematic Universe Guidebook: The Avengers Initiative"); invisible before TODO 30
S11396	g	provider-missing: CV 90706 "Guidebook to the Marvel Cinematic Universe - Marvel's Ant-Man" 2016 Marvel 1 issues — far (gap 2), found by 'Guidebook to the Marvel Cinematic Universe - Marvel's Ant-Man' (via CV candidate name "Guidebook to the Marvel Cinematic Universe - Marvel's Ant-Man"); invisible before TODO 30
S11428	g	provider-missing: CV 45956 "The Picture of Dorian Gray" 2008 SelfMadeHero 1 issues — near (gap 0), found by 'The Picture of Dorian Gray' (via CV candidate name "The Picture of Dorian Gray"); invisible before TODO 30
S11428	g	provider-missing: CV 52313 "Marvel Illustrated: The Picture of Dorian Gray" 2007 Marvel 1 issues — near (gap 1), found by 'Marvel Illustrated: The Picture Of Dorian Gray' (own spelling); invisible before TODO 30
S11428	g	provider-missing: CV 52622 "The Picture of Dorian Gray" 2012 IDW Publishing 1 issues — far (gap 4), found by 'The Picture of Dorian Gray' (via CV candidate name "The Picture of Dorian Gray"); invisible before TODO 30
S11469	g	S cv=-: CV 59106 "Marvel Masterworks: Atlas Era Tales of Suspense" 2006 Marvel 4 issues — near (gap 0), found by 'Marvel Masterworks - Atlas Era Tales of Suspense' (own spelling); invisible before TODO 30
S11470	g	S cv=-: CV 59106 "Marvel Masterworks: Atlas Era Tales of Suspense" 2006 Marvel 4 issues — near (gap 0), found by 'Marvel Masterworks: Atlas Era Tales of Suspense' (via CV candidate name "Marvel Masterworks: Atlas Era Tales of Suspense"); invisible before TODO 30
S11497	g	S cv=-: CV 23402 "Marvel Masterworks: The Amazing Spider-Man" 2003 Marvel 26 issues — near (gap 0), found by 'Marvel Masterworks - The Amazing Spider-Man' (own spelling); invisible before TODO 30
S11497	g	S cv=-: CV 102605 "Marvel Masterworks: The Spectacular Spider-Man" 2017 Marvel 8 issues — far (gap 14), found by 'Marvel Masterworks: The Spectacular Spider-Man' (via CV candidate name "Marvel Masterworks: The Spectacular Spider-Man"); invisible before TODO 30
S11497	g	S cv=-: CV 136825 "Mighty Marvel Masterworks: The Amazing Spider-Man" 2021 Marvel 5 issues — far (gap 18), found by 'Mighty Marvel Masterworks: The Amazing Spider-Man' (via CV candidate name "Mighty Marvel Masterworks: The Amazing Spider-Man"); invisible before TODO 30
S11500	g	S cv=-: CV 35197 "Marvel Masterworks: The Fantastic Four" 2003 Marvel 27 issues — near (gap 0), found by 'Marvel Masterworks - The Fantastic Four' (own spelling); invisible before TODO 30
S11500	g	S cv=-: CV 137621 "Mighty Marvel Masterworks: The Fantastic Four" 2021 Marvel 3 issues — far (gap 18), found by 'Mighty Marvel Masterworks: The Fantastic Four' (via CV candidate name "Mighty Marvel Masterworks: The Fantastic Four"); invisible before TODO 30
S11504	g	provider-missing: CV 151824 "Marvel Select: Man Thing: Curse of the Man-Thing" 2023 Marvel UK/Panini UK 1 issues — near (gap 1), found by 'Marvel Select: Man Thing: Curse of the Man-Thing' (via CV candidate name "Marvel Select: Man Thing: Curse of the Man-Thing"); invisible before TODO 30
S11508	g	S cv=-: CV 35188 "Marvel Masterworks: The Sub-Mariner" 2002 Marvel 8 issues — near (gap 0), found by 'Marvel Masterworks - The Sub-Mariner' (own spelling); invisible before TODO 30
S11508	g	S cv=-: CV 149573 "Mighty Marvel Masterworks: Namor, The Sub-Mariner " 2022 Marvel 1 issues — far (gap 20), found by 'Mighty Marvel Masterworks: Namor, The Sub-Mariner ' (via CV candidate name "Mighty Marvel Masterworks: Namor, The Sub-Mariner "); invisible before TODO 30
S11565	g	provider-missing: CV 111397 "Ant-Man & the Wasp" 2018 Marvel 5 issues — near (gap 0), found by 'Ant-Man & the Wasp' (via CV candidate name "Ant-Man & the Wasp"); invisible before TODO 30
S11565	g	provider-missing: CV 111431 "Marvel's Ant-Man and the Wasp Prelude" 2018 Marvel 1 issues — near (gap 0), found by 'Marvel's Ant-Man and the Wasp Prelude' (own spelling); invisible before TODO 30
S11566	g	provider-missing: CV 113892 "Marvel Studios: The Visual Dictionary" 2018 DK Publishing 1 issues — near (gap 0), found by 'Marvel Studios: The Visual Dictionary' (via CV candidate name "Marvel Studios: The Visual Dictionary"); invisible before TODO 30
S11566	g	provider-missing: CV 132090 "Marvel Comics: The First 80 Years" 2020 Titan Comics 1 issues — far (gap 2), found by 'Marvel Comics: The First 80 Years' (via CV candidate name "Marvel Comics: The First 80 Years"); invisible before TODO 30
S11649	g	provider-missing: CV 80115 "Marvel Universe Guardians of the Galaxy" 2015 Marvel 4 issues — near (gap 0), found by 'Marvel Universe Guardians of the Galaxy' (via CV candidate name "Marvel Universe Guardians of the Galaxy"); invisible before TODO 30
S11649	g	provider-missing: CV 85120 "Marvel Universe Guardians of the Galaxy" 2015 Marvel 23 issues — near (gap 0), found by 'Marvel Universe Guardians of the Galaxy' (via CV candidate name "Marvel Universe Guardians of the Galaxy"); invisible before TODO 30
S11649	g	provider-missing: CV 89302 "Marvel Universe Guardians of the Galaxy" 2016 Marvel 6 issues — near (gap 1), found by 'Marvel Universe Guardians of the Galaxy' (via CV candidate name "Marvel Universe Guardians of the Galaxy"); invisible before TODO 30
S11663	g	provider-missing: CV 44093 "Vampires: The Marvel Undead" 2011 Marvel 1 issues — near (gap 1), found by 'Vampires: The Marvel Undead' (via CV candidate name "Vampires: The Marvel Undead"); invisible before TODO 30
S11705	g	provider-missing: CV 71357 "Captain America: The Winter Soldier" 2014 Marvel 1 issues — near (gap 0), found by 'Captain America: The Winter Soldier' (via CV candidate name "Captain America: The Winter Soldier"); invisible before TODO 30
S11705	g	provider-missing: CV 163076 "Captain America: The Winter Soldier" 2025 Marvel 1 issues — far (gap 11), found by 'Captain America: The Winter Soldier' (via CV candidate name "Captain America: The Winter Soldier"); invisible before TODO 30
S11718	g	provider-missing: CV 49762 "Marvel's The Avengers Prelude: Fury's Big Week" 2012 Marvel 1 issues — near (gap 0), found by 'Marvel's The Avengers Prelude: Fury's Big Week' (own spelling); invisible before TODO 30
S11718	g	provider-missing: CV 52258 "Marvel's The Avengers Prelude: Fury's Big Week" 2012 Marvel 4 issues — near (gap 0), found by 'Marvel's The Avengers Prelude: Fury's Big Week' (own spelling); invisible before TODO 30
S11832	g	S cv=-+provider-missing: CV 20533 "Masters of the Universe" 1981 H. H. Windsor 49 issues — near (gap 0), found by 'Masters of the Universe' (via CV candidate name "Masters of the Universe"); invisible before TODO 30
S11832	g	S cv=-+provider-missing: CV 3117 "Masters of the Universe" 1982 DC Comics 3 issues — near (gap 1), found by 'Masters of the Universe' (via CV candidate name "Masters of the Universe"); invisible before TODO 30
S11832	g	S cv=-+provider-missing: CV 85030 "Masters of the Universe" 1982 Western Publishing 1 issues — near (gap 1), found by 'Masters of the Universe' (via CV candidate name "Masters of the Universe"); invisible before TODO 30
S11832	g	S cv=-+provider-missing: CV 85157 "Masters of the Universe" 1983 Mattel Norge 2 issues — far (gap 2), found by 'Masters of the Universe' (via CV candidate name "Masters of the Universe"); invisible before TODO 30
S11832	g	S cv=-+provider-missing: CV 84665 "Masters of the Universe" 1984 Condor Verlag 10 issues — far (gap 3), found by 'Masters of the Universe' (via CV candidate name "Masters of the Universe"); invisible before TODO 30
S11832	g	S cv=-+provider-missing: CV 85207 "Masters of the Universe" 1984 Federal 4 issues — far (gap 3), found by 'Masters of the Universe' (via CV candidate name "Masters of the Universe"); invisible before TODO 30
S11840	g	provider-missing: CV 84665 "Masters of the Universe" 1984 Condor Verlag 10 issues — near (gap 0), found by 'Masters of the Universe' (via CV candidate name "Masters of the Universe"); invisible before TODO 30
S11840	g	provider-missing: CV 85207 "Masters of the Universe" 1984 Federal 4 issues — near (gap 0), found by 'Masters of the Universe' (via CV candidate name "Masters of the Universe"); invisible before TODO 30
S11840	g	provider-missing: CV 85157 "Masters of the Universe" 1983 Mattel Norge 2 issues — near (gap 1), found by 'Masters of the Universe' (via CV candidate name "Masters of the Universe"); invisible before TODO 30
S11840	g	provider-missing: CV 85183 "Masters of the Universe" 1985 Condor Verlag 4 issues — near (gap 1), found by 'Masters of the Universe' (via CV candidate name "Masters of the Universe"); invisible before TODO 30
S11840	g	provider-missing: CV 3117 "Masters of the Universe" 1982 DC Comics 3 issues — far (gap 2), found by 'Masters of the Universe' (via CV candidate name "Masters of the Universe"); invisible before TODO 30
S11840	g	provider-missing: CV 3646 "Masters of the Universe" 1986 Marvel 13 issues — far (gap 2), found by 'Masters of the Universe' (via CV candidate name "Masters of the Universe"); invisible before TODO 30
S11842	g	provider-missing: CV 53571 "Masters of the Universe: The Origin of Skeletor" 2012 DC Comics 1 issues — near (gap 1), found by 'Masters of the Universe: The Origin of Skeletor' (via GCD name "Masters of the Universe: The Origin of Skeletor"); invisible before TODO 30
S11920	g	S cv=-: CV 77248 "Men of Wrath" 2014 Marvel 5 issues — near (gap 0), found by 'Men of Wrath' (own spelling); invisible before TODO 30
S11920	g	S cv=-: CV 81417 "Men of Wrath" 2015 Marvel 1 issues — near (gap 1), found by 'Men of Wrath' (own spelling); invisible before TODO 30
S11920	g	S cv=-: CV 115403 "Men of Wrath" 2018 Image 1 issues — far (gap 4), found by 'Men of Wrath' (own spelling); invisible before TODO 30
S11922	g	provider-missing: CV 154114 "Menji and the Ruins of Mount Mystery" 2023 Europe Comics 1 issues — near (gap 1), found by 'Menji and the Ruins of Mount Mystery' (via CV candidate name "Menji and the Ruins of Mount Mystery"); invisible before TODO 30
S11922	g	provider-missing: CV 64980 "Defenders of Europe" 2011 Emmetre Edizioni 2 issues — far (gap 11), found by 'Defenders of Europe' (via CV candidate name "Defenders of Europe"); invisible before TODO 30
S12041	g	provider-missing: CV 139834 "Mighty Marvel Holiday Special: Halloween with the Rhino Infinity Comic" 2021 Marvel 1 issues — near (gap 1), found by 'Mighty Marvel Holiday Special: Halloween with the Rhino Infinity Comic' (via CV candidate name "Mighty Marvel Holiday Special: Halloween with the Rhino Infinity Comic"); invisible before TODO 30
S12043	g	provider-missing: CV 139834 "Mighty Marvel Holiday Special: Halloween with the Rhino Infinity Comic" 2021 Marvel 1 issues — near (gap 0), found by 'Mighty Marvel Holiday Special: Halloween with the Rhino Infinity Comic' (via CV candidate name "Mighty Marvel Holiday Special: Halloween with the Rhino Infinity Comic"); invisible before TODO 30
S12044	g	provider-missing: CV 139834 "Mighty Marvel Holiday Special: Halloween with the Rhino Infinity Comic" 2021 Marvel 1 issues — near (gap 0), found by 'Mighty Marvel Holiday Special: Halloween with the Rhino Infinity Comic' (via CV candidate name "Mighty Marvel Holiday Special: Halloween with the Rhino Infinity Comic"); invisible before TODO 30
S12045	g	provider-missing: CV 139834 "Mighty Marvel Holiday Special: Halloween with the Rhino Infinity Comic" 2021 Marvel 1 issues — near (gap 1), found by 'Mighty Marvel Holiday Special: Halloween with the Rhino Infinity Comic' (via CV candidate name "Mighty Marvel Holiday Special: Halloween with the Rhino Infinity Comic"); invisible before TODO 30
S12147	g	provider-missing: CV 53105 "Mind the Gap: Intimate Strangers" 2012 Image 1 issues — near (gap 0), found by 'Mind the Gap: Intimate Strangers' (via CV candidate name "Mind the Gap: Intimate Strangers"); invisible before TODO 30
S12147	g	provider-missing: CV 61196 "Mind the Gap Number 1" 2012 Image 1 issues — near (gap 0), found by 'Mind the Gap Number 1' (via CV candidate name "Mind the Gap Number 1"); invisible before TODO 30
S12435	g	provider-missing: CV 153238 "Ms. Marvel: The New Mutant" 2023 Marvel 4 issues — near (gap 0), found by 'Ms. Marvel: The New Mutant' (via CV candidate name "Ms. Marvel: The New Mutant"); invisible before TODO 30
S12435	g	provider-missing: CV 157335 "Ms. Marvel: The New Mutant" 2024 Marvel 2 issues — near (gap 1), found by 'Ms. Marvel: The New Mutant' (via CV candidate name "Ms. Marvel: The New Mutant"); invisible before TODO 30
S12586	g	S cv=-+provider-missing: CV 158675 "My Name is Shingo: The Perfect Edition" 2024 Viz 5 issues — near (gap 0), found by 'My Name is Shingo: The Perfect Edition' (via CV candidate name "My Name is Shingo: The Perfect Edition"); invisible before TODO 30
S12607	g	S cv=-+provider-missing: CV 146346 "Mister Miracle: The Source of Freedom" 2022 DC Comics 1 issues — near (gap 0), found by 'Mister Miracle: The Source of Freedom' (via CV candidate name "Mister Miracle: The Source of Freedom"); invisible before TODO 30
S12607	g	S cv=-+provider-missing: CV 136278 "Mister Miracle: The Source of Freedom" 2021 DC Comics 6 issues — near (gap 1), found by 'Mister Miracle: The Source of Freedom' (via CV candidate name "Mister Miracle: The Source of Freedom"); invisible before TODO 30
S12962	g	provider-missing: CV 95818 "DC Universe: Rebirth The Deluxe Edition" 2016 DC Comics 1 issues — near (gap 0), found by 'DC Universe: Rebirth The Deluxe Edition' (via CV candidate name "DC Universe: Rebirth The Deluxe Edition"); invisible before TODO 30
S13155	g	provider-missing: CV 82847 "Odd Schnozz and the Odd Squad" 2015 Oni Press 1 issues — near (gap 0), found by 'Odd Schnozz and the Odd Squad' (own spelling); invisible before TODO 30
S13161	g	provider-missing: CV 109256 "Of Gods and Men" 2018 Wishful Thinking Entertainment 1 issues — near (gap 1), found by 'Of Gods and Men' (own spelling); invisible before TODO 30
S13161	g	provider-missing: CV 42583 "Thor: Gods and Men" 2011 Marvel 1 issues — far (gap 8), found by 'Thor: Gods and Men' (via CV candidate name "Thor: Gods and Men"); invisible before TODO 30
S13202	g	provider-missing: CV 133605 "Image Firsts: The Old Guard" 2021 Image 1 issues — near (gap 0), found by 'Image Firsts: The Old Guard' (via CV candidate name "Image Firsts: The Old Guard"); invisible before TODO 30
S13251	g	provider-missing: CV 131716 "One of Those Days" 2020 Random House 1 issues — near (gap 0), found by 'One of Those Days' (own spelling); invisible before TODO 30
S13251	g	provider-missing: CV 80949 "Is This "One of Those Days," Daddy?: A For Better or For Worse Collection" 1982 Andrews McMeel Publishing 1 issues — far (gap 38), found by 'Is This "One of Those Days," Daddy?: A For Better or For Worse Collection' (via CV candidate name "Is This "One of Those Days," Daddy?: A For Better or For Worse Collection"); invisible before TODO 30
S13497	g	provider-missing: CV 104648 "The Art of Overwatch" 2017 Dark Horse Comics 1 issues — near (gap 1), found by 'The Art of Overwatch' (own spelling); invisible before TODO 30
S13502	g	provider-missing: CV 79708 "DC Entertainment Essential Graphic Novels and Chronology 2015" 2015 DC Comics 1 issues — near (gap 0), found by 'DC Entertainment Essential Graphic Novels and Chronology 2015' (via CV candidate name "DC Entertainment Essential Graphic Novels and Chronology 2015"); invisible before TODO 30
S13587	g	provider-missing: CV 146346 "Mister Miracle: The Source of Freedom" 2022 DC Comics 1 issues — near (gap 1), found by 'Mister Miracle: The Source of Freedom' (via CV candidate name "Mister Miracle: The Source of Freedom"); invisible before TODO 30
S13587	g	provider-missing: CV 136278 "Mister Miracle: The Source of Freedom" 2021 DC Comics 6 issues — far (gap 2), found by 'Mister Miracle: The Source of Freedom' (via CV candidate name "Mister Miracle: The Source of Freedom"); invisible before TODO 30
S13644	g	S cv=-+provider-missing: CV 75422 "Charlie Brown: POW!: A Peanuts Collection" 2014 Andrews McMeel Publishing 1 issues — near (gap 1), found by 'Charlie Brown: POW!: A Peanuts Collection' (via CV candidate name "Charlie Brown: POW!: A Peanuts Collection"); invisible before TODO 30
S13644	g	S cv=-+provider-missing: CV 58075 "Go Fly a Kite, Charlie Brown / Snoopy" 1960 Holt, Rinehart and Winston 1 issues — far (gap 55), found by 'Go Fly a Kite, Charlie Brown / Snoopy' (via CV candidate name "Go Fly a Kite, Charlie Brown / Snoopy"); invisible before TODO 30
S13647	g	provider-missing: CV 106309 "Snoopy: A Peanuts Collection" 2017 Boom! Studios 1 issues — near (gap 1), found by 'Snoopy: A Peanuts Collection' (via CV candidate name "Snoopy: A Peanuts Collection"); invisible before TODO 30
S13647	g	provider-missing: CV 86246 "Peanuts: The Snoopy Special" 2015 Boom! Studios 1 issues — far (gap 3), found by 'Peanuts: The Snoopy Special' (via CV candidate name "Peanuts: The Snoopy Special"); invisible before TODO 30
S13768	g	S cv=-+provider-missing: CV 160248 "Marvel and Fantagraphics Present Stories from the Atlas Comics Library: FCBD 2024" 2024 Fantagraphics 1 issues — near (gap 0), found by 'Marvel and Fantagraphics Present Stories from the Atlas Comics Library: FCBD 2024' (via CV candidate name "Marvel and Fantagraphics Present Stories from the Atlas Comics Library: FCBD 2024"); invisible before TODO 30
S13845	g	provider-missing: CV 149006 "Pixies of the Sixties - Anann" 2023 Humanoids 1 issues — near (gap 0), found by 'Pixies of the Sixties - Anann' (via CV candidate name "Pixies of the Sixties - Anann"); invisible before TODO 30
S13845	g	provider-missing: CV 155146 "Pixies of the Sixties - Carrie" 2023 Humanoids 1 issues — near (gap 0), found by 'Pixies of the Sixties - Carrie' (via CV candidate name "Pixies of the Sixties - Carrie"); invisible before TODO 30
S13846	g	provider-missing: CV 149005 "Pixies of the Sixties - Ailith" 2023 Humanoids 1 issues — near (gap 0), found by 'Pixies of the Sixties - Ailith' (via CV candidate name "Pixies of the Sixties - Ailith"); invisible before TODO 30
S13846	g	provider-missing: CV 149006 "Pixies of the Sixties - Anann" 2023 Humanoids 1 issues — near (gap 0), found by 'Pixies of the Sixties - Anann' (via CV candidate name "Pixies of the Sixties - Anann"); invisible before TODO 30
S13902	g	provider-missing: CV 121667 "Commute: An Illustrated Memoir of Female Shame" 2019 Harry N. Abrams 1 issues — near (gap 0), found by 'Commute: An Illustrated Memoir of Female Shame' (via CV candidate name "Commute: An Illustrated Memoir of Female Shame"); invisible before TODO 30
S14095	g	provider-missing: CV 148850 "Prince of Persia" 2008 Dargaud 2 issues — near (gap 0), found by 'Prince of Persia' (own spelling); invisible before TODO 30
S14095	g	provider-missing: CV 34007 "Prince of Persia: Before the Sandstorm" 2010 Dynamite Entertainment 4 issues — far (gap 2), found by 'Prince of Persia: Before the Sandstorm' (via CV candidate name "Prince of Persia: Before the Sandstorm"); invisible before TODO 30
S14095	g	provider-missing: CV 40193 "Prince of Persia: Before the Sandstorm" 2010 Disney 1 issues — far (gap 2), found by 'Prince of Persia: Before the Sandstorm' (via CV candidate name "Prince of Persia: Before the Sandstorm"); invisible before TODO 30
S14113	g	provider-missing: CV 119789 "Prison Witch: The Feral" 2019 Space Between Entertainment 1 issues — near (gap 0), found by 'Prison Witch: The Feral' (via CV candidate name "Prison Witch: The Feral"); invisible before TODO 30
S14195	g	provider-missing: CV 109966 "Punisher: The Platoon" 2018 Marvel 1 issues — near (gap 1), found by 'Punisher: The Platoon' (own spelling); invisible before TODO 30
S14195	g	provider-missing: CV 34724 "Marvel Universe vs. The Punisher" 2010 Marvel 4 issues — far (gap 7), found by 'Marvel Universe vs. The Punisher' (via CV candidate name "Marvel Universe vs. The Punisher"); invisible before TODO 30
S14195	g	provider-missing: CV 38206 "Marvel Universe vs. The Punisher" 2010 Marvel 1 issues — far (gap 7), found by 'Marvel Universe vs. The Punisher' (via CV candidate name "Marvel Universe vs. The Punisher"); invisible before TODO 30
S14195	g	provider-missing: CV 23192 "Marvel Mangaverse: The Punisher" 2002 Marvel 1 issues — far (gap 15), found by 'Marvel Mangaverse: The Punisher' (via CV candidate name "Marvel Mangaverse: The Punisher"); invisible before TODO 30
S14198	g	provider-missing: CV 20535 "The Punisher: Force of Nature" 2008 Marvel 1 issues — near (gap 1), found by 'Punisher: Force of Nature' (via GCD name "Punisher: Force of Nature"); invisible before TODO 30
S14370	g	provider-missing: CV 73558 "CBLDF Presents Raising A Reader!" 2014 Comic Book Legal Defense Fund 1 issues — near (gap 1), found by 'CBLDF Presents Raising A Reader!' (via CV candidate name "CBLDF Presents Raising A Reader!"); invisible before TODO 30
S14546	g	S cv=-+provider-missing: CV 139794 "TKO Presents: Tales of Terror" 2021 TKO Studios 1 issues — near (gap 1), found by 'TKO Presents: Tales of Terror' (via CV candidate name "TKO Presents: Tales of Terror"); invisible before TODO 30
S14674	g	provider-missing: CV 125505 "Rick and Morty vs. Dungeons & Dragons II: Painscape" 2020 Oni Press 1 issues — near (gap 1), found by 'Rick and Morty vs. Dungeons & Dragons II: Painscape' (own spelling); invisible before TODO 30
S14674	g	provider-missing: CV 138546 "Rick and Morty vs. Dungeons & Dragons: Deluxe Edition" 2021 Oni Press 1 issues — far (gap 2), found by 'Rick and Morty vs. Dungeons & Dragons: Deluxe Edition' (via CV candidate name "Rick and Morty vs. Dungeons & Dragons: Deluxe Edition"); invisible before TODO 30
S14674	g	provider-missing: CV 165379 "Rick and Morty vs. the Universe" 2025 Oni Press 4 issues — far (gap 6), found by 'Rick and Morty vs. the Universe' (via CV candidate name "Rick and Morty vs. the Universe"); invisible before TODO 30
S14716	g	provider-missing: CV 109493 "Rivers of London: Here Be Dragons" 2024 Titan Comics 1 issues — near (gap 1), found by 'Rivers of London: Here Be Dragons' (own spelling); invisible before TODO 30
S14716	g	provider-missing: CV 88580 "Rivers of London: Body Work" 2016 Titan Comics 1 issues — far (gap 7), found by 'Rivers of London: Body Work' (via CV candidate name "Rivers of London: Body Work"); invisible before TODO 30
S14716	g	provider-missing: CV 83321 "Rivers of London: Body Work" 2015 Titan Comics 5 issues — far (gap 8), found by 'Rivers of London: Body Work' (via CV candidate name "Rivers of London: Body Work"); invisible before TODO 30
S14849	g	provider-missing: CV 120769 "Roy of the Rovers: The Best of the 1960s" 2019 Rebellion 1 issues — near (gap 0), found by 'Roy of the Rovers: The Best of the 1960s' (via CV candidate name "Roy of the Rovers: The Best of the 1960s"); invisible before TODO 30
S14849	g	provider-missing: CV 136574 "Roy of the Rovers: The Best of the 1980s" 2021 Rebellion 1 issues — far (gap 2), found by 'Roy of the Rovers: The Best of the 1980s' (via CV candidate name "Roy of the Rovers: The Best of the 1980s"); invisible before TODO 30
S14882	g	S cv=-+provider-missing: CV 158034 "FCBD 2024 The Valiants" 2024 Alien Books 1 issues — near (gap 1), found by 'FCBD 2024 The Valiants' (via CV candidate name "FCBD 2024 The Valiants"); invisible before TODO 30
S14883	g	provider-missing: CV 113650 "Running from the Storm" 2018 Harlequin Comics 1 issues — near (gap 0), found by 'Running from the Storm' (via CV candidate name "Running from the Storm"); invisible before TODO 30
S14975	g	S cv=-+provider-missing: CV 169160 "The Vault of Horror" 2023 Akileos 2 issues — near (gap 0), found by 'The Vault of Horror' (via CV candidate name "The Vault of Horror"); invisible before TODO 30
S14975	g	S cv=-+provider-missing: CV 114916 "Vault of Spiders" 2018 Marvel 2 issues — far (gap 5), found by 'Vault of Spiders' (via CV candidate name "Vault of Spiders"); invisible before TODO 30
S14975	g	S cv=-+provider-missing: CV 31494 "Vault of Horror" 1992 Gemstone 29 issues — far (gap 31), found by 'The Vault of Horror' (via CV candidate name "The Vault of Horror"); invisible before TODO 30
S14975	g	S cv=-+provider-missing: CV 31172 "Vault of Horror" 1991 Russ Cochran 5 issues — far (gap 32), found by 'The Vault of Horror' (via CV candidate name "The Vault of Horror"); invisible before TODO 30
S14975	g	S cv=-+provider-missing: CV 64729 "Vault of Horror" 1990 Gladstone 6 issues — far (gap 33), found by 'The Vault of Horror' (via CV candidate name "The Vault of Horror"); invisible before TODO 30
S14975	g	S cv=-+provider-missing: CV 32144 "Vault of Horror" 1965 Ballantine Books 1 issues — far (gap 58), found by 'The Vault of Horror' (via CV candidate name "The Vault of Horror"); invisible before TODO 30
S15100	g	S cv=-: CV 2701 "The Savage Sword of Conan" 1974 Marvel 235 issues — near (gap 0), found by 'Savage Sword Of Conan' (own spelling); invisible before TODO 30
S15100	g	S cv=-: CV 133866 "The Savage Sword of Conan the Barbarian" 1974 Yaffa / Page 4 issues — near (gap 0), found by 'The Savage Sword of Conan the Barbarian' (via CV candidate name "The Savage Sword of Conan the Barbarian"); invisible before TODO 30
S15100	g	S cv=-: CV 20391 "The Savage Sword of Conan" 1975 Marvel UK/Panini UK 18 issues — near (gap 1), found by 'Savage Sword Of Conan' (own spelling); invisible before TODO 30
S15100	g	S cv=-: CV 47760 "Savage Sword of Conan" 1977 Marvel UK/Panini UK 93 issues — far (gap 3), found by 'Savage Sword Of Conan' (own spelling); invisible before TODO 30
S15100	g	S cv=-: CV 21975 "The Savage Sword of Conan" 2007 Dark Horse Comics 22 issues — far (gap 33), found by 'Savage Sword Of Conan' (own spelling); invisible before TODO 30
S15100	g	S cv=-: CV 120279 "The Savage Sword Of Conan " 2017 Hachette 4 issues — far (gap 43), found by 'Savage Sword Of Conan' (own spelling); invisible before TODO 30
S15103	g	provider-missing: CV 117080 "The Savage Sword of Conan" 2019 Marvel 12 issues — near (gap 0), found by 'The Savage Sword of Conan' (via CV candidate name "The Savage Sword of Conan"); invisible before TODO 30
S15103	g	provider-missing: CV 120321 "Savage Sword of Conan: The Cult of Koga Thun" 2019 Marvel 1 issues — near (gap 0), found by 'Savage Sword of Conan: The Cult of Koga Thun' (via CV candidate name "Savage Sword of Conan: The Cult of Koga Thun"); invisible before TODO 30
S15103	g	provider-missing: CV 133719 "Savage Sword of Conan" 2019 Panini Verlag 2 issues — near (gap 0), found by 'The Savage Sword of Conan' (via CV candidate name "The Savage Sword of Conan"); invisible before TODO 30
S15103	g	provider-missing: CV 120279 "The Savage Sword Of Conan " 2017 Hachette 4 issues — far (gap 2), found by 'The Savage Sword of Conan' (via CV candidate name "The Savage Sword of Conan"); invisible before TODO 30
S15103	g	provider-missing: CV 157073 "The Savage Sword of Conan" 2024 Titan Comics 11 issues — far (gap 5), found by 'The Savage Sword of Conan' (via CV candidate name "The Savage Sword of Conan"); invisible before TODO 30
S15103	g	provider-missing: CV 21975 "The Savage Sword of Conan" 2007 Dark Horse Comics 22 issues — far (gap 12), found by 'The Savage Sword of Conan' (via CV candidate name "The Savage Sword of Conan"); invisible before TODO 30
S15192	g	S cv=-+provider-missing: CV 80009 "Scribblenauts Unmasked: A Crisis of Imagination" 2015 DC Comics 1 issues — near (gap 0), found by 'Scribblenauts Unmasked: A Crisis of Imagination' (via CV candidate name "Scribblenauts Unmasked: A Crisis of Imagination"); invisible before TODO 30
S15192	g	S cv=-+provider-missing: CV 71108 "Scribblenauts Unmasked: A Crisis of Imagination" 2014 DC Comics 9 issues — near (gap 1), found by 'Scribblenauts Unmasked: A Crisis of Imagination' (via CV candidate name "Scribblenauts Unmasked: A Crisis of Imagination"); invisible before TODO 30
S15192	g	S cv=-+provider-missing: CV 69756 "Scribblenauts Unmasked: A Crisis of Imagination" 2013 DC Comics 18 issues — far (gap 2), found by 'Scribblenauts Unmasked: A Crisis of Imagination' (via CV candidate name "Scribblenauts Unmasked: A Crisis of Imagination"); invisible before TODO 30
S15192	g	S cv=-+provider-missing: CV 44267 "DC Comics The New 52" 2012 DC Comics 1 issues — far (gap 3), found by 'DC Comics: The New 52' (via CV candidate name "DC Comics: The New 52"); invisible before TODO 30
S15192	g	S cv=-+provider-missing: CV 41416 "DC Comics: The New 52" 2011 DC Comics 1 issues — far (gap 4), found by 'DC Comics: The New 52' (via CV candidate name "DC Comics: The New 52"); invisible before TODO 30
S15497	g	S cv=-: CV 118267 "She Could Fly: The Lost Pilot" 2019 Dark Horse Comics 5 issues — near (gap 0), found by 'She Could Fly: The Lost Pilot' (via CV candidate name "She Could Fly: The Lost Pilot"); invisible before TODO 30
S15497	g	S cv=-: CV 123252 "She Could Fly: The Lost Pilot" 2019 Dark Horse Comics 1 issues — near (gap 0), found by 'She Could Fly: The Lost Pilot' (via CV candidate name "She Could Fly: The Lost Pilot"); invisible before TODO 30
S15516	g	provider-missing: CV 124899 "She-Ra and the Princesses of Power: Legend of the Fire Princess" 2020 Scholastic Book Services 1 issues — near (gap 1), found by 'She-Ra and the Princesses of Power: Legend of the Fire Princess' (via CV candidate name "She-Ra and the Princesses of Power: Legend of the Fire Princess"); invisible before TODO 30
S15516	g	provider-missing: CV 93380 "He-Man and She-Ra: A Complete Guide To the Classic Animated Adventures" 2016 Dark Horse Comics 1 issues — far (gap 3), found by 'He-Man and She-Ra: A Complete Guide To the Classic Animated Adventures' (via CV candidate name "He-Man and She-Ra: A Complete Guide To the Classic Animated Adventures"); invisible before TODO 30
S15516	g	provider-missing: CV 159080 "Princess of Power: The Sword of She-Ra" 1985 Western Publishing 1 issues — far (gap 34), found by 'Princess of Power: The Sword of She-Ra' (via CV candidate name "Princess of Power: The Sword of She-Ra"); invisible before TODO 30
S15558	g	provider-missing: CV 100141 "The Torture Report: A Graphic Adaptation" 2017 Skyhorse Publishing 1 issues — near (gap 1), found by 'The Torture Report: A Graphic Adaptation' (via CV candidate name "The Torture Report: A Graphic Adaptation"); invisible before TODO 30
S15700	g	provider-missing: CV 136036 "Sirens of the Norse Sea" 2021 Humanoids 1 issues — near (gap 0), found by 'Sirens of the Norse Sea' (own spelling); invisible before TODO 30
S16126	g	provider-missing: CV 139572 "Spider-Man: The Spider's Shadow" 2021 Marvel 1 issues — near (gap 0), found by 'Spider-Man: The Spider's Shadow' (own spelling); invisible before TODO 30
S16126	g	provider-missing: CV 65758 "The Amazing Spider-Man: Life and Death of Spiders" 2003 Marvel 1 issues — far (gap 18), found by 'The Amazing Spider-Man: Life and Death of Spiders' (via CV candidate name "The Amazing Spider-Man: Life and Death of Spiders"); invisible before TODO 30
S16209	g	provider-missing: CV 121743 "Spider-Man: Far From Home: The Art of the Movie" 2019 Marvel 1 issues — near (gap 0), found by 'Spider-Man: Far From Home: The Art of the Movie' (via CV candidate name "Spider-Man: Far From Home: The Art of the Movie"); invisible before TODO 30
S16234	g	S cv=-: CV 32699 "Spider-Man: The Gauntlet - Rhino and Mysterio" 2010 Marvel 1 issues — near (gap 0), found by 'Spider-Man: The Gauntlet - Rhino and Mysterio' (via CV candidate name "Spider-Man: The Gauntlet - Rhino and Mysterio"); invisible before TODO 30
S16234	g	S cv=-: CV 35046 "Spider-Man: The Gauntlet - Juggernaut" 2010 Marvel 1 issues — near (gap 0), found by 'Spider-Man: The Gauntlet - Juggernaut' (via CV candidate name "Spider-Man: The Gauntlet - Juggernaut"); invisible before TODO 30
S16234	g	S cv=-: CV 35738 "Spider-Man: The Gauntlet: Lizard" 2010 Marvel 1 issues — near (gap 0), found by 'Spider-Man: The Gauntlet: Lizard' (via CV candidate name "Spider-Man: The Gauntlet: Lizard"); invisible before TODO 30
S16273	g	provider-missing: CV 142133 "Spidey and His Amazing Friends: Team Spidey Does It All!" 2022 Marvel 1 issues — near (gap 1), found by 'Spidey and His Amazing Friends: Team Spidey Does It All!' (via CV candidate name "Spidey and His Amazing Friends: Team Spidey Does It All!"); invisible before TODO 30
S16273	g	provider-missing: CV 142943 "Spidey and His Amazing Friends Free Comic" 2022 Marvel 1 issues — near (gap 1), found by 'Spidey and His Amazing Friends Free Comic' (via CV candidate name "Spidey and His Amazing Friends Free Comic"); invisible before TODO 30
S16273	g	provider-missing: CV 159262 "Spidey and His Amazing Friends" 2024 Marvel 2 issues — far (gap 3), found by 'Spidey and His Amazing Friends' (via GCD name "Spidey and His Amazing Friends"); invisible before TODO 30
S16274	g	provider-missing: CV 142133 "Spidey and His Amazing Friends: Team Spidey Does It All!" 2022 Marvel 1 issues — near (gap 0), found by 'Spidey and His Amazing Friends: Team Spidey Does It All!' (via CV candidate name "Spidey and His Amazing Friends: Team Spidey Does It All!"); invisible before TODO 30
S16274	g	provider-missing: CV 142943 "Spidey and His Amazing Friends Free Comic" 2022 Marvel 1 issues — near (gap 0), found by 'Spidey and His Amazing Friends Free Comic' (via CV candidate name "Spidey and His Amazing Friends Free Comic"); invisible before TODO 30
S16274	g	provider-missing: CV 159262 "Spidey and His Amazing Friends" 2024 Marvel 2 issues — far (gap 2), found by 'Spidey and His Amazing Friends' (via GCD name "Spidey and His Amazing Friends"); invisible before TODO 30
S16274	g	provider-missing: CV 47659 "Spider-Man and his Amazing Friends" 1983 Marvel UK/Panini UK 26 issues — far (gap 39), found by 'Spider-Man and His Amazing Friends' (via CV candidate name "Spider-Man and His Amazing Friends"); invisible before TODO 30
S16274	g	provider-missing: CV 26291 "Spider-Man and His Amazing Friends" 1981 Marvel 1 issues — far (gap 41), found by 'Spider-Man and His Amazing Friends' (via CV candidate name "Spider-Man and His Amazing Friends"); invisible before TODO 30
S16275	g	provider-missing: CV 142133 "Spidey and His Amazing Friends: Team Spidey Does It All!" 2022 Marvel 1 issues — near (gap 1), found by 'Spidey and His Amazing Friends: Team Spidey Does It All!' (via CV candidate name "Spidey and His Amazing Friends: Team Spidey Does It All!"); invisible before TODO 30
S16275	g	provider-missing: CV 142943 "Spidey and His Amazing Friends Free Comic" 2022 Marvel 1 issues — near (gap 1), found by 'Spidey and His Amazing Friends Free Comic' (via CV candidate name "Spidey and His Amazing Friends Free Comic"); invisible before TODO 30
S16275	g	provider-missing: CV 159262 "Spidey and His Amazing Friends" 2024 Marvel 2 issues — far (gap 3), found by 'Spidey and His Amazing Friends' (via GCD name "Spidey and His Amazing Friends"); invisible before TODO 30
S16275	g	provider-missing: CV 47659 "Spider-Man and his Amazing Friends" 1983 Marvel UK/Panini UK 26 issues — far (gap 38), found by 'Spider-Man and His Amazing Friends' (via CV candidate name "Spider-Man and His Amazing Friends"); invisible before TODO 30
S16275	g	provider-missing: CV 26291 "Spider-Man and His Amazing Friends" 1981 Marvel 1 issues — far (gap 40), found by 'Spider-Man and His Amazing Friends' (via CV candidate name "Spider-Man and His Amazing Friends"); invisible before TODO 30
S16276	g	provider-missing: CV 142133 "Spidey and His Amazing Friends: Team Spidey Does It All!" 2022 Marvel 1 issues — near (gap 1), found by 'Spidey and His Amazing Friends: Team Spidey Does It All!' (via CV candidate name "Spidey and His Amazing Friends: Team Spidey Does It All!"); invisible before TODO 30
S16276	g	provider-missing: CV 142943 "Spidey and His Amazing Friends Free Comic" 2022 Marvel 1 issues — near (gap 1), found by 'Spidey and His Amazing Friends Free Comic' (via CV candidate name "Spidey and His Amazing Friends Free Comic"); invisible before TODO 30
S16276	g	provider-missing: CV 159262 "Spidey and His Amazing Friends" 2024 Marvel 2 issues — near (gap 1), found by 'Spidey and His Amazing Friends' (via GCD name "Spidey and His Amazing Friends"); invisible before TODO 30
S16276	g	provider-missing: CV 47659 "Spider-Man and his Amazing Friends" 1983 Marvel UK/Panini UK 26 issues — far (gap 40), found by 'Spider-Man and His Amazing Friends' (via CV candidate name "Spider-Man and His Amazing Friends"); invisible before TODO 30
S16276	g	provider-missing: CV 26291 "Spider-Man and His Amazing Friends" 1981 Marvel 1 issues — far (gap 42), found by 'Spider-Man and His Amazing Friends' (via CV candidate name "Spider-Man and His Amazing Friends"); invisible before TODO 30
S16277	g	provider-missing: CV 142133 "Spidey and His Amazing Friends: Team Spidey Does It All!" 2022 Marvel 1 issues — near (gap 0), found by 'Spidey and His Amazing Friends: Team Spidey Does It All!' (via CV candidate name "Spidey and His Amazing Friends: Team Spidey Does It All!"); invisible before TODO 30
S16277	g	provider-missing: CV 142943 "Spidey and His Amazing Friends Free Comic" 2022 Marvel 1 issues — near (gap 0), found by 'Spidey and His Amazing Friends Free Comic' (via CV candidate name "Spidey and His Amazing Friends Free Comic"); invisible before TODO 30
S16277	g	provider-missing: CV 159262 "Spidey and His Amazing Friends" 2024 Marvel 2 issues — far (gap 2), found by 'Spidey and His Amazing Friends' (via GCD name "Spidey and His Amazing Friends"); invisible before TODO 30
S16278	g	provider-missing: CV 142133 "Spidey and His Amazing Friends: Team Spidey Does It All!" 2022 Marvel 1 issues — near (gap 1), found by 'Spidey and His Amazing Friends: Team Spidey Does It All!' (via CV candidate name "Spidey and His Amazing Friends: Team Spidey Does It All!"); invisible before TODO 30
S16278	g	provider-missing: CV 142943 "Spidey and His Amazing Friends Free Comic" 2022 Marvel 1 issues — near (gap 1), found by 'Spidey and His Amazing Friends Free Comic' (via CV candidate name "Spidey and His Amazing Friends Free Comic"); invisible before TODO 30
S16278	g	provider-missing: CV 159262 "Spidey and His Amazing Friends" 2024 Marvel 2 issues — far (gap 3), found by 'Spidey and His Amazing Friends' (via GCD name "Spidey and His Amazing Friends"); invisible before TODO 30
S16278	g	provider-missing: CV 47659 "Spider-Man and his Amazing Friends" 1983 Marvel UK/Panini UK 26 issues — far (gap 38), found by 'Spider-Man and His Amazing Friends' (via CV candidate name "Spider-Man and His Amazing Friends"); invisible before TODO 30
S16278	g	provider-missing: CV 26291 "Spider-Man and His Amazing Friends" 1981 Marvel 1 issues — far (gap 40), found by 'Spider-Man and His Amazing Friends' (via CV candidate name "Spider-Man and His Amazing Friends"); invisible before TODO 30
S16279	g	provider-missing: CV 142133 "Spidey and His Amazing Friends: Team Spidey Does It All!" 2022 Marvel 1 issues — near (gap 1), found by 'Spidey and His Amazing Friends: Team Spidey Does It All!' (via CV candidate name "Spidey and His Amazing Friends: Team Spidey Does It All!"); invisible before TODO 30
S16279	g	provider-missing: CV 142943 "Spidey and His Amazing Friends Free Comic" 2022 Marvel 1 issues — near (gap 1), found by 'Spidey and His Amazing Friends Free Comic' (via CV candidate name "Spidey and His Amazing Friends Free Comic"); invisible before TODO 30
S16279	g	provider-missing: CV 159262 "Spidey and His Amazing Friends" 2024 Marvel 2 issues — far (gap 3), found by 'Spidey and His Amazing Friends' (via GCD name "Spidey and His Amazing Friends"); invisible before TODO 30
S16279	g	provider-missing: CV 74365 "Golden Book of Comics" 1950 Amalgamated Press 1 issues — far (gap 71), found by 'Golden Book of Comics' (via CV candidate name "Golden Book of Comics"); invisible before TODO 30
S16374	g	provider-missing: CV 98401 "Stan Lee's Chakra The Invincible: Rise of Infinitus" 2017 Graphic India 1 issues — near (gap 1), found by 'Stan Lee's Chakra The Invincible: Rise of Infinitus' (via CV candidate name "Stan Lee's Chakra The Invincible: Rise of Infinitus"); invisible before TODO 30
S16374	g	provider-missing: CV 90724 "Stan Lee's Chakra The Invincible: Rise of Infinitus" 2016 Graphic India 6 issues — far (gap 2), found by 'Stan Lee's Chakra The Invincible: Rise of Infinitus' (via CV candidate name "Stan Lee's Chakra The Invincible: Rise of Infinitus"); invisible before TODO 30
S16440	g	provider-missing: CV 54666 "Star Trek: The Next Generation Omnibus" 2012 IDW Publishing 1 issues — near (gap 0), found by 'Star Trek: The Next Generation Omnibus' (via CV candidate name "Star Trek: The Next Generation Omnibus"); invisible before TODO 30
S16440	g	provider-missing: CV 61028 "Star Trek: The Next Generation: Ghosts" 2010 IDW Publishing 1 issues — far (gap 2), found by 'Star Trek: The Next Generation: Ghosts' (via CV candidate name "Star Trek: The Next Generation: Ghosts"); invisible before TODO 30
S16440	g	provider-missing: CV 29865 "Star Trek: The Next Generation: Ghosts" 2009 IDW Publishing 5 issues — far (gap 3), found by 'Star Trek: The Next Generation: Ghosts' (via CV candidate name "Star Trek: The Next Generation: Ghosts"); invisible before TODO 30
S16473	g	provider-missing: CV 154228 "Star Trek: The Animated Celebration Presents The Scheimer Barrier" 2023 IDW Publishing 1 issues — near (gap 0), found by 'Star Trek: The Animated Celebration Presents The Scheimer Barrier' (own spelling); invisible before TODO 30
S16525	g	provider-missing: CV 152418 "Star Wars: Return of The Jedi - The Rebellion" 2023 Marvel 1 issues — near (gap 0), found by 'Star Wars: Return of The Jedi - The Rebellion' (via CV candidate name "Star Wars: Return of The Jedi - The Rebellion"); invisible before TODO 30
S16525	g	provider-missing: CV 126383 "Star Wars: Age of Rebellion" 2020 Marvel 1 issues — far (gap 3), found by 'Star Wars: Age of Rebellion' (via CV candidate name "Star Wars: Age of Rebellion"); invisible before TODO 30
S16525	g	provider-missing: CV 118395 "Star Wars: Age of Rebellion Special" 2019 Marvel 1 issues — far (gap 4), found by 'Star Wars: Age of Rebellion Special' (via CV candidate name "Star Wars: Age of Rebellion Special"); invisible before TODO 30
S16595	g	provider-missing: CV 137047 "Star Wars: The Empire Strikes Back: 40th Anniversary Collector's Edition" 2021 Titan Comics 1 issues — near (gap 0), found by 'Star Wars: The Empire Strikes Back: 40th Anniversary Collector's Edition' (via CV name "Star Wars: The Empire Strikes Back: 40th Anniversary Collector's Edition"); invisible before TODO 30
S16595	g	provider-missing: CV 66017 "Star Wars: The Empire Strikes Back" 2005 Tokyopop 1 issues — far (gap 16), found by 'Star Wars: The Empire Strikes Back' (via CV candidate name "Star Wars: The Empire Strikes Back"); invisible before TODO 30
S16595	g	provider-missing: CV 28818 "Star Wars: The Empire Strikes Back" 1997 Dark Horse Comics 1 issues — far (gap 24), found by 'Star Wars: The Empire Strikes Back' (via CV candidate name "Star Wars: The Empire Strikes Back"); invisible before TODO 30
S16595	g	provider-missing: CV 47795 "Star Wars: The Empire Strikes Back" 1980 Marvel UK/Panini UK 19 issues — far (gap 41), found by 'Star Wars: The Empire Strikes Back' (via CV candidate name "Star Wars: The Empire Strikes Back"); invisible before TODO 30
S16595	g	provider-missing: CV 58063 "Marvel Special Edition Featuring Star Wars The Empire Strikes Back" 1980 Marvel 1 issues — far (gap 41), found by 'Marvel Special Edition Featuring Star Wars The Empire Strikes Back' (via CV candidate name "Marvel Special Edition Featuring Star Wars The Empire Strikes Back"); invisible before TODO 30
S16596	g	provider-missing: CV 91772 "Star Wars: The Force Awakens Adaptation" 2016 Marvel 6 issues — near (gap 1), found by 'Star Wars: The Force Awakens Adaptation' (via CV candidate name "Star Wars: The Force Awakens Adaptation"); invisible before TODO 30
S16596	g	provider-missing: CV 96310 "Star Wars: The Force Awakens Adaptation" 2016 Marvel 1 issues — near (gap 1), found by 'Star Wars: The Force Awakens Adaptation' (via CV candidate name "Star Wars: The Force Awakens Adaptation"); invisible before TODO 30
S16596	g	provider-missing: CV 86107 "Star Wars: Journey to Star Wars: The Force Awakens - Shattered Empire" 2015 Marvel 1 issues — far (gap 2), found by 'Star Wars: Journey to Star Wars: The Force Awakens - Shattered Empire' (via CV candidate name "Star Wars: Journey to Star Wars: The Force Awakens - Shattered Empire"); invisible before TODO 30
S16600	g	provider-missing: CV 147135 "Star Wars: The High Republic: The Blade" 2023 Marvel 4 issues — near (gap 0), found by 'Star Wars: The High Republic - The Blade' (via CV candidate name "Star Wars: The High Republic - The Blade"); invisible before TODO 30
S16600	g	provider-missing: CV 151711 "Star Wars: The High Republic - The Blade" 2023 Marvel 1 issues — near (gap 0), found by 'Star Wars: The High Republic - The Blade' (via CV candidate name "Star Wars: The High Republic - The Blade"); invisible before TODO 30
S16600	g	provider-missing: CV 155570 "Star Wars: The High Republic Adventures - The Nameless Terror" 2023 Dark Horse Comics 1 issues — near (gap 0), found by 'Star Wars: The High Republic Adventures - The Nameless Terror' (own spelling); invisible before TODO 30
S16600	g	provider-missing: CV 145478 "Star Wars: The High Republic" 2022 Marvel 10 issues — near (gap 1), found by 'Star Wars: The High Republic' (via CV candidate name "Star Wars: The High Republic"); invisible before TODO 30
S16600	g	provider-missing: CV 154553 "Star Wars: The High Republic" 2024 Marvel 10 issues — near (gap 1), found by 'Star Wars: The High Republic' (via CV candidate name "Star Wars: The High Republic"); invisible before TODO 30
S16600	g	provider-missing: CV 133079 "Star Wars: The High Republic" 2021 Marvel 15 issues — far (gap 2), found by 'Star Wars: The High Republic' (via CV candidate name "Star Wars: The High Republic"); invisible before TODO 30
S16603	g	provider-missing: CV 145478 "Star Wars: The High Republic" 2022 Marvel 10 issues — near (gap 1), found by 'Star Wars: The High Republic' (via CV candidate name "Star Wars: The High Republic"); invisible before TODO 30
S16603	g	provider-missing: CV 154553 "Star Wars: The High Republic" 2024 Marvel 10 issues — near (gap 1), found by 'Star Wars: The High Republic' (via CV candidate name "Star Wars: The High Republic"); invisible before TODO 30
S16603	g	provider-missing: CV 133079 "Star Wars: The High Republic" 2021 Marvel 15 issues — far (gap 2), found by 'Star Wars: The High Republic' (via CV candidate name "Star Wars: The High Republic"); invisible before TODO 30
S16605	g	provider-missing: CV 110763 "Star Wars: The Last Jedi Adaptation" 2018 Marvel 6 issues — near (gap 0), found by 'Star Wars: The Last Jedi Adaptation' (via CV candidate name "Star Wars: The Last Jedi Adaptation"); invisible before TODO 30
S16605	g	provider-missing: CV 110935 "Star Wars: The Last Jedi Interview: The Official Debrief" 2018 Titan Comics 1 issues — near (gap 0), found by 'Star Wars: The Last Jedi Interview: The Official Debrief' (via CV candidate name "Star Wars: The Last Jedi Interview: The Official Debrief"); invisible before TODO 30
S16605	g	provider-missing: CV 115084 "Star Wars: The Last Jedi Adaptation" 2018 Marvel 1 issues — near (gap 0), found by 'Star Wars: The Last Jedi Adaptation' (via CV candidate name "Star Wars: The Last Jedi Adaptation"); invisible before TODO 30
S16605	g	provider-missing: CV 107162 "Star Wars: The Last Jedi: The Official Collector's Edition" 2017 Titan Comics 1 issues — near (gap 1), found by 'Star Wars: The Last Jedi: The Official Collector's Edition' (via CV candidate name "Star Wars: The Last Jedi: The Official Collector's Edition"); invisible before TODO 30
S16612	g	provider-missing: CV 101414 "Star Wars: The Prequel Trilogy: A Graphic Novel" 2017 Disney 1 issues — near (gap 1), found by 'Star Wars: The Prequel Trilogy: A Graphic Novel' (via CV candidate name "Star Wars: The Prequel Trilogy: A Graphic Novel"); invisible before TODO 30
S16612	g	provider-missing: CV 124292 "Star Wars: The Original Trilogy: The Movie Adaptations" 2020 Marvel 1 issues — far (gap 4), found by 'Star Wars: The Original Trilogy: The Movie Adaptations' (via CV candidate name "Star Wars: The Original Trilogy: The Movie Adaptations"); invisible before TODO 30
S16669	g	provider-missing: CV 85138 "Star Wars: The Marvel Covers" 2015 Marvel 1 issues — near (gap 0), found by 'Star Wars: The Marvel Covers' (via CV candidate name "Star Wars: The Marvel Covers"); invisible before TODO 30
S16704	g	provider-missing: CV 147288 "Star Wars: Obi-Wan: A Jedi's Purpose" 2022 Marvel 1 issues — near (gap 0), found by 'Star Wars: Obi-Wan - A Jedi's Purpose' (own spelling); invisible before TODO 30
S16704	g	provider-missing: CV 92390 "Star Wars: Obi-Wan and Anakin" 2016 Marvel 1 issues — far (gap 6), found by 'Star Wars: Obi-Wan and Anakin' (via CV candidate name "Star Wars: Obi-Wan and Anakin"); invisible before TODO 30
S16722	g	provider-missing: CV 138431 "Star Wars: The High Republic Adventures Free Comic Book Day 2021" 2021 IDW Publishing 1 issues — near (gap 0), found by 'Star Wars: The High Republic Adventures Free Comic Book Day 2021' (via CV candidate name "Star Wars: The High Republic Adventures Free Comic Book Day 2021"); invisible before TODO 30
S16731	g	provider-missing: CV 154553 "Star Wars: The High Republic" 2024 Marvel 10 issues — near (gap 0), found by 'Star Wars: The High Republic' (via CV candidate name "Star Wars: The High Republic"); invisible before TODO 30
S16731	g	provider-missing: CV 159631 "Star Wars: The High Republic Adventures - Echoes of Fear" 2024 Dark Horse Comics 4 issues — near (gap 0), found by 'Star Wars: The High Republic Adventures - Echoes of Fear' (via CV candidate name "Star Wars: The High Republic Adventures - Echoes of Fear"); invisible before TODO 30
S16731	g	provider-missing: CV 164419 "Star Wars: The High Republic Adventures - Saber for Hire" 2025 Dark Horse Comics 1 issues — near (gap 1), found by 'Star Wars: The High Republic Adventures - Saber for Hire' (own spelling); invisible before TODO 30
S16731	g	provider-missing: CV 145478 "Star Wars: The High Republic" 2022 Marvel 10 issues — far (gap 2), found by 'Star Wars: The High Republic' (via CV candidate name "Star Wars: The High Republic"); invisible before TODO 30
S16731	g	provider-missing: CV 133079 "Star Wars: The High Republic" 2021 Marvel 15 issues — far (gap 3), found by 'Star Wars: The High Republic' (via CV candidate name "Star Wars: The High Republic"); invisible before TODO 30
S16852	g	provider-missing: CV 88956 "Steven Universe and the Crystal Gems" 2016 Boom! Studios 4 issues — near (gap 1), found by 'Steven Universe and the Crystal Gems' (via CV candidate name "Steven Universe and the Crystal Gems"); invisible before TODO 30
S16852	g	provider-missing: CV 96312 "Steven Universe and the Crystal Gems" 2016 Boom! Studios 1 issues — near (gap 1), found by 'Steven Universe and the Crystal Gems' (via CV candidate name "Steven Universe and the Crystal Gems"); invisible before TODO 30
S16864	g	provider-missing: CV 137360 "Stone Star Season Two: In the Spotlight" 2021 Swords & Sassery 1 issues — near (gap 1), found by 'Stone Star Season Two: In the Spotlight' (via CV candidate name "Stone Star Season Two: In the Spotlight"); invisible before TODO 30
S16865	g	provider-missing: CV 143035 "Sonic the Hedgehog Free Comic Book Day 2022" 2022 IDW Publishing 1 issues — near (gap 0), found by 'Sonic the Hedgehog Free Comic Book Day 2022' (via CV candidate name "Sonic the Hedgehog Free Comic Book Day 2022"); invisible before TODO 30
S17013	g	provider-missing: CV 66654 "The Art of Zenescope" 2013 Zenescope Entertainment 2 issues — near (gap 0), found by 'The Art of Zenescope' (via CV candidate name "The Art of Zenescope"); invisible before TODO 30
S17133	g	S cv=-+provider-missing: CV 139600 "The Electric Black: The Dark Caravan" 2021 Scout Comics 1 issues — near (gap 1), found by 'The Electric Black: The Dark Caravan' (via CV candidate name "The Electric Black: The Dark Caravan"); invisible before TODO 30
S17135	g	provider-missing: CV 112410 "Superfreaks: The New Wave" 2018 Big Head Little Arms 1 issues — near (gap 0), found by 'Superfreaks - The New Wave' (own spelling); invisible before TODO 30
S17139	g	provider-missing: CV 79422 "Supergirl: Red Daughter of Krypton" 2015 DC Comics 1 issues — near (gap 1), found by 'Supergirl: Red Daughter of Krypton' (via CV name "Supergirl: Red Daughter of Krypton"); invisible before TODO 30
S17139	g	provider-missing: CV 118534 "Supergirl: The Killers of Krypton" 2019 DC Comics 1 issues — far (gap 3), found by 'Supergirl: The Killers of Krypton' (via CV candidate name "Supergirl: The Killers of Krypton"); invisible before TODO 30
S17139	g	provider-missing: CV 53202 "Supergirl: Last Daughter of Krypton" 2012 DC Comics 1 issues — far (gap 4), found by 'Supergirl: Last Daughter of Krypton' (via CV candidate name "Supergirl: Last Daughter of Krypton"); invisible before TODO 30
S17259	g	provider-missing: CV 81466 "Convergence Justice League of America" 2015 DC Comics 2 issues — near (gap 1), found by 'Convergence Justice League of America' (via CV candidate name "Convergence Justice League of America"); invisible before TODO 30
S17259	g	provider-missing: CV 125974 "Dollar Comics: Justice League of America #1" 2020 DC Comics 1 issues — far (gap 4), found by 'Dollar Comics: Justice League of America #1' (via CV candidate name "Dollar Comics: Justice League of America #1"); invisible before TODO 30
S17315	g	provider-missing: CV 88409 "Superman: The Coming of the Supermen" 2016 DC Comics 6 issues — near (gap 0), found by 'Superman: The Coming of the Supermen' (via CV candidate name "Superman: The Coming of the Supermen"); invisible before TODO 30
S17315	g	provider-missing: CV 95748 "Superman: The Coming of the Supermen" 2016 DC Comics 1 issues — near (gap 0), found by 'Superman: The Coming of the Supermen' (via CV candidate name "Superman: The Coming of the Supermen"); invisible before TODO 30
S17315	g	provider-missing: CV 39017 "Superman: War of The Supermen" 2011 DC Comics 1 issues — far (gap 5), found by 'Superman: War of The Supermen' (via CV candidate name "Superman: War of The Supermen"); invisible before TODO 30
S17315	g	provider-missing: CV 32865 "Superman: War of the Supermen" 2010 DC Comics 5 issues — far (gap 6), found by 'Superman: War of The Supermen' (via CV candidate name "Superman: War of The Supermen"); invisible before TODO 30
S17588	g	provider-missing: CV 114225 "Tangled: The Series: Hair-Raising Adventures" 2018 IDW Publishing 3 issues — near (gap 0), found by 'Tangled: The Series: Hair-Raising Adventures' (via CV candidate name "Tangled: The Series: Hair-Raising Adventures"); invisible before TODO 30
S17588	g	provider-missing: CV 120356 "Tangled: The Series: Hair-Raising Adventures" 2019 IDW Publishing 1 issues — near (gap 1), found by 'Tangled: The Series: Hair-Raising Adventures' (via CV candidate name "Tangled: The Series: Hair-Raising Adventures"); invisible before TODO 30
S17619	g	provider-missing: CV 77050 "Tao-Boy and Engine" 2014 AAM/Markosia 1 issues — near (gap 0), found by 'Tao-Boy and Engine' (own spelling); invisible before TODO 30
S17716	g	S cv=-: CV 157173 "Teenage Mutant Ninja Turtles: The Last Ronin II - Re-Evolution" 2024 IDW Publishing 5 issues — near (gap 0), found by 'Teenage Mutant Ninja Turtles: The Last Ronin II: Re-Evolution' (via GCD name "Teenage Mutant Ninja Turtles: The Last Ronin II: Re-Evolution"); invisible before TODO 30
S17716	g	S cv=-: CV 167759 "Teenage Mutant Ninja Turtles: The Last Ronin II: Re-Evolution" 2025 IDW Publishing 1 issues — near (gap 1), found by 'Teenage Mutant Ninja Turtles: The Last Ronin II: Re-Evolution' (via GCD name "Teenage Mutant Ninja Turtles: The Last Ronin II: Re-Evolution"); invisible before TODO 30
S17716	g	S cv=-: CV 168498 "Teenage Mutant Ninja Turtles: The Last Ronin II: Re-Evolution" 2025 Splitter 1 issues — near (gap 1), found by 'Teenage Mutant Ninja Turtles: The Last Ronin II: Re-Evolution' (via GCD name "Teenage Mutant Ninja Turtles: The Last Ronin II: Re-Evolution"); invisible before TODO 30
S17716	g	S cv=-: CV 101579 "Teenage Mutant Ninja Turtles: Tea-Time For A Turtle" 2017 IDW Publishing 1 issues — far (gap 7), found by 'Teenage Mutant Ninja Turtles: Tea-Time For A Turtle' (via CV candidate name "Teenage Mutant Ninja Turtles: Tea-Time For A Turtle"); invisible before TODO 30
S17866	g	provider-missing: CV 166755 "That Time I Got Reincarnated as a Slime" 2020 JBC 22 issues — near (gap 0), found by 'That Time I Got Reincarnated As A Slime' (via CV candidate name "That Time I Got Reincarnated As A Slime"); invisible before TODO 30
S17866	g	provider-missing: CV 103594 "That Time I Got Reincarnated As A Slime" 2017 Kodansha Comics USA 27 issues — far (gap 3), found by 'That Time I Got Reincarnated As A Slime' (via CV candidate name "That Time I Got Reincarnated As A Slime"); invisible before TODO 30
S17907	g	provider-missing: CV 20521 "The Adventures of Red Sonja" 2006 Dynamite Entertainment 3 issues — near (gap 0), found by 'The Adventures of Red Sonja' (own spelling); invisible before TODO 30
S17907	g	provider-missing: CV 153938 "The Adventures of Red Sonja Omnibus" 2023 Dynamite Entertainment 1 issues — far (gap 17), found by 'The Adventures of Red Sonja Omnibus' (via CV candidate name "The Adventures of Red Sonja Omnibus"); invisible before TODO 30
S17943	g	provider-missing: CV 88547 "Amazing Spider-Man & Silk: the Spider(Fly) Effect" 2016 Marvel 4 issues — near (gap 0), found by 'Amazing Spider-Man & Silk: The Spider(Fly) Effect' (via CV name "Amazing Spider-Man & Silk: The Spider(Fly) Effect"); invisible before TODO 30
S17943	g	provider-missing: CV 94248 "Amazing Spider-Man & Silk: The Spider(Fly) Effect" 2016 Marvel 1 issues — near (gap 0), found by 'Amazing Spider-Man & Silk: The Spider(Fly) Effect' (via CV name "Amazing Spider-Man & Silk: The Spider(Fly) Effect"); invisible before TODO 30
S17976	g	provider-missing: CV 136039 "The Dynamite Art of John Cassaday" 2021 Dynamite Entertainment 1 issues — near (gap 0), found by 'The Dynamite Art of John Cassaday' (via CV candidate name "The Dynamite Art of John Cassaday"); invisible before TODO 30
S17976	g	provider-missing: CV 131184 "The Dynamite Art of Lucio Parrillo" 2020 Dynamite Entertainment 1 issues — near (gap 1), found by 'The Dynamite Art of Lucio Parrillo' (via CV candidate name "The Dynamite Art of Lucio Parrillo"); invisible before TODO 30
S17976	g	provider-missing: CV 77249 "The Art of Vampirella: The Dynamite Years" 2014 Dynamite Entertainment 1 issues — far (gap 7), found by 'The Art of Vampirella: The Dynamite Years' (via CV candidate name "The Art of Vampirella: The Dynamite Years"); invisible before TODO 30
S17980	g	provider-missing: CV 49784 "Dynamite Art of Alex Ross" 2011 Dynamite Entertainment 1 issues — near (gap 1), found by 'Dynamite Art of Alex Ross' (via CV candidate name "Dynamite Art of Alex Ross"); invisible before TODO 30
S17983	g	provider-missing: CV 131184 "The Dynamite Art of Lucio Parrillo" 2020 Dynamite Entertainment 1 issues — near (gap 0), found by 'The Dynamite Art of Lucio Parrillo' (via CV candidate name "The Dynamite Art of Lucio Parrillo"); invisible before TODO 30
S17983	g	provider-missing: CV 147661 "The Dynamite Art of Jay Anacleto" 2022 Dynamite Entertainment 1 issues — far (gap 2), found by 'The Dynamite Art of Jay Anacleto' (via CV candidate name "The Dynamite Art of Jay Anacleto"); invisible before TODO 30
S17989	g	provider-missing: CV 100090 "Over The Garden Wall" 2017 Boom! Studios 5 issues — near (gap 0), found by 'Over the Garden Wall' (via CV candidate name "Over the Garden Wall"); invisible before TODO 30
S17989	g	provider-missing: CV 94133 "Over the Garden Wall" 2016 Boom! Studios 1 issues — near (gap 1), found by 'Over the Garden Wall' (via CV candidate name "Over the Garden Wall"); invisible before TODO 30
S17989	g	provider-missing: CV 84123 "Over the Garden Wall" 2015 Boom! Studios 4 issues — far (gap 2), found by 'Over the Garden Wall' (via CV candidate name "Over the Garden Wall"); invisible before TODO 30
S17996	g	provider-missing: CV 91772 "Star Wars: The Force Awakens Adaptation" 2016 Marvel 6 issues — near (gap 1), found by 'Star Wars: The Force Awakens Adaptation' (via CV candidate name "Star Wars: The Force Awakens Adaptation"); invisible before TODO 30
S17996	g	provider-missing: CV 96310 "Star Wars: The Force Awakens Adaptation" 2016 Marvel 1 issues — near (gap 1), found by 'Star Wars: The Force Awakens Adaptation' (via CV candidate name "Star Wars: The Force Awakens Adaptation"); invisible before TODO 30
S17996	g	provider-missing: CV 121740 "The Marvel Art of Star Wars" 2019 Marvel 1 issues — far (gap 4), found by 'The Marvel Art of Star Wars' (via CV candidate name "The Marvel Art of Star Wars"); invisible before TODO 30
S18001	g	provider-missing: CV 159264 "Tiny Tina's Wonderlands: Land of the Giants" 2024 Dark Horse Comics 3 issues — near (gap 1), found by 'Tiny Tina's Wonderlands: Land of the Giants' (via CV candidate name "Tiny Tina's Wonderlands: Land of the Giants"); invisible before TODO 30
S18003	g	provider-missing: CV 77249 "The Art of Vampirella: The Dynamite Years" 2014 Dynamite Entertainment 1 issues — near (gap 0), found by 'The Art of Vampirella: The Dynamite Years' (via CV candidate name "The Art of Vampirella: The Dynamite Years"); invisible before TODO 30
S18003	g	provider-missing: CV 43158 "The Art of Vampirella" 2011 Dynamite Entertainment 1 issues — far (gap 3), found by 'The Art of Vampirella' (via CV candidate name "The Art of Vampirella"); invisible before TODO 30
S18005	g	provider-missing: CV 118154 "War of the Realms" 2019 Marvel 6 issues — near (gap 0), found by 'War of the Realms' (via CV candidate name "War of the Realms"); invisible before TODO 30
S18005	g	provider-missing: CV 120634 "Asgardians of the Galaxy: War of the Realms" 2019 Marvel 1 issues — near (gap 0), found by 'Asgardians of the Galaxy: War of the Realms' (via CV candidate name "Asgardians of the Galaxy: War of the Realms"); invisible before TODO 30
S18005	g	provider-missing: CV 120669 "War of the Realms" 2019 Marvel 1 issues — near (gap 0), found by 'War of the Realms' (via CV candidate name "War of the Realms"); invisible before TODO 30
S18007	g	provider-missing: CV 77249 "The Art of Vampirella: The Dynamite Years" 2014 Dynamite Entertainment 1 issues — near (gap 1), found by 'The Art of Vampirella: The Dynamite Years' (via CV candidate name "The Art of Vampirella: The Dynamite Years"); invisible before TODO 30
S18007	g	provider-missing: CV 68137 "The Art of Archie: The Covers" 2013 Archie Comics 1 issues — far (gap 2), found by 'The Art of Archie: The Covers' (via CV candidate name "The Art of Archie: The Covers"); invisible before TODO 30
S18185	g	provider-missing: CV 132408 "The Butcher of Paris" 2020 Dark Horse Comics 1 issues — near (gap 1), found by 'The Butcher of Paris' (via CV candidate name "The Butcher of Paris"); invisible before TODO 30
S18185	g	provider-missing: CV 123249 "The Butcher of Paris" 2019 Dark Horse Comics 5 issues — far (gap 2), found by 'The Butcher of Paris' (via CV candidate name "The Butcher of Paris"); invisible before TODO 30
S18212	g	S cv=-: CV 71444 "The EC Archives: The Vault of Horror" 2014 Dark Horse Comics 5 issues — near (gap 0), found by 'EC Archives: The Vault of Horror' (via CV candidate name "EC Archives: The Vault of Horror"); invisible before TODO 30
S18212	g	S cv=-: CV 34624 "EC Archives: The Vault of Horror" 2007 Gemstone 2 issues — far (gap 7), found by 'EC Archives: The Vault of Horror' (via CV candidate name "EC Archives: The Vault of Horror"); invisible before TODO 30
S18233	g	provider-missing: CV 161361 "The City Beneath Her Feet Ashcan/You Won't Feel a Thing Ashcan" 2024 DSTLRY 1 issues — near (gap 0), found by 'The City Beneath Her Feet Ashcan/You Won't Feel a Thing Ashcan' (via CV candidate name "The City Beneath Her Feet Ashcan/You Won't Feel a Thing Ashcan"); invisible before TODO 30
S18254	g	provider-missing: CV 71898 "Comic Book History of Comics" 2012 IDW Publishing 1 issues — near (gap 0), found by 'Comic Book History of Comics' (own spelling); invisible before TODO 30
S18254	g	provider-missing: CV 95702 "The Comic Book History of Comics" 2016 IDW Publishing 6 issues — far (gap 4), found by 'Comic Book History of Comics' (own spelling); invisible before TODO 30
S18254	g	provider-missing: CV 103748 "The Comic Book History of Comics: Birth of A Medium" 2017 IDW Publishing 1 issues — far (gap 5), found by 'The Comic Book History of Comics: Birth of A Medium' (via CV candidate name "The Comic Book History of Comics: Birth of A Medium"); invisible before TODO 30
S18348	g	provider-missing: CV 80894 "The Dark Tower: The Drawing of the Three - House of Cards" 2015 Marvel 5 issues — near (gap 0), found by 'The Dark Tower: The Drawing of the Three - House of Cards' (via CV candidate name "The Dark Tower: The Drawing of the Three - House of Cards"); invisible before TODO 30
S18348	g	provider-missing: CV 84419 "The Dark Tower: The Drawing of the Three - House of Cards" 2015 Marvel 1 issues — near (gap 0), found by 'The Dark Tower: The Drawing of the Three - House of Cards' (via CV candidate name "The Dark Tower: The Drawing of the Three - House of Cards"); invisible before TODO 30
S18348	g	provider-missing: CV 88919 "Dark Tower: The Drawing of the Three: Lady of Shadows" 2016 Marvel 1 issues — near (gap 1), found by 'Dark Tower: The Drawing of the Three - Lady of Shadows' (own spelling); invisible before TODO 30
S18372	g	provider-missing: CV 108106 "The Lie and How We Told It" 2018 Fantagraphics 1 issues — near (gap 1), found by 'The Lie and How We Told It' (via CV candidate name "The Lie and How We Told It"); invisible before TODO 30
S18388	g	provider-missing: CV 27027 "The Death of Superman" 1993 DC Comics 1 issues — near (gap 0), found by 'The Death of Superman' (own spelling); invisible before TODO 30
S18388	g	provider-missing: CV 57671 "The Death of Superman" 2013 DC Comics 1 issues — far (gap 20), found by 'The Death of Superman' (own spelling); invisible before TODO 30
S18388	g	provider-missing: CV 147200 "Superman: The Death of Superman" 2016 DC Comics 1 issues — far (gap 23), found by 'Superman: The Death of Superman' (via CV candidate name "Superman: The Death of Superman"); invisible before TODO 30
S18444	g	S cv=-+provider-missing: CV 107648 "The Dream of the Butterfly" 2018 Lion Forge Comics 2 issues — near (gap 0), found by 'The Dream of the Butterfly' (via CV candidate name "The Dream of the Butterfly"); invisible before TODO 30
S18444	g	S cv=-+provider-missing: CV 101258 "Catalyst Prime: The Event" 2017 Lion Forge Comics 1 issues — near (gap 1), found by 'Catalyst Prime: The Event' (via CV candidate name "Catalyst Prime: The Event"); invisible before TODO 30
S18445	g	S cv=-+provider-missing: CV 101258 "Catalyst Prime: The Event" 2017 Lion Forge Comics 1 issues — near (gap 0), found by 'Catalyst Prime: The Event' (via CV candidate name "Catalyst Prime: The Event"); invisible before TODO 30
S18508	g	provider-missing: CV 160248 "Marvel and Fantagraphics Present Stories from the Atlas Comics Library: FCBD 2024" 2024 Fantagraphics 1 issues — near (gap 0), found by 'Marvel and Fantagraphics Present Stories from the Atlas Comics Library: FCBD 2024' (via CV candidate name "Marvel and Fantagraphics Present Stories from the Atlas Comics Library: FCBD 2024"); invisible before TODO 30
S18551	g	provider-missing: CV 149296 "The Fabulous Furry Freak Brothers: Grass Roots and Other Follies" 2023 Fantagraphics 1 issues — near (gap 0), found by 'The Fabulous Furry Freak Brothers: Grass Roots and Other Follies' (via CV candidate name "The Fabulous Furry Freak Brothers: Grass Roots and Other Follies"); invisible before TODO 30
S18551	g	provider-missing: CV 142359 "The Fabulous Furry Freak Brothers: The Idiots Abroad and Other Follies" 2022 Fantagraphics 1 issues — near (gap 1), found by 'The Fabulous Furry Freak Brothers: The Idiots Abroad and Other Follies' (via CV candidate name "The Fabulous Furry Freak Brothers: The Idiots Abroad and Other Follies"); invisible before TODO 30
S18587	g	provider-missing: CV 122618 "The Flash: 80 Years of the Fastest Man Alive" 2019 DC Comics 1 issues — near (gap 1), found by 'The Flash: 80 Years of the Fastest Man Alive' (via CV candidate name "The Flash: 80 Years of the Fastest Man Alive"); invisible before TODO 30
S18587	g	provider-missing: CV 145041 "The Flash: The Fastest Man Alive" 2022 DC Comics 3 issues — far (gap 2), found by 'The Flash: The Fastest Man Alive' (via CV candidate name "The Flash: The Fastest Man Alive"); invisible before TODO 30
S18587	g	provider-missing: CV 151387 "The Flash: The Fastest Man Alive" 2023 DC Comics 1 issues — far (gap 3), found by 'The Flash: The Fastest Man Alive' (via CV candidate name "The Flash: The Fastest Man Alive"); invisible before TODO 30
S18587	g	provider-missing: CV 18103 "The Flash: The Fastest Man Alive" 2006 DC Comics 13 issues — far (gap 14), found by 'The Flash: The Fastest Man Alive' (via CV candidate name "The Flash: The Fastest Man Alive"); invisible before TODO 30
S18783	g	S cv=-+provider-missing: CV 43400 "Disney Movies The Graphic Novels" 2010 Disney 25 issues — near (gap 0), found by 'Disney Movies The Graphic Novels' (via CV candidate name "Disney Movies The Graphic Novels"); invisible before TODO 30
S18862	g	provider-missing: CV 136731 "The Joker Presents: A Puzzlebox" 2021 DC Comics 14 issues — near (gap 0), found by 'The Joker Presents: A Puzzlebox' (via CV candidate name "The Joker Presents: A Puzzlebox"); invisible before TODO 30
S18862	g	provider-missing: CV 138011 "The Joker Presents: A Puzzlebox" 2021 DC Comics 7 issues — near (gap 0), found by 'The Joker Presents: A Puzzlebox' (via CV candidate name "The Joker Presents: A Puzzlebox"); invisible before TODO 30
S18862	g	provider-missing: CV 146632 "The Joker Presents: A Puzzlebox" 2022 DC Comics 1 issues — near (gap 1), found by 'The Joker Presents: A Puzzlebox' (via CV candidate name "The Joker Presents: A Puzzlebox"); invisible before TODO 30
S18950	g	provider-missing: CV 85578 "The Less Than Epic Adventures of TJ and Amal" 2015 Iron Circus Comics 1 issues — near (gap 1), found by 'The Less Than Epic Adventures of TJ and Amal' (via CV candidate name "The Less Than Epic Adventures of TJ and Amal"); invisible before TODO 30
S19073	g	provider-missing: CV 117080 "The Savage Sword of Conan" 2019 Marvel 12 issues — near (gap 1), found by 'Savage Sword of Conan' (via CV candidate name "Savage Sword of Conan"); invisible before TODO 30
S19073	g	provider-missing: CV 133719 "Savage Sword of Conan" 2019 Panini Verlag 2 issues — near (gap 1), found by 'Savage Sword of Conan' (via CV candidate name "Savage Sword of Conan"); invisible before TODO 30
S19073	g	provider-missing: CV 120279 "The Savage Sword Of Conan " 2017 Hachette 4 issues — far (gap 3), found by 'Savage Sword of Conan' (via CV candidate name "Savage Sword of Conan"); invisible before TODO 30
S19073	g	provider-missing: CV 157073 "The Savage Sword of Conan" 2024 Titan Comics 11 issues — far (gap 4), found by 'Savage Sword of Conan' (via CV candidate name "Savage Sword of Conan"); invisible before TODO 30
S19073	g	provider-missing: CV 21975 "The Savage Sword of Conan" 2007 Dark Horse Comics 22 issues — far (gap 13), found by 'Savage Sword of Conan' (via CV candidate name "Savage Sword of Conan"); invisible before TODO 30
S19073	g	provider-missing: CV 47760 "Savage Sword of Conan" 1977 Marvel UK/Panini UK 93 issues — far (gap 43), found by 'Savage Sword of Conan' (via CV candidate name "Savage Sword of Conan"); invisible before TODO 30
S19074	g	provider-missing: CV 121087 "The Marvel Art of Joe Quesada" 2019 Marvel 1 issues — near (gap 0), found by 'The Marvel Art of Joe Quesada' (via CV candidate name "The Marvel Art of Joe Quesada"); invisible before TODO 30
S19074	g	provider-missing: CV 44217 "The Art of Marvel" 2003 Marvel 1 issues — far (gap 16), found by 'The Art of Marvel' (via CV candidate name "The Art of Marvel"); invisible before TODO 30
S19147	g	S cv=-+provider-missing: CV 139600 "The Electric Black: The Dark Caravan" 2021 Scout Comics 1 issues — near (gap 0), found by 'The Electric Black: The Dark Caravan' (via CV candidate name "The Electric Black: The Dark Caravan"); invisible before TODO 30
S19147	g	S cv=-+provider-missing: CV 110635 "Scout Comics Presents: The Mall" 2018 Scout Comics 1 issues — far (gap 3), found by 'Scout Comics Presents: The Mall' (via CV candidate name "Scout Comics Presents: The Mall"); invisible before TODO 30
S19180	g	provider-missing: CV 148786 "A.R.C." 2023 Image 1 issues — near (gap 1), found by 'A.R.C.' (via CV candidate name "A.R.C."); invisible before TODO 30
S19296	g	provider-missing: CV 149714 "The Order of the Stick: Snips, Snails, and Dragon Tales" 2011 Giant in the Playground 1 issues — near (gap 1), found by 'The Order of the Stick: Snips, Snails, and Dragon Tales' (via CV candidate name "The Order of the Stick: Snips, Snails, and Dragon Tales"); invisible before TODO 30
S19296	g	provider-missing: CV 86843 "The Order of the Stick" 2005 Giant in the Playground 10 issues — far (gap 7), found by 'The Order of the Stick' (via CV candidate name "The Order of the Stick"); invisible before TODO 30
S19327	g	provider-missing: CV 158403 "Beyond the Pale" 2024 Dark Horse Comics 4 issues — near (gap 0), found by 'Beyond the Pale' (via CV candidate name "Beyond the Pale"); invisible before TODO 30
S19450	g	provider-missing: CV 122904 "The Regiment - The True Story of the SAS" 2019 Cinebook 3 issues — near (gap 1), found by 'The Regiment – The True Story of the SAS' (own spelling); invisible before TODO 30
S19526	g	provider-missing: CV 121517 "The Sandman: The Dream Hunters 30th Anniversary Edition" 2019 DC Comics 1 issues — near (gap 0), found by 'The Sandman: The Dream Hunters 30th Anniversary Edition' (own spelling); invisible before TODO 30
S19526	g	provider-missing: CV 23674 "The Sandman: The Dream Hunters" 2009 DC Comics 4 issues — far (gap 10), found by 'The Sandman: The Dream Hunters' (via CV candidate name "The Sandman: The Dream Hunters"); invisible before TODO 30
S19526	g	provider-missing: CV 29064 "The Sandman: The Dream Hunters" 2009 DC Comics 1 issues — far (gap 10), found by 'The Sandman: The Dream Hunters' (via CV candidate name "The Sandman: The Dream Hunters"); invisible before TODO 30
S19526	g	provider-missing: CV 23043 "The Sandman: The Dream Hunters" 1999 DC Comics 1 issues — far (gap 20), found by 'The Sandman: The Dream Hunters' (via CV candidate name "The Sandman: The Dream Hunters"); invisible before TODO 30
S19633	g	provider-missing: CV 166755 "That Time I Got Reincarnated as a Slime" 2020 JBC 22 issues — near (gap 1), found by 'That Time I Got Reincarnated As A Slime' (via CV candidate name "That Time I Got Reincarnated As A Slime"); invisible before TODO 30
S19633	g	provider-missing: CV 103594 "That Time I Got Reincarnated As A Slime" 2017 Kodansha Comics USA 27 issues — far (gap 2), found by 'That Time I Got Reincarnated As A Slime' (via CV candidate name "That Time I Got Reincarnated As A Slime"); invisible before TODO 30
S19682	g	provider-missing: CV 128712 "The Stars of History: Charlie Chaplin" 2020 Europe Comics 1 issues — near (gap 0), found by 'The Stars of History: Charlie Chaplin' (via CV candidate name "The Stars of History: Charlie Chaplin"); invisible before TODO 30
S19717	g	provider-missing: CV 117354 "Aspen: The Year Ahead 2019" 2019 Aspen MLT 1 issues — near (gap 0), found by 'Aspen: The Year Ahead 2019' (via CV candidate name "Aspen: The Year Ahead 2019"); invisible before TODO 30
S19717	g	provider-missing: CV 118622 "Sonic the Hedgehog Annual 2019" 2019 IDW Publishing 1 issues — near (gap 0), found by 'Sonic the Hedgehog Annual 2019' (via CV candidate name "Sonic the Hedgehog Annual 2019"); invisible before TODO 30
S19721	g	provider-missing: CV 81639 "The Swords of Glass Deluxe Edition" 2015 Humanoids 1 issues — near (gap 0), found by 'The Swords of Glass Deluxe Edition' (via CV candidate name "The Swords of Glass Deluxe Edition"); invisible before TODO 30
S19721	g	provider-missing: CV 45344 "The Man of Glass" 2010 Accent UK 1 issues — far (gap 5), found by 'The Man of Glass' (via CV candidate name "The Man of Glass"); invisible before TODO 30
S19741	g	provider-missing: CV 24191 "Terminator: The Dark Years" 1999 Dark Horse Comics 4 issues — near (gap 0), found by 'Terminator: The Dark Years' (via CV name "Terminator: The Dark Years"); invisible before TODO 30
S19741	g	provider-missing: CV 5829 "A Decade of Dark Horse" 1996 Dark Horse Comics 4 issues — far (gap 3), found by 'A Decade of Dark Horse' (via CV candidate name "A Decade of Dark Horse"); invisible before TODO 30
S19783	g	provider-missing: CV 72882 "The Tick: The Complete Edlund" 2011 New England Comics 1 issues — near (gap 1), found by 'The Tick: The Complete Edlund' (via CV candidate name "The Tick: The Complete Edlund"); invisible before TODO 30
S19783	g	provider-missing: CV 105365 "The Tick: The Complete Edlund" 2017 New England Comics 1 issues — far (gap 7), found by 'The Tick: The Complete Edlund' (via CV candidate name "The Tick: The Complete Edlund"); invisible before TODO 30
S19807	g	provider-missing: CV 107073 "Comic Book History of Comics" 2017 IDW Publishing 4 issues — near (gap 0), found by 'Comic Book History of Comics' (via CV candidate name "Comic Book History of Comics"); invisible before TODO 30
S19807	g	provider-missing: CV 95702 "The Comic Book History of Comics" 2016 IDW Publishing 6 issues — near (gap 1), found by 'Comic Book History of Comics' (via CV candidate name "Comic Book History of Comics"); invisible before TODO 30
S19807	g	provider-missing: CV 71898 "Comic Book History of Comics" 2012 IDW Publishing 1 issues — far (gap 5), found by 'Comic Book History of Comics' (via CV candidate name "Comic Book History of Comics"); invisible before TODO 30
S19807	g	provider-missing: CV 26861 "The Big Book of Freaks" 1996 DC Comics 1 issues — far (gap 21), found by 'The Big Book of Freaks' (via CV candidate name "The Big Book of Freaks"); invisible before TODO 30
S19808	g	provider-missing: CV 130860 "He-Man and the Masters of the Universe" 2020 DC Comics 1 issues — near (gap 1), found by 'He-Man and the Masters of the Universe' (via CV candidate name "He-Man and the Masters of the Universe"); invisible before TODO 30
S19808	g	provider-missing: CV 150391 "The Art of He-Man and the Masters of the Universe" 2023 Dark Horse Comics 1 issues — far (gap 2), found by 'The Art of He-Man and the Masters of the Universe' (via CV candidate name "The Art of He-Man and the Masters of the Universe"); invisible before TODO 30
S19808	g	provider-missing: CV 81349 "The Art of He-Man and the Masters of the Universe" 2015 Dark Horse Comics 1 issues — far (gap 6), found by 'The Art of He-Man and the Masters of the Universe' (via CV candidate name "The Art of He-Man and the Masters of the Universe"); invisible before TODO 30
S19808	g	provider-missing: CV 59980 "He-Man and the Masters of the Universe" 2013 DC Comics 19 issues — far (gap 8), found by 'He-Man and the Masters of the Universe' (via CV candidate name "He-Man and the Masters of the Universe"); invisible before TODO 30
S19808	g	provider-missing: CV 65194 "He-Man and the Masters of the Universe" 2013 DC Comics 2 issues — far (gap 8), found by 'He-Man and the Masters of the Universe' (via CV candidate name "He-Man and the Masters of the Universe"); invisible before TODO 30
S19808	g	provider-missing: CV 50154 "He-Man and the Masters of the Universe" 2012 DC Comics 6 issues — far (gap 9), found by 'He-Man and the Masters of the Universe' (via CV candidate name "He-Man and the Masters of the Universe"); invisible before TODO 30
S19923	g	provider-missing: CV 74393 "A1 Presents: The Weirding Willows: What The Wild Things Are" 2014 Titan Comics 1 issues — near (gap 1), found by 'A1 Presents: The Weirding Willows: What The Wild Things Are' (via CV candidate name "A1 Presents: The Weirding Willows: What The Wild Things Are"); invisible before TODO 30
S19966	g	provider-missing: CV 138994 "The Era of Great Wonders" 2021 Source Point Press 1 issues — near (gap 1), found by 'The Era of Great Wonders' (via CV candidate name "The Era of Great Wonders"); invisible before TODO 30
S19966	g	provider-missing: CV 76909 "The Era of Great Wonders" 2014 Source Point Press 6 issues — far (gap 8), found by 'The Era of Great Wonders' (via CV candidate name "The Era of Great Wonders"); invisible before TODO 30
S19966	g	provider-missing: CV 64908 "The Wonders of Wire Rope" 1947 EC 1 issues — far (gap 75), found by 'The Wonders of Wire Rope' (via CV candidate name "The Wonders of Wire Rope"); invisible before TODO 30
S19982	g	provider-missing: CV 130273 "The World of Thorgal: Kriss of Valnor" 2020 Europe Comics 8 issues — near (gap 0), found by 'The World of Thorgal: Kriss of Valnor' (via CV candidate name "The World of Thorgal: Kriss of Valnor"); invisible before TODO 30
S19982	g	provider-missing: CV 104339 "The World of Thorgal: The Young Years" 2017 Europe Comics 6 issues — far (gap 3), found by 'The World of Thorgal: The Young Years' (via CV candidate name "The World of Thorgal: The Young Years"); invisible before TODO 30
S19983	g	provider-missing: CV 116387 "Tom Clancy's The Division: Extremis Malis" 2019 Dark Horse Comics 3 issues — near (gap 0), found by 'Tom Clancy's The Division: Extremis Malis' (via CV candidate name "Tom Clancy's The Division: Extremis Malis"); invisible before TODO 30
S19983	g	provider-missing: CV 120327 "Tom Clancy's The Division: Extremis Malis" 2019 Dark Horse Comics 1 issues — near (gap 0), found by 'Tom Clancy's The Division: Extremis Malis' (via CV candidate name "Tom Clancy's The Division: Extremis Malis"); invisible before TODO 30
S19983	g	provider-missing: CV 140913 "Tom Clancy's The Division: Remission" 2022 Dark Horse Comics 1 issues — far (gap 3), found by 'Tom Clancy's The Division: Remission' (via CV candidate name "Tom Clancy's The Division: Remission"); invisible before TODO 30
S20036	g	provider-missing: CV 74782 "DC Entertainment Essential Graphic Novels and Chronology 2014" 2014 DC Comics 1 issues — near (gap 0), found by 'DC Entertainment Essential Graphic Novels and Chronology 2014' (via CV candidate name "DC Entertainment Essential Graphic Novels and Chronology 2014"); invisible before TODO 30
S20082	g	provider-missing: CV 57960 "Guardians of the Galaxy" 2013 Marvel 28 issues — near (gap 0), found by 'Guardians of the Galaxy' (via CV candidate name "Guardians of the Galaxy"); invisible before TODO 30
S20082	g	provider-missing: CV 84159 "Guardians of the Galaxy" 2014 Panini Verlag 7 issues — near (gap 1), found by 'Guardians of the Galaxy' (via CV candidate name "Guardians of the Galaxy"); invisible before TODO 30
S20082	g	provider-missing: CV 81904 "Guardians of the Galaxy" 2015 Marvel 5 issues — far (gap 2), found by 'Guardians of the Galaxy' (via CV candidate name "Guardians of the Galaxy"); invisible before TODO 30
S20082	g	provider-missing: CV 85290 "Guardians of the Galaxy" 2015 Marvel 20 issues — far (gap 2), found by 'Guardians of the Galaxy' (via CV candidate name "Guardians of the Galaxy"); invisible before TODO 30
S20082	g	provider-missing: CV 116349 "Guardians of the Galaxy" 2015 Standaard Uitgeverij 5 issues — far (gap 2), found by 'Guardians of the Galaxy' (via CV candidate name "Guardians of the Galaxy"); invisible before TODO 30
S20082	g	provider-missing: CV 146623 "Guardians of the Galaxy" 2016 Panini Verlag 8 issues — far (gap 3), found by 'Guardians of the Galaxy' (via CV candidate name "Guardians of the Galaxy"); invisible before TODO 30
S20125	g	provider-missing: CV 109462 "Thor vs. Hulk: Champions of the Universe" 2018 Marvel 1 issues — near (gap 1), found by 'Thor vs. Hulk: Champions of the Universe' (own spelling); invisible before TODO 30
S20162	g	provider-missing: CV 161640 "Through the Boughs: A Yuletide Offering" 2024 DSTLRY 1 issues — near (gap 0), found by 'Through the Boughs: A Yuletide Offering' (via CV candidate name "Through the Boughs: A Yuletide Offering"); invisible before TODO 30
S20393	g	provider-missing: CV 88412 "Transformers: Robots In Disguise: A New Mission" 2016 IDW Publishing 1 issues — near (gap 1), found by 'Transformers Robots In Disguise A New Mission' (own spelling); invisible before TODO 30
S20639	g	S cv=-: CV 91914 "Ultimates: Omniversal: Start With the Impossible" 2016 Marvel 1 issues — near (gap 0), found by 'Ultimates: Omniversal: Start With the Impossible' (via CV candidate name "Ultimates: Omniversal: Start With the Impossible"); invisible before TODO 30
S20699	g	provider-missing: CV 20182 "What If? X-Men - Rise and Fall of the Shi'Ar Empire" 2008 Marvel 1 issues — near (gap 1), found by 'What If? X-Men - Rise and Fall of the Shi'Ar Empire' (via CV candidate name "What If? X-Men - Rise and Fall of the Shi'Ar Empire"); invisible before TODO 30
S20718	g	provider-missing: CV 126895 "Deadpool: The Variant Covers" 2020 Marvel 1 issues — near (gap 0), found by 'Deadpool: The Variant Covers' (via CV candidate name "Deadpool: The Variant Covers"); invisible before TODO 30
S20877	g	provider-missing: CV 104743 "Valerian and Laureline By..." 2017 Europe Comics 1 issues — near (gap 1), found by 'Valerian and Laureline By...' (own spelling); invisible before TODO 30
S20877	g	provider-missing: CV 95060 "Valerian and Laureline" 2016 Europe Comics 9 issues — far (gap 2), found by 'Valerian and Laureline' (via CV candidate name "Valerian and Laureline"); invisible before TODO 30
S20877	g	provider-missing: CV 48628 "Valerian and Laureline" 2010 Cinebook 23 issues — far (gap 8), found by 'Valerian and Laureline' (via CV candidate name "Valerian and Laureline"); invisible before TODO 30
S20906	g	S cv=-: CV 89393 "Vampirella/Army of Darkness" 2016 Dynamite Entertainment 1 issues — near (gap 0), found by 'Vampirella - Army of Darkness' (own spelling); invisible before TODO 30
S20906	g	S cv=-: CV 83169 "Vampirella/Army of Darkness" 2015 Dynamite Entertainment 4 issues — near (gap 1), found by 'Vampirella - Army of Darkness' (own spelling); invisible before TODO 30
S20906	g	S cv=-: CV 78049 "Army of Darkness" 2014 Dynamite Entertainment 1 issues — far (gap 2), found by 'Army of Darkness' (via CV candidate name "Army of Darkness"); invisible before TODO 30
S20906	g	S cv=-: CV 78551 "Army of Darkness" 2014 Dynamite Entertainment 5 issues — far (gap 2), found by 'Army of Darkness' (via CV candidate name "Army of Darkness"); invisible before TODO 30
S20906	g	S cv=-: CV 45874 "Army of Darkness" 2012 Dynamite Entertainment 13 issues — far (gap 4), found by 'Army of Darkness' (via CV candidate name "Army of Darkness"); invisible before TODO 30
S20906	g	S cv=-: CV 19006 "Army of Darkness" 2007 Dynamite Entertainment 27 issues — far (gap 9), found by 'Army of Darkness' (via CV candidate name "Army of Darkness"); invisible before TODO 30
S20916	g	provider-missing: CV 77249 "The Art of Vampirella: The Dynamite Years" 2014 Dynamite Entertainment 1 issues — near (gap 0), found by 'The Art of Vampirella: The Dynamite Years' (via CV candidate name "The Art of Vampirella: The Dynamite Years"); invisible before TODO 30
S21031	g	S cv=-+provider-missing: CV 108582 "Deadpool By Daniel Way: The Complete Collection" 2018 Marvel 2 issues — near (gap 0), found by 'Deadpool By Daniel Way: The Complete Collection' (via CV name "Deadpool By Daniel Way: The Complete Collection"); invisible before TODO 30
S21031	g	S cv=-+provider-missing: CV 117684 "Venom by Cullen Bunn: The Complete Collection" 2018 Marvel 1 issues — near (gap 0), found by 'Venom by Cullen Bunn: The Complete Collection' (via CV candidate name "Venom by Cullen Bunn: The Complete Collection"); invisible before TODO 30
S21031	g	S cv=-+provider-missing: CV 65431 "Deadpool By Daniel Way: The Complete Collection" 2013 Marvel 4 issues — far (gap 5), found by 'Deadpool By Daniel Way: The Complete Collection' (via CV name "Deadpool By Daniel Way: The Complete Collection"); invisible before TODO 30
S21192	g	S cv=-: CV 73601 "Walt Disney Uncle Scrooge and Donald Duck: A Matter of Some Gravity" 2014 Fantagraphics 1 issues — near (gap 1), found by 'Walt Disney Uncle Scrooge and Donald Duck: A Matter of Some Gravity' (via CV candidate name "Walt Disney Uncle Scrooge and Donald Duck: A Matter of Some Gravity"); invisible before TODO 30
S21640	g	S cv=-+provider-missing: CV 142024 "The Me You Love In The Dark" 2022 Image 1 issues — near (gap 1), found by 'The Me You Love In The Dark' (via CV candidate name "The Me You Love In The Dark"); invisible before TODO 30
S21640	g	S cv=-+provider-missing: CV 145571 "The Me you Love in the Dark " 2022 Splitter 1 issues — near (gap 1), found by 'The Me You Love In The Dark' (via CV candidate name "The Me You Love In The Dark"); invisible before TODO 30
S21640	g	S cv=-+provider-missing: CV 138055 "The Me You Love in the Dark" 2021 Image 5 issues — far (gap 2), found by 'The Me You Love In The Dark' (via CV candidate name "The Me You Love In The Dark"); invisible before TODO 30
S21699	g	S cv=-: CV 117477 "William the Last: Flight & Fight" 2019 Guardian Knight Studios 4 issues — near (gap 1), found by 'William the Last: Flight & Fight' (via CV candidate name "William the Last: Flight & Fight"); invisible before TODO 30
S21699	g	S cv=-: CV 118403 "William the Last" 2019 Guardian Knight Studios 1 issues — near (gap 1), found by 'William the Last' (own spelling); invisible before TODO 30
S21699	g	S cv=-: CV 121002 "William the Last: Shadow of the Crown" 2019 Guardian Knight Studios 5 issues — near (gap 1), found by 'William the Last: Shadow of the Crown' (own spelling); invisible before TODO 30
S21699	g	S cv=-: CV 130693 "William the Last: Flight & Fight" 2020 Antarctic Press 1 issues — far (gap 2), found by 'William the Last: Flight & Fight' (via CV candidate name "William the Last: Flight & Fight"); invisible before TODO 30
S21713	g	provider-missing: CV 116617 "Wings of War: Eagle" 2019 Europe Comics 4 issues — near (gap 0), found by 'Wings of War: Eagle' (via CV candidate name "Wings of War: Eagle"); invisible before TODO 30
S21714	g	provider-missing: CV 116616 "Wings of War: Adler" 2019 Europe Comics 4 issues — near (gap 0), found by 'Wings of War: Adler' (via CV candidate name "Wings of War: Adler"); invisible before TODO 30
S21787	g	provider-missing: CV 37097 "Wolverine: The Best There Is" 2011 Marvel 12 issues — near (gap 1), found by 'Wolverine: The Best There Is' (via GCD name "Wolverine: The Best There Is"); invisible before TODO 30
S21787	g	provider-missing: CV 38031 "Wolverine: The Best There Is" 2002 Marvel 1 issues — far (gap 8), found by 'Wolverine: The Best There Is' (via GCD name "Wolverine: The Best There Is"); invisible before TODO 30
S21855	g	S cv=-: CV 86412 "Wolverine Epic Collection: The Dying Game" 2015 Marvel 1 issues — near (gap 0), found by 'Wolverine Epic Collection: The Dying Game' (own spelling); invisible before TODO 30
S21855	g	S cv=-: CV 151521 "Wolverine Epic Collection: To the Bone" 2023 Marvel 1 issues — far (gap 8), found by 'Wolverine Epic Collection: To the Bone' (via CV candidate name "Wolverine Epic Collection: To the Bone"); invisible before TODO 30
S21855	g	S cv=-: CV 163033 "Wolverine Epic Collection: Law of the Jungle" 2025 Marvel 1 issues — far (gap 10), found by 'Wolverine Epic Collection: Law of the Jungle' (via CV candidate name "Wolverine Epic Collection: Law of the Jungle"); invisible before TODO 30
S21936	g	provider-missing: CV 67764 "Wolves of Summer" 2013 Alterna Comics 1 issues — near (gap 0), found by 'Wolves of Summer' (own spelling); invisible before TODO 30
S21936	g	provider-missing: CV 72614 "Wolves of Summer" 2014 Alterna Comics 1 issues — near (gap 1), found by 'Wolves of Summer' (own spelling); invisible before TODO 30
S21936	g	provider-missing: CV 75635 "Wolves of Summer" 2014 Alterna Comics 1 issues — near (gap 1), found by 'Wolves of Summer' (own spelling); invisible before TODO 30
S21962	g	provider-missing: CV 94462 "Wonder Woman: The True Amazon" 2016 DC Comics 1 issues — near (gap 0), found by 'Wonder Woman: The True Amazon' (via CV candidate name "Wonder Woman: The True Amazon"); invisible before TODO 30
S21962	g	provider-missing: CV 138903 "Wonder Woman: 80 Years of the Amazon Warrior: The Deluxe Edition" 2021 DC Comics 1 issues — far (gap 5), found by 'Wonder Woman: 80 Years of the Amazon Warrior: The Deluxe Edition' (via CV candidate name "Wonder Woman: 80 Years of the Amazon Warrior: The Deluxe Edition"); invisible before TODO 30
S21962	g	provider-missing: CV 32930 "Wonder Woman: The Blue Amazon" 2003 DC Comics 1 issues — far (gap 13), found by 'Wonder Woman: The Blue Amazon' (via CV candidate name "Wonder Woman: The Blue Amazon"); invisible before TODO 30
S21995	g	provider-missing: CV 114102 "Wonder Woman and Justice League Dark: The Witching Hour" 2018 DC Comics 1 issues — near (gap 1), found by 'Wonder Woman and Justice League Dark: The Witching Hour' (via CV candidate name "Wonder Woman and Justice League Dark: The Witching Hour"); invisible before TODO 30
S21995	g	provider-missing: CV 114893 "Justice League Dark and Wonder Woman: The Witching Hour" 2018 DC Comics 1 issues — near (gap 1), found by 'Justice League Dark and Wonder Woman: The Witching Hour' (via CV candidate name "Justice League Dark and Wonder Woman: The Witching Hour"); invisible before TODO 30
S21995	g	provider-missing: CV 118654 "Wonder Woman and Justice League Dark: The Witching Hour" 2019 DC Comics 1 issues — far (gap 2), found by 'Wonder Woman and Justice League Dark: The Witching Hour' (via CV candidate name "Wonder Woman and Justice League Dark: The Witching Hour"); invisible before TODO 30
S22001	g	S cv=-: CV 147365 "Tales of The Amazons" 2022 DC Comics 1 issues — near (gap 0), found by 'Tales of the Amazons' (via CV name "Tales of the Amazons"); invisible before TODO 30
S22001	g	S cv=-: CV 42160 "DC Retroactive: Wonder Woman - The '90s" 2011 DC Comics 1 issues — far (gap 11), found by 'DC Retroactive: Wonder Woman - The '90s' (via CV candidate name "DC Retroactive: Wonder Woman - The '90s"); invisible before TODO 30
S22001	g	S cv=-: CV 28296 "Tales of the Amazons" 1981 Murray Comics 1 issues — far (gap 41), found by 'Tales of the Amazons' (via CV name "Tales of the Amazons"); invisible before TODO 30
S22458	g	provider-missing: CV 39210 "X-Men: Curse of the Mutants" 2011 Marvel 1 issues — near (gap 0), found by 'X-Men: Curse of the Mutants' (via CV candidate name "X-Men: Curse of the Mutants"); invisible before TODO 30
S22458	g	provider-missing: CV 42964 "X-Men: Curse of Mutants" 2011 Marvel 1 issues — near (gap 0), found by 'X-Men: Curse of Mutants' (via CV candidate name "X-Men: Curse of Mutants"); invisible before TODO 30
S22519	g	S cv=-: CV 123419 "X-Men: Reload By Chris Claremont: House of M" 2019 Marvel 1 issues — near (gap 0), found by 'X-Men: Reload By Chris Claremont: House of M' (via CV candidate name "X-Men: Reload By Chris Claremont: House of M"); invisible before TODO 30
S22519	g	S cv=-: CV 116089 "X-Men: Reload by Chris Claremont: The End of History" 2018 Marvel 1 issues — near (gap 1), found by 'X-Men: Reload by Chris Claremont: The End of History' (via CV candidate name "X-Men: Reload by Chris Claremont: The End of History"); invisible before TODO 30
S22548	g	S cv=-: CV 141831 "X-Men: The Trial of Magneto" 2022 Marvel 1 issues — near (gap 0), found by 'X-Men: The Trial Of Magneto' (own spelling); invisible before TODO 30
S22548	g	S cv=-: CV 138343 "X-Men: The Trial of Magneto" 2021 Marvel 5 issues — near (gap 1), found by 'X-Men: The Trial Of Magneto' (own spelling); invisible before TODO 30
S22548	g	S cv=-: CV 122502 "X-Men: Trial of the Juggernaut" 2019 Marvel 1 issues — far (gap 3), found by 'X-Men: Trial of the Juggernaut' (via CV candidate name "X-Men: Trial of the Juggernaut"); invisible before TODO 30
S22548	g	S cv=-: CV 114280 "X-Men: The Magneto War" 2018 Marvel 1 issues — far (gap 4), found by 'X-Men: The Magneto War' (via CV candidate name "X-Men: The Magneto War"); invisible before TODO 30
S22548	g	S cv=-: CV 92400 "X-Men: The Trial of Gambit" 2016 Marvel 1 issues — far (gap 6), found by 'X-Men: The Trial of Gambit' (via CV candidate name "X-Men: The Trial of Gambit"); invisible before TODO 30
S22591	g	S cv=-: CV 54475 "X-O Manowar: By the Sword" 2012 DMG/Valiant Entertainment 1 issues — near (gap 1), found by 'X-O Manowar: By the Sword' (via CV candidate name "X-O Manowar: By the Sword"); invisible before TODO 30
S22674	g	provider-missing: CV 162102 "You Won't Feel a Thing" 2025 DSTLRY 1 issues — near (gap 1), found by 'You Won't Feel a Thing' (via CV name "You Won't Feel a Thing"); invisible before TODO 30
S22774	g	provider-missing: CV 166011 "Zatanna & The Ripper" 2023 DC Comics 4 issues — near (gap 1), found by 'Zatanna & the Ripper' (own spelling); invisible before TODO 30
S22789	g	S cv=-+provider-missing: CV 71478 "Jack Kamen: Zero Hour and Other Stories" 2014 Fantagraphics 1 issues — near (gap 0), found by 'Jack Kamen: Zero Hour and Other Stories' (via CV candidate name "Jack Kamen: Zero Hour and Other Stories"); invisible before TODO 30
S22789	g	S cv=-+provider-missing: CV 71874 "Jack Kamen: Zero Hour and Other Stories" 2014 Fantagraphics 3 issues — near (gap 0), found by 'Jack Kamen: Zero Hour and Other Stories' (via CV candidate name "Jack Kamen: Zero Hour and Other Stories"); invisible before TODO 30
S22974	g	S cv=-+provider-missing: CV 126683 "Éclair Blanche: A Girls' Love Anthology That Resonates In Your Heart" 2020 Yen Press 1 issues — near (gap 0), found by 'Éclair Blanche: A Girls' Love Anthology That Resonates In Your Heart' (via CV candidate name "Éclair Blanche: A Girls' Love Anthology That Resonates In Your Heart"); invisible before TODO 30
S22975	g	S cv=-+provider-missing: CV 128159 "Éclair Bleue: A Girls' Love Anthology That Resonates in Your Heart" 2020 Yen Press 1 issues — near (gap 0), found by 'Éclair Bleue: A Girls' Love Anthology That Resonates in Your Heart' (via CV candidate name "Éclair Bleue: A Girls' Love Anthology That Resonates in Your Heart"); invisible before TODO 30
S22976	g	S cv=-+provider-missing: CV 130611 "Éclair Rouge: A Girls' Love Anthology That Resonates in Your Heart" 2020 Yen Press 1 issues — near (gap 0), found by 'Éclair Rouge: A Girls' Love Anthology That Resonates in Your Heart' (via CV candidate name "Éclair Rouge: A Girls' Love Anthology That Resonates in Your Heart"); invisible before TODO 30
S23094	g	provider-missing: CV 149933 "Black Adam: The Justice Society Files" 2023 DC Comics 1 issues — near (gap 1), found by 'Black Adam: The Justice Society Files' (own spelling); invisible before TODO 30
S24257	g	S cv=-: CV 125504 "Relics of Youth" 2020 Vault Comics 1 issues — near (gap 0), found by 'Relics of Youth' (via CV candidate name "Relics of Youth"); invisible before TODO 30
S24257	g	S cv=-: CV 121610 "Relics of Youth" 2019 Vault Comics 4 issues — near (gap 1), found by 'Relics of Youth' (via CV candidate name "Relics of Youth"); invisible before TODO 30
S24297	g	provider-missing: CV 121239 "Marvel Monograph: The Art of Esad Ribić" 2019 Marvel 1 issues — near (gap 0), found by 'Marvel Monograph: The Art of Esad Ribić' (via CV candidate name "Marvel Monograph: The Art of Esad Ribić"); invisible before TODO 30
S24297	g	provider-missing: CV 121902 "Marvel Monograph: The Art of Sara Pichelli" 2019 Marvel 1 issues — near (gap 0), found by 'Marvel Monograph: The Art of Sara Pichelli' (via CV candidate name "Marvel Monograph: The Art of Sara Pichelli"); invisible before TODO 30
S24297	g	provider-missing: CV 126295 "Marvel Monograph: The Art of Frank Cho" 2020 Marvel 1 issues — near (gap 1), found by 'Marvel Monograph: The Art of Frank Cho' (via CV candidate name "Marvel Monograph: The Art of Frank Cho"); invisible before TODO 30
S24317	g	provider-missing: CV 125333 "We Are The Danger" 2020 Black Mask Studios 1 issues — near (gap 1), found by 'We Are The Danger' (via CV candidate name "We Are The Danger"); invisible before TODO 30
S24317	g	provider-missing: CV 111163 "We Are The Danger" 2018 Black Mask Studios 5 issues — far (gap 3), found by 'We Are The Danger' (via CV candidate name "We Are The Danger"); invisible before TODO 30
S36163	g	S cv=-+provider-missing: CV 156711 "Diana and the Hero's Journey" 2023 DC Comics 1 issues — near (gap 0), found by 'Diana and the Hero's Journey' (via CV candidate name "Diana and the Hero's Journey"); invisible before TODO 30
S36163	g	S cv=-+provider-missing: CV 126976 "Deep Fried: The Hero's Journey" 2020 Death Ray Graphics 3 issues — far (gap 3), found by 'Deep Fried: The Hero's Journey' (via CV candidate name "Deep Fried: The Hero's Journey"); invisible before TODO 30
S46238	g	provider-missing: CV 7262 "Legends of the DC Universe" 1998 DC Comics 41 issues — near (gap 1), found by 'Legends of the DC Universe' (via CV candidate name "Legends of the DC Universe"); invisible before TODO 30
S46238	g	provider-missing: CV 25587 "Legends of the DC Universe 80-Page Giant" 1998 DC Comics 2 issues — near (gap 1), found by 'Legends of the DC Universe 80-Page Giant' (via GCD name "Legends of the DC Universe 80-Page Giant"); invisible before TODO 30
S57297	g	S cv=-: CV 40942 "Y: The Last Man" 2007 Panini Verlag 10 issues — near (gap 0), found by 'Y - The Last Man' (own spelling); invisible before TODO 30
S57297	g	S cv=-: CV 9419 "Y: The Last Man" 2002 DC Comics 60 issues — far (gap 5), found by 'Y - The Last Man' (own spelling); invisible before TODO 30
S63679	g	provider-missing: CV 83106 "The Curse of the Wendigo" 2015 Delcourt 2 issues — near (gap 0), found by 'The Curse of the Wendigo' (own spelling); invisible before TODO 30
S63679	g	provider-missing: CV 79644 "Curse of the Wendigo" 2011 Dynamite Entertainment 1 issues — far (gap 4), found by 'The Curse of the Wendigo' (own spelling); invisible before TODO 30
S65085	g	S cv=-: CV 7000 "Love and Rockets" 1982 Fantagraphics 50 issues — near (gap 0), found by 'Love and Rockets' (via our own name without the filing suffix "Love and Rockets"); invisible before TODO 30
S65085	g	S cv=-: CV 20719 "Love and Rockets" 2001 Fantagraphics 20 issues — far (gap 19), found by 'Love and Rockets' (via our own name without the filing suffix "Love and Rockets"); invisible before TODO 30
S65085	g	S cv=-: CV 95057 "Love and Rockets" 2016 Fantagraphics 16 issues — far (gap 34), found by 'Love and Rockets' (via our own name without the filing suffix "Love and Rockets"); invisible before TODO 30
S65599	g	provider-missing: CV 109207 "Sea of Thieves" 2018 Titan Comics 4 issues — near (gap 0), found by 'Sea of Thieves' (own spelling); invisible before TODO 30
S65599	g	provider-missing: CV 113730 "Sea of Thieves" 2018 Titan Comics 1 issues — near (gap 0), found by 'Sea of Thieves' (own spelling); invisible before TODO 30
S66444	g	S cv=-+provider-missing: CV 44338 "Bone: The Complete Cartoon Epic In One Volume" 2004 Cartoon Books 1 issues — near (gap 0), found by 'Bone - The Complete Cartoon Epic in One Volume' (own spelling); invisible before TODO 30
S66460	g	S cv=-: CV 111532 "Hellboy: The Complete Short Stories" 2018 Dark Horse Comics 2 issues — near (gap 0), found by 'Hellboy - The Complete Short Stories' (own spelling); invisible before TODO 30
S66462	g	S cv=-+provider-missing: CV 128359 "I Had That Same Dream Again: The Complete Manga Collection" 2020 Seven Seas Entertainment 1 issues — near (gap 0), found by 'I Had That Same Dream Again - The Complete Manga Collection' (own spelling); invisible before TODO 30
S66468	g	S cv=-+provider-missing: CV 62545 "Life's A Bitch: The Complete Bitchy Bitch Stories" 2005 Fantagraphics 1 issues — near (gap 0), found by 'Life's a Bitch - The Complete Bitchy Bitch Stories' (own spelling); invisible before TODO 30
S66469	g	provider-missing: CV 150299 "Marvel Avengers: The Ultimate Character Guide - New Edition" 2021 DK Publishing 1 issues — near (gap 0), found by 'Marvel Avengers - The Ultimate Character Guide - New Edition' (own spelling); invisible before TODO 30
S66478	g	S cv=-+provider-missing: CV 169855 "Qualia the Purple: The Complete Manga Collection" 2023 Seven Seas Entertainment 1 issues — near (gap 0), found by 'Qualia the Purple - The Complete Manga Collection' (own spelling); invisible before TODO 30
S66494	g	S cv=-: CV 153934 "Department of Truth: The Complete Conspiracy" 2023 Image 1 issues — near (gap 0), found by 'The Department of Truth - The Complete Conspiracy' (own spelling); invisible before TODO 30
S66621	g	provider-missing: CV 33826 "Avengers: The Ultimate Guide" 2005 DK Publishing 2 issues — near (gap 0), found by 'Avengers, The Ultimate Guide' (own spelling); invisible before TODO 30
S67392	g	S cv=-+provider-missing: CV 120082 "Magus of the Library" 2019 Kodansha Comics USA 8 issues — near (gap 0), found by 'Magus of the Library' (own spelling); invisible before TODO 30
S67392	g	S cv=-+provider-missing: CV 163542 "Magus of the Library" 2019 Carlsen Verlag 7 issues — near (gap 0), found by 'Magus of the Library' (own spelling); invisible before TODO 30
S94577	g	S cv=-+provider-missing: CV 3475 "Cloak and Dagger" 1985 Marvel 11 issues — near (gap 1), found by 'Cloak and Dagger' (via our own name without the filing suffix "Cloak and Dagger"); invisible before TODO 30
S94577	g	S cv=-+provider-missing: CV 3219 "Cloak and Dagger" 1983 Marvel 4 issues — far (gap 3), found by 'Cloak and Dagger' (via our own name without the filing suffix "Cloak and Dagger"); invisible before TODO 30
S94577	g	S cv=-+provider-missing: CV 32266 "Cloak and Dagger" 2010 Marvel 1 issues — far (gap 24), found by 'Cloak and Dagger' (via our own name without the filing suffix "Cloak and Dagger"); invisible before TODO 30
S94577	g	S cv=-+provider-missing: CV 111450 "Cloak and Dagger" 2018 Marvel 6 issues — far (gap 32), found by 'Cloak and Dagger' (via our own name without the filing suffix "Cloak and Dagger"); invisible before TODO 30
S94577	g	S cv=-+provider-missing: CV 112372 "Cloak and Dagger" 2018 Marvel 3 issues — far (gap 32), found by 'Cloak and Dagger' (via our own name without the filing suffix "Cloak and Dagger"); invisible before TODO 30
S94577	g	S cv=-+provider-missing: CV 19430 "Cloak and Dagger" 1952 Ziff-Davis 1 issues — far (gap 34), found by 'Cloak and Dagger' (via our own name without the filing suffix "Cloak and Dagger"); invisible before TODO 30
S94616	g	S cv=-+provider-missing: CV 57960 "Guardians of the Galaxy" 2013 Marvel 28 issues — near (gap 0), found by 'Guardians of the Galaxy' (via our own name without the filing suffix "Guardians of the Galaxy"); invisible before TODO 30
S94616	g	S cv=-+provider-missing: CV 84159 "Guardians of the Galaxy" 2014 Panini Verlag 7 issues — near (gap 1), found by 'Guardians of the Galaxy' (via our own name without the filing suffix "Guardians of the Galaxy"); invisible before TODO 30
S94616	g	S cv=-+provider-missing: CV 81904 "Guardians of the Galaxy" 2015 Marvel 5 issues — far (gap 2), found by 'Guardians of the Galaxy' (via our own name without the filing suffix "Guardians of the Galaxy"); invisible before TODO 30
S94616	g	S cv=-+provider-missing: CV 85290 "Guardians of the Galaxy" 2015 Marvel 20 issues — far (gap 2), found by 'Guardians of the Galaxy' (via our own name without the filing suffix "Guardians of the Galaxy"); invisible before TODO 30
S94616	g	S cv=-+provider-missing: CV 116349 "Guardians of the Galaxy" 2015 Standaard Uitgeverij 5 issues — far (gap 2), found by 'Guardians of the Galaxy' (via our own name without the filing suffix "Guardians of the Galaxy"); invisible before TODO 30
S94616	g	S cv=-+provider-missing: CV 146623 "Guardians of the Galaxy" 2016 Panini Verlag 8 issues — far (gap 3), found by 'Guardians of the Galaxy' (via our own name without the filing suffix "Guardians of the Galaxy"); invisible before TODO 30
S94617	g	S cv=-+provider-missing: CV 4398 "Guardians of the Galaxy" 1990 Marvel 62 issues — near (gap 0), found by 'Guardians of the Galaxy' (via our own name without the filing suffix "Guardians of the Galaxy"); invisible before TODO 30
S94617	g	S cv=-+provider-missing: CV 21550 "Guardians of the Galaxy" 2008 Marvel 25 issues — far (gap 18), found by 'Guardians of the Galaxy' (via our own name without the filing suffix "Guardians of the Galaxy"); invisible before TODO 30
S94617	g	S cv=-+provider-missing: CV 57960 "Guardians of the Galaxy" 2013 Marvel 28 issues — far (gap 23), found by 'Guardians of the Galaxy' (via our own name without the filing suffix "Guardians of the Galaxy"); invisible before TODO 30
S94617	g	S cv=-+provider-missing: CV 84159 "Guardians of the Galaxy" 2014 Panini Verlag 7 issues — far (gap 24), found by 'Guardians of the Galaxy' (via our own name without the filing suffix "Guardians of the Galaxy"); invisible before TODO 30
S94617	g	S cv=-+provider-missing: CV 81904 "Guardians of the Galaxy" 2015 Marvel 5 issues — far (gap 25), found by 'Guardians of the Galaxy' (via our own name without the filing suffix "Guardians of the Galaxy"); invisible before TODO 30
S94617	g	S cv=-+provider-missing: CV 85290 "Guardians of the Galaxy" 2015 Marvel 20 issues — far (gap 25), found by 'Guardians of the Galaxy' (via our own name without the filing suffix "Guardians of the Galaxy"); invisible before TODO 30
S94646	g	S cv=-+provider-missing: CV 2014 "Justice League of America" 1960 DC Comics 261 issues — near (gap 0), found by 'Justice League of America' (via our own name without the filing suffix "Justice League of America"); invisible before TODO 30
S94646	g	S cv=-+provider-missing: CV 18127 "Justice League of America" 2006 DC Comics 61 issues — far (gap 46), found by 'Justice League of America' (via our own name without the filing suffix "Justice League of America"); invisible before TODO 30
S94646	g	S cv=-+provider-missing: CV 57485 "Justice League of America" 2013 DC Comics 18 issues — far (gap 53), found by 'Justice League of America' (via our own name without the filing suffix "Justice League of America"); invisible before TODO 30
S94646	g	S cv=-+provider-missing: CV 110460 "Justice League of America" 2013 Panini Verlag 4 issues — far (gap 53), found by 'Justice League of America' (via our own name without the filing suffix "Justice League of America"); invisible before TODO 30
S94646	g	S cv=-+provider-missing: CV 82720 "Justice League of America" 2015 DC Comics 10 issues — far (gap 55), found by 'Justice League of America' (via our own name without the filing suffix "Justice League of America"); invisible before TODO 30
S94646	g	S cv=-+provider-missing: CV 150103 "Justice League of America" 2015 Urban Comics 7 issues — far (gap 55), found by 'Justice League of America' (via our own name without the filing suffix "Justice League of America"); invisible before TODO 30
S94647	g	S cv=-+provider-missing: CV 2014 "Justice League of America" 1960 DC Comics 261 issues — near (gap 1), found by 'Justice League of America' (via our own name without the filing suffix "Justice League of America"); invisible before TODO 30
S94647	g	S cv=-+provider-missing: CV 18127 "Justice League of America" 2006 DC Comics 61 issues — far (gap 45), found by 'Justice League of America' (via our own name without the filing suffix "Justice League of America"); invisible before TODO 30
S94647	g	S cv=-+provider-missing: CV 57485 "Justice League of America" 2013 DC Comics 18 issues — far (gap 52), found by 'Justice League of America' (via our own name without the filing suffix "Justice League of America"); invisible before TODO 30
S94647	g	S cv=-+provider-missing: CV 110460 "Justice League of America" 2013 Panini Verlag 4 issues — far (gap 52), found by 'Justice League of America' (via our own name without the filing suffix "Justice League of America"); invisible before TODO 30
S94647	g	S cv=-+provider-missing: CV 82720 "Justice League of America" 2015 DC Comics 10 issues — far (gap 54), found by 'Justice League of America' (via our own name without the filing suffix "Justice League of America"); invisible before TODO 30
S94647	g	S cv=-+provider-missing: CV 150103 "Justice League of America" 2015 Urban Comics 7 issues — far (gap 54), found by 'Justice League of America' (via our own name without the filing suffix "Justice League of America"); invisible before TODO 30
S94648	g	S cv=-+provider-missing: CV 2014 "Justice League of America" 1960 DC Comics 261 issues — near (gap 0), found by 'Justice League of America' (via our own name without the filing suffix "Justice League of America"); invisible before TODO 30
S94648	g	S cv=-+provider-missing: CV 18127 "Justice League of America" 2006 DC Comics 61 issues — far (gap 46), found by 'Justice League of America' (via our own name without the filing suffix "Justice League of America"); invisible before TODO 30
S94648	g	S cv=-+provider-missing: CV 57485 "Justice League of America" 2013 DC Comics 18 issues — far (gap 53), found by 'Justice League of America' (via our own name without the filing suffix "Justice League of America"); invisible before TODO 30
S94648	g	S cv=-+provider-missing: CV 110460 "Justice League of America" 2013 Panini Verlag 4 issues — far (gap 53), found by 'Justice League of America' (via our own name without the filing suffix "Justice League of America"); invisible before TODO 30
S94648	g	S cv=-+provider-missing: CV 82720 "Justice League of America" 2015 DC Comics 10 issues — far (gap 55), found by 'Justice League of America' (via our own name without the filing suffix "Justice League of America"); invisible before TODO 30
S94648	g	S cv=-+provider-missing: CV 150103 "Justice League of America" 2015 Urban Comics 7 issues — far (gap 55), found by 'Justice League of America' (via our own name without the filing suffix "Justice League of America"); invisible before TODO 30
S94687	g	S cv=-+provider-missing: CV 20391 "The Savage Sword of Conan" 1975 Marvel UK/Panini UK 18 issues — near (gap 1), found by 'Savage Sword of Conan' (via our own name without the filing suffix "Savage Sword of Conan"); invisible before TODO 30
S94687	g	S cv=-+provider-missing: CV 47760 "Savage Sword of Conan" 1977 Marvel UK/Panini UK 93 issues — near (gap 1), found by 'Savage Sword of Conan' (via our own name without the filing suffix "Savage Sword of Conan"); invisible before TODO 30
S94687	g	S cv=-+provider-missing: CV 2701 "The Savage Sword of Conan" 1974 Marvel 235 issues — far (gap 2), found by 'Savage Sword of Conan' (via our own name without the filing suffix "Savage Sword of Conan"); invisible before TODO 30
S94687	g	S cv=-+provider-missing: CV 21975 "The Savage Sword of Conan" 2007 Dark Horse Comics 22 issues — far (gap 31), found by 'Savage Sword of Conan' (via our own name without the filing suffix "Savage Sword of Conan"); invisible before TODO 30
S94687	g	S cv=-+provider-missing: CV 120279 "The Savage Sword Of Conan " 2017 Hachette 4 issues — far (gap 41), found by 'Savage Sword of Conan' (via our own name without the filing suffix "Savage Sword of Conan"); invisible before TODO 30
S94687	g	S cv=-+provider-missing: CV 117080 "The Savage Sword of Conan" 2019 Marvel 12 issues — far (gap 43), found by 'Savage Sword of Conan' (via our own name without the filing suffix "Savage Sword of Conan"); invisible before TODO 30
S94732	g	S cv=-+provider-missing: CV 3519 "Web of Spider-Man" 1985 Marvel 131 issues — near (gap 0), found by 'Web of Spider-Man' (via CV name "Web of Spider-Man"); invisible before TODO 30
S94732	g	S cv=-+provider-missing: CV 28576 "Web of Spider-Man" 2009 Marvel 12 issues — far (gap 24), found by 'Web of Spider-Man' (via CV name "Web of Spider-Man"); invisible before TODO 30
S94732	g	S cv=-+provider-missing: CV 136800 "W.E.B. of Spider-Man" 2021 Marvel 5 issues — far (gap 36), found by 'W.E.B. of Spider-Man' (via our own name without the filing suffix "W.E.B. of Spider-Man"); invisible before TODO 30
S94732	g	S cv=-+provider-missing: CV 149911 "W.E.B. of Spider-Man" 2021 Marvel 1 issues — far (gap 36), found by 'W.E.B. of Spider-Man' (via our own name without the filing suffix "W.E.B. of Spider-Man"); invisible before TODO 30
S94732	g	S cv=-+provider-missing: CV 157311 "Web of Spider-Man" 2024 Marvel 1 issues — far (gap 39), found by 'Web of Spider-Man' (via CV name "Web of Spider-Man"); invisible before TODO 30
S94745	g	S cv=-+provider-missing: CV 105759 "Guardians of the Galaxy" 2017 Marvel 5 issues — near (gap 1), found by 'Guardians of the Galaxy' (via CV name "Guardians of the Galaxy"); invisible before TODO 30
S94745	g	S cv=-+provider-missing: CV 116702 "Guardians of the Galaxy" 2019 Marvel 12 issues — near (gap 1), found by 'Guardians of the Galaxy' (via CV name "Guardians of the Galaxy"); invisible before TODO 30
S94745	g	S cv=-+provider-missing: CV 124447 "Guardians of the Galaxy" 2020 Marvel 18 issues — far (gap 2), found by 'Guardians of the Galaxy' (via CV name "Guardians of the Galaxy"); invisible before TODO 30
S94745	g	S cv=-+provider-missing: CV 142800 "Guardians of the Galaxy" 2020 Panini Verlag 5 issues — far (gap 2), found by 'Guardians of the Galaxy' (via CV name "Guardians of the Galaxy"); invisible before TODO 30
S94745	g	S cv=-+provider-missing: CV 146623 "Guardians of the Galaxy" 2016 Panini Verlag 8 issues — far (gap 2), found by 'Guardians of the Galaxy' (via CV name "Guardians of the Galaxy"); invisible before TODO 30
S94745	g	S cv=-+provider-missing: CV 81904 "Guardians of the Galaxy" 2015 Marvel 5 issues — far (gap 3), found by 'Guardians of the Galaxy' (via CV name "Guardians of the Galaxy"); invisible before TODO 30
S94758	g	S cv=-: CV 43387 "30 Days of Night" 2011 IDW Publishing 12 issues — near (gap 0), found by '30 Days of Night' (via CV name "30 Days of Night"); invisible before TODO 30
S94758	g	S cv=-: CV 47651 "30 Days of Night" 2012 IDW Publishing 3 issues — near (gap 1), found by '30 Days of Night' (via CV name "30 Days of Night"); invisible before TODO 30
S94758	g	S cv=-: CV 107071 "30 Days of Night" 2017 IDW Publishing 6 issues — far (gap 6), found by '30 Days of Night' (via CV name "30 Days of Night"); invisible before TODO 30
S94758	g	S cv=-: CV 113043 "30 Days of Night" 2018 IDW Publishing 1 issues — far (gap 7), found by '30 Days of Night' (via CV name "30 Days of Night"); invisible before TODO 30
S94758	g	S cv=-: CV 111077 "30 days of night" 2003 Infinity Verlag 1 issues — far (gap 8), found by '30 Days of Night' (via CV name "30 Days of Night"); invisible before TODO 30
S94758	g	S cv=-: CV 11266 "30 Days of Night" 2002 IDW Publishing 3 issues — far (gap 9), found by '30 Days of Night' (via CV name "30 Days of Night"); invisible before TODO 30
S94760	g	S cv=-+provider-missing: CV 43387 "30 Days of Night" 2011 IDW Publishing 12 issues — near (gap 0), found by '30 Days of Night' (via CV name "30 Days of Night"); invisible before TODO 30
S94760	g	S cv=-+provider-missing: CV 47651 "30 Days of Night" 2012 IDW Publishing 3 issues — near (gap 1), found by '30 Days of Night' (via CV name "30 Days of Night"); invisible before TODO 30
S94760	g	S cv=-+provider-missing: CV 107071 "30 Days of Night" 2017 IDW Publishing 6 issues — far (gap 6), found by '30 Days of Night' (via CV name "30 Days of Night"); invisible before TODO 30
S94760	g	S cv=-+provider-missing: CV 113043 "30 Days of Night" 2018 IDW Publishing 1 issues — far (gap 7), found by '30 Days of Night' (via CV name "30 Days of Night"); invisible before TODO 30
S94760	g	S cv=-+provider-missing: CV 111077 "30 days of night" 2003 Infinity Verlag 1 issues — far (gap 8), found by '30 Days of Night' (via CV name "30 Days of Night"); invisible before TODO 30
S94760	g	S cv=-+provider-missing: CV 11266 "30 Days of Night" 2002 IDW Publishing 3 issues — far (gap 9), found by '30 Days of Night' (via CV name "30 Days of Night"); invisible before TODO 30
S94803	g	S cv=-: CV 18103 "The Flash: The Fastest Man Alive" 2006 DC Comics 13 issues — near (gap 0), found by 'The Flash - The Fastest Man Alive' (via our own name without the filing suffix "The Flash - The Fastest Man Alive"); invisible before TODO 30
S94803	g	S cv=-: CV 145041 "The Flash: The Fastest Man Alive" 2022 DC Comics 3 issues — far (gap 16), found by 'The Flash - The Fastest Man Alive' (via our own name without the filing suffix "The Flash - The Fastest Man Alive"); invisible before TODO 30
S94803	g	S cv=-: CV 151387 "The Flash: The Fastest Man Alive" 2023 DC Comics 1 issues — far (gap 17), found by 'The Flash - The Fastest Man Alive' (via our own name without the filing suffix "The Flash - The Fastest Man Alive"); invisible before TODO 30
S94858	g	S cv=-+provider-missing: CV 1683 "The Brave and the Bold" 1955 DC Comics 200 issues — near (gap 0), found by 'The Brave and the Bold' (via our own name without the filing suffix "The Brave and the Bold"); invisible before TODO 30
S94858	g	S cv=-+provider-missing: CV 4546 "The Brave and the Bold" 1991 DC Comics 6 issues — far (gap 36), found by 'The Brave and the Bold' (via our own name without the filing suffix "The Brave and the Bold"); invisible before TODO 30
S94858	g	S cv=-+provider-missing: CV 18207 "The Brave and the Bold" 2007 DC Comics 35 issues — far (gap 52), found by 'The Brave and the Bold' (via our own name without the filing suffix "The Brave and the Bold"); invisible before TODO 30
S94858	g	S cv=-+provider-missing: CV 43369 "The Brave and the Bold" 2008 Panini France 1 issues — far (gap 53), found by 'The Brave and the Bold' (via our own name without the filing suffix "The Brave and the Bold"); invisible before TODO 30
S94858	g	S cv=-+provider-missing: CV 79351 "The Brave and The Bold" 2008 Planeta DeAgostini 3 issues — far (gap 53), found by 'The Brave and the Bold' (via our own name without the filing suffix "The Brave and the Bold"); invisible before TODO 30
S95488	g	S cv=-+provider-missing: CV 6498 "Birds of Prey" 1999 DC Comics 127 issues — near (gap 0), found by 'Birds of Prey' (via our own name without the filing suffix "Birds of Prey"); invisible before TODO 30
S95488	g	S cv=-+provider-missing: CV 34200 "Birds of Prey" 1999 DC Comics 1 issues — near (gap 0), found by 'Birds of Prey' (via our own name without the filing suffix "Birds of Prey"); invisible before TODO 30
S95488	g	S cv=-+provider-missing: CV 33087 "Birds of Prey" 2010 DC Comics 15 issues — far (gap 11), found by 'Birds of Prey' (via our own name without the filing suffix "Birds of Prey"); invisible before TODO 30
S95488	g	S cv=-+provider-missing: CV 42806 "Birds of Prey" 2011 DC Comics 35 issues — far (gap 12), found by 'Birds of Prey' (via our own name without the filing suffix "Birds of Prey"); invisible before TODO 30
S95488	g	S cv=-+provider-missing: CV 52139 "Birds of Prey" 2012 DC Comics 5 issues — far (gap 13), found by 'Birds of Prey' (via our own name without the filing suffix "Birds of Prey"); invisible before TODO 30
S95488	g	S cv=-+provider-missing: CV 85740 "Birds of Prey" 2015 DC Comics 3 issues — far (gap 16), found by 'Birds of Prey' (via our own name without the filing suffix "Birds of Prey"); invisible before TODO 30
S96030	g	S cv=-+provider-missing: CV 1866 "Challengers of the Unknown" 1958 DC Comics 87 issues — near (gap 0), found by 'Challengers of the Unknown' (via our own name without the filing suffix "Challengers of the Unknown"); invisible before TODO 30
S96030	g	S cv=-+provider-missing: CV 4547 "Challengers of the Unknown" 1991 DC Comics 8 issues — far (gap 33), found by 'Challengers of the Unknown' (via our own name without the filing suffix "Challengers of the Unknown"); invisible before TODO 30
S96030	g	S cv=-+provider-missing: CV 5944 "Challengers of the Unknown" 1997 DC Comics 18 issues — far (gap 39), found by 'Challengers of the Unknown' (via our own name without the filing suffix "Challengers of the Unknown"); invisible before TODO 30
S96030	g	S cv=-+provider-missing: CV 11147 "Challengers of the Unknown" 2004 DC Comics 6 issues — far (gap 46), found by 'Challengers of the Unknown' (via our own name without the filing suffix "Challengers of the Unknown"); invisible before TODO 30
S96030	g	S cv=-+provider-missing: CV 161691 "Challengers of the Unknown" 2025 DC Comics 5 issues — far (gap 67), found by 'Challengers of the Unknown' (via our own name without the filing suffix "Challengers of the Unknown"); invisible before TODO 30
S96030	g	S cv=-+provider-missing: CV 169009 "Challengers of the Unknown" 2025 DC Comics 1 issues — far (gap 67), found by 'Challengers of the Unknown' (via our own name without the filing suffix "Challengers of the Unknown"); invisible before TODO 30
S96498	g	S cv=-+provider-missing: CV 75901 "Doctor Who: The Eleventh Doctor" 2014 Titan Comics 15 issues — near (gap 0), found by 'Doctor Who The Eleventh Doctor' (via our own name without the filing suffix "Doctor Who The Eleventh Doctor"); invisible before TODO 30
S96502	g	S cv=-+provider-missing: CV 77596 "Doctor Who: The Twelfth Doctor" 2014 Titan Comics 16 issues — near (gap 1), found by 'Doctor Who The Twelfth Doctor' (via our own name without the filing suffix "Doctor Who The Twelfth Doctor"); invisible before TODO 30
S96658	g	S cv=-+provider-missing: CV 76863 "Edge of Spider-Verse" 2014 Marvel 5 issues — near (gap 0), found by 'Edge of Spider-Verse' (via our own name without the filing suffix "Edge of Spider-Verse"); invisible before TODO 30
S96658	g	S cv=-+provider-missing: CV 144308 "Edge of Spider-Verse" 2022 Marvel 5 issues — far (gap 8), found by 'Edge of Spider-Verse' (via our own name without the filing suffix "Edge of Spider-Verse"); invisible before TODO 30
S96658	g	S cv=-+provider-missing: CV 148865 "Edge of Spider-Verse" 2023 Marvel 1 issues — far (gap 9), found by 'Edge of Spider-Verse' (via our own name without the filing suffix "Edge of Spider-Verse"); invisible before TODO 30
S96658	g	S cv=-+provider-missing: CV 150034 "Edge of Spider-Verse" 2023 Marvel 4 issues — far (gap 9), found by 'Edge of Spider-Verse' (via our own name without the filing suffix "Edge of Spider-Verse"); invisible before TODO 30
S96658	g	S cv=-+provider-missing: CV 154755 "Edge of Spider-Verse" 2023 Marvel UK/Panini UK 1 issues — far (gap 9), found by 'Edge of Spider-Verse' (via our own name without the filing suffix "Edge of Spider-Verse"); invisible before TODO 30
S96658	g	S cv=-+provider-missing: CV 156963 "Edge of Spider-Verse" 2024 Marvel 4 issues — far (gap 10), found by 'Edge of Spider-Verse' (via our own name without the filing suffix "Edge of Spider-Verse"); invisible before TODO 30
S98027	g	S cv=-+provider-missing: CV 18052 "Justice Society of America" 2007 DC Comics 54 issues — near (gap 0), found by 'Justice Society of America' (via our own name without the filing suffix "Justice Society of America"); invisible before TODO 30
S98027	g	S cv=-+provider-missing: CV 42482 "Justice Society of America" 2007 Panini Verlag 7 issues — near (gap 0), found by 'Justice Society of America' (via our own name without the filing suffix "Justice Society of America"); invisible before TODO 30
S98027	g	S cv=-+provider-missing: CV 4747 "Justice Society of America" 1992 DC Comics 10 issues — far (gap 15), found by 'Justice Society of America' (via our own name without the filing suffix "Justice Society of America"); invisible before TODO 30
S98027	g	S cv=-+provider-missing: CV 146561 "Justice Society of America" 2022 DC Comics 12 issues — far (gap 15), found by 'Justice Society of America' (via our own name without the filing suffix "Justice Society of America"); invisible before TODO 30
S98027	g	S cv=-+provider-missing: CV 4556 "Justice Society of America" 1991 DC Comics 8 issues — far (gap 16), found by 'Justice Society of America' (via our own name without the filing suffix "Justice Society of America"); invisible before TODO 30
S98027	g	S cv=-+provider-missing: CV 157577 "Justice Society of America" 2024 DC Comics 2 issues — far (gap 17), found by 'Justice Society of America' (via our own name without the filing suffix "Justice Society of America"); invisible before TODO 30
S98165	g	S cv=-: CV 2513 "Kull the Conqueror" 1971 Marvel 10 issues — near (gap 0), found by 'Kull The Conqueror' (via our own name without the filing suffix "Kull The Conqueror"); invisible before TODO 30
S98165	g	S cv=-: CV 3140 "Kull the Conqueror" 1982 Marvel 2 issues — far (gap 11), found by 'Kull The Conqueror' (via our own name without the filing suffix "Kull The Conqueror"); invisible before TODO 30
S98165	g	S cv=-: CV 3229 "Kull the Conqueror" 1983 Marvel 10 issues — far (gap 12), found by 'Kull The Conqueror' (via our own name without the filing suffix "Kull The Conqueror"); invisible before TODO 30
S98217	g	S cv=-+provider-missing: CV 4201 "Legion of Super-Heroes" 1989 DC Comics 127 issues — near (gap 0), found by 'Legion of Super-Heroes' (via our own name without the filing suffix "Legion of Super-Heroes"); invisible before TODO 30
S98217	g	S cv=-+provider-missing: CV 3310 "Legion of Super-Heroes" 1984 DC Comics 63 issues — far (gap 5), found by 'Legion of Super-Heroes' (via our own name without the filing suffix "Legion of Super-Heroes"); invisible before TODO 30
S98217	g	S cv=-+provider-missing: CV 69728 "Legion of Super-Heroes" 1984 Federal 7 issues — far (gap 5), found by 'Legion of Super-Heroes' (via our own name without the filing suffix "Legion of Super-Heroes"); invisible before TODO 30
S98217	g	S cv=-+provider-missing: CV 3033 "The Legion of Super-Heroes" 1980 DC Comics 55 issues — far (gap 9), found by 'Legion of Super-Heroes' (via our own name without the filing suffix "Legion of Super-Heroes"); invisible before TODO 30
S98217	g	S cv=-+provider-missing: CV 2616 "Legion of Super-Heroes" 1973 DC Comics 4 issues — far (gap 16), found by 'Legion of Super-Heroes' (via our own name without the filing suffix "Legion of Super-Heroes"); invisible before TODO 30
S98217	g	S cv=-+provider-missing: CV 11059 "Legion of Super-Heroes" 2005 DC Comics 30 issues — far (gap 16), found by 'Legion of Super-Heroes' (via our own name without the filing suffix "Legion of Super-Heroes"); invisible before TODO 30
S98489	g	S cv=-+provider-missing: CV 80115 "Marvel Universe Guardians of the Galaxy" 2015 Marvel 4 issues — near (gap 0), found by 'Marvel Universe Guardians of the Galaxy' (via our own name without the filing suffix "Marvel Universe Guardians of the Galaxy"); invisible before TODO 30
S98489	g	S cv=-+provider-missing: CV 85120 "Marvel Universe Guardians of the Galaxy" 2015 Marvel 23 issues — near (gap 0), found by 'Marvel Universe Guardians of the Galaxy' (via our own name without the filing suffix "Marvel Universe Guardians of the Galaxy"); invisible before TODO 30
S98489	g	S cv=-+provider-missing: CV 89302 "Marvel Universe Guardians of the Galaxy" 2016 Marvel 6 issues — near (gap 1), found by 'Marvel Universe Guardians of the Galaxy' (via our own name without the filing suffix "Marvel Universe Guardians of the Galaxy"); invisible before TODO 30
S99456	g	S cv=-: CV 42919 "Red Hood and the Outlaws" 2011 DC Comics 41 issues — near (gap 0), found by 'Red Hood and the Outlaws' (via our own name without the filing suffix "Red Hood and the Outlaws"); invisible before TODO 30
S99456	g	S cv=-: CV 92966 "Red Hood & the Outlaws" 2016 DC Comics 26 issues — far (gap 5), found by 'Red Hood & the Outlaws' (via our own name without the filing suffix "Red Hood & the Outlaws"); invisible before TODO 30
S100188	g	S cv=-: CV 2624 "Sword of Sorcery" 1973 DC Comics 5 issues — near (gap 0), found by 'Sword of Sorcery' (via our own name without the filing suffix "Sword of Sorcery"); invisible before TODO 30
S100188	g	S cv=-: CV 52242 "Sword of Sorcery" 2012 DC Comics 9 issues — far (gap 39), found by 'Sword of Sorcery' (via our own name without the filing suffix "Sword of Sorcery"); invisible before TODO 30
S102390	g	S cv=-: CV 4398 "Guardians of the Galaxy" 1990 Marvel 62 issues — near (gap 1), found by 'Guardians of the Galaxy' (via our own name without the filing suffix "Guardians of the Galaxy"); invisible before TODO 30
S102390	g	S cv=-: CV 21550 "Guardians of the Galaxy" 2008 Marvel 25 issues — far (gap 17), found by 'Guardians of the Galaxy' (via our own name without the filing suffix "Guardians of the Galaxy"); invisible before TODO 30
S102390	g	S cv=-: CV 57960 "Guardians of the Galaxy" 2013 Marvel 28 issues — far (gap 22), found by 'Guardians of the Galaxy' (via our own name without the filing suffix "Guardians of the Galaxy"); invisible before TODO 30
S102390	g	S cv=-: CV 84159 "Guardians of the Galaxy" 2014 Panini Verlag 7 issues — far (gap 23), found by 'Guardians of the Galaxy' (via our own name without the filing suffix "Guardians of the Galaxy"); invisible before TODO 30
S102390	g	S cv=-: CV 81904 "Guardians of the Galaxy" 2015 Marvel 5 issues — far (gap 24), found by 'Guardians of the Galaxy' (via our own name without the filing suffix "Guardians of the Galaxy"); invisible before TODO 30
S102390	g	S cv=-: CV 85290 "Guardians of the Galaxy" 2015 Marvel 20 issues — far (gap 24), found by 'Guardians of the Galaxy' (via our own name without the filing suffix "Guardians of the Galaxy"); invisible before TODO 30
S102400	g	S cv=-: CV 105759 "Guardians of the Galaxy" 2017 Marvel 5 issues — near (gap 0), found by 'Guardians of the Galaxy' (via CV name "Guardians of the Galaxy"); invisible before TODO 30
S102400	g	S cv=-: CV 89302 "Marvel Universe Guardians of the Galaxy" 2016 Marvel 6 issues — near (gap 1), found by 'Marvel Universe Guardians of the Galaxy' (via our own name without the filing suffix "Marvel Universe Guardians of the Galaxy"); invisible before TODO 30
S102400	g	S cv=-: CV 146623 "Guardians of the Galaxy" 2016 Panini Verlag 8 issues — near (gap 1), found by 'Guardians of the Galaxy' (via CV name "Guardians of the Galaxy"); invisible before TODO 30
S102400	g	S cv=-: CV 80115 "Marvel Universe Guardians of the Galaxy" 2015 Marvel 4 issues — far (gap 2), found by 'Marvel Universe Guardians of the Galaxy' (via our own name without the filing suffix "Marvel Universe Guardians of the Galaxy"); invisible before TODO 30
S102400	g	S cv=-: CV 81904 "Guardians of the Galaxy" 2015 Marvel 5 issues — far (gap 2), found by 'Guardians of the Galaxy' (via CV name "Guardians of the Galaxy"); invisible before TODO 30
S102400	g	S cv=-: CV 85120 "Marvel Universe Guardians of the Galaxy" 2015 Marvel 23 issues — far (gap 2), found by 'Marvel Universe Guardians of the Galaxy' (via our own name without the filing suffix "Marvel Universe Guardians of the Galaxy"); invisible before TODO 30
S102443	g	S cv=-: CV 2701 "The Savage Sword of Conan" 1974 Marvel 235 issues — near (gap 0), found by 'The Savage Sword of Conan' (via our own name without the filing suffix "The Savage Sword of Conan"); invisible before TODO 30
S102443	g	S cv=-: CV 20391 "The Savage Sword of Conan" 1975 Marvel UK/Panini UK 18 issues — near (gap 1), found by 'The Savage Sword of Conan' (via our own name without the filing suffix "The Savage Sword of Conan"); invisible before TODO 30
S102443	g	S cv=-: CV 47760 "Savage Sword of Conan" 1977 Marvel UK/Panini UK 93 issues — far (gap 3), found by 'The Savage Sword of Conan' (via our own name without the filing suffix "The Savage Sword of Conan"); invisible before TODO 30
S102443	g	S cv=-: CV 21975 "The Savage Sword of Conan" 2007 Dark Horse Comics 22 issues — far (gap 33), found by 'The Savage Sword of Conan' (via our own name without the filing suffix "The Savage Sword of Conan"); invisible before TODO 30
S102443	g	S cv=-: CV 120279 "The Savage Sword Of Conan " 2017 Hachette 4 issues — far (gap 43), found by 'The Savage Sword of Conan' (via our own name without the filing suffix "The Savage Sword of Conan"); invisible before TODO 30
S102443	g	S cv=-: CV 117080 "The Savage Sword of Conan" 2019 Marvel 12 issues — far (gap 45), found by 'The Savage Sword of Conan' (via our own name without the filing suffix "The Savage Sword of Conan"); invisible before TODO 30
S102466	g	S cv=-: CV 125714 "Original Cat-Man and Kitten Retro Comics" 1997 AC Comics 1 issues — near (gap 0), found by 'Original Cat-Man and Kitten Retro Comics' (via CV name "Original Cat-Man and Kitten Retro Comics"); invisible before TODO 30
S102483	g	provider-missing: CV 150761 "Fairest of All" 2023 Disney-Hyperion 1 issues — near (gap 0), found by 'Fairest of All' (via CV name "Fairest of All"); invisible before TODO 30
S102550	g	provider-missing: CV 148325 "Masters of the Universe: Masterverse" 2023 Dark Horse Comics 4 issues — near (gap 0), found by 'Masters of the Universe: Masterverse' (via CV name "Masters of the Universe: Masterverse"); invisible before TODO 30
S102550	g	provider-missing: CV 155980 "Masters of the Universe: Masterverse" 2024 Panini Verlag 1 issues — near (gap 1), found by 'Masters of the Universe: Masterverse' (via CV name "Masters of the Universe: Masterverse"); invisible before TODO 30
S102550	g	provider-missing: CV 158321 "Masters of the Universe: Masterverse" ? Dark Horse Comics 1 issues — far, found by 'Masters of the Universe: Masterverse' (via CV name "Masters of the Universe: Masterverse"); invisible before TODO 30
S103000	g	provider-missing: CV 109207 "Sea of Thieves" 2018 Titan Comics 4 issues — near (gap 1), found by 'Sea of Thieves' (via CV name "Sea of Thieves"); invisible before TODO 30
S103000	g	provider-missing: CV 113730 "Sea of Thieves" 2018 Titan Comics 1 issues — near (gap 1), found by 'Sea of Thieves' (via CV name "Sea of Thieves"); invisible before TODO 30
S103000	g	provider-missing: CV 134597 "Sea of Thieves" 2021 Titan Comics 3 issues — far (gap 2), found by 'Sea of Thieves' (via CV name "Sea of Thieves"); invisible before TODO 30
S103001	g	provider-missing: CV 109207 "Sea of Thieves" 2018 Titan Comics 4 issues — near (gap 1), found by 'Sea of Thieves' (via CV name "Sea of Thieves"); invisible before TODO 30
S103001	g	provider-missing: CV 113730 "Sea of Thieves" 2018 Titan Comics 1 issues — near (gap 1), found by 'Sea of Thieves' (via CV name "Sea of Thieves"); invisible before TODO 30
S103001	g	provider-missing: CV 134597 "Sea of Thieves" 2021 Titan Comics 3 issues — far (gap 2), found by 'Sea of Thieves' (via CV name "Sea of Thieves"); invisible before TODO 30
S103003	g	provider-missing: CV 109207 "Sea of Thieves" 2018 Titan Comics 4 issues — near (gap 1), found by 'Sea of Thieves' (via CV name "Sea of Thieves"); invisible before TODO 30
S103003	g	provider-missing: CV 113730 "Sea of Thieves" 2018 Titan Comics 1 issues — near (gap 1), found by 'Sea of Thieves' (via CV name "Sea of Thieves"); invisible before TODO 30
S103003	g	provider-missing: CV 134597 "Sea of Thieves" 2021 Titan Comics 3 issues — far (gap 2), found by 'Sea of Thieves' (via CV name "Sea of Thieves"); invisible before TODO 30
S103065	g	provider-missing: CV 135730 "Bettie Page: Queen of the Nile" 2021 Dynamite Entertainment 1 issues — near (gap 0), found by 'Bettie Page: Queen of the Nile' (via our own name without the filing suffix "Bettie Page: Queen of the Nile"); invisible before TODO 30
S103210	g	S cv=-: CV 39882 "Planet of the Apes" 2011 Boom! Studios 16 issues — near (gap 0), found by 'Planet of the Apes' (via our own name without the filing suffix "Planet of the Apes"); invisible before TODO 30
S103210	g	S cv=-: CV 49156 "Planet of the Apes" 2011 Boom! Studios 5 issues — near (gap 0), found by 'Planet of the Apes' (via our own name without the filing suffix "Planet of the Apes"); invisible before TODO 30
S103210	g	S cv=-: CV 27990 "Planet of the Apes" 2001 Dark Horse Comics 6 issues — far (gap 10), found by 'Planet of the Apes' (via our own name without the filing suffix "Planet of the Apes"); invisible before TODO 30
S103210	g	S cv=-: CV 149308 "Planet of the Apes" 2023 Marvel 5 issues — far (gap 12), found by 'Planet of the Apes' (via our own name without the filing suffix "Planet of the Apes"); invisible before TODO 30
S103210	g	S cv=-: CV 29952 "Planet of the Apes" 1990 Adventure 24 issues — far (gap 21), found by 'Planet of the Apes' (via our own name without the filing suffix "Planet of the Apes"); invisible before TODO 30
S103210	g	S cv=-: CV 2699 "Planet of the Apes" 1974 Marvel 29 issues — far (gap 37), found by 'Planet of the Apes' (via our own name without the filing suffix "Planet of the Apes"); invisible before TODO 30
S103454	g	provider-missing: CV 112575 "DC Super Hero Girls: Out of the Bottle" 2018 DC Comics 1 issues — near (gap 1), found by 'DC Super Hero Girls: Out of the Bottle' (via our own name without the filing suffix "DC Super Hero Girls: Out of the Bottle"); invisible before TODO 30
S103474	g	S cv=-: CV 132279 "Love and Capes: The Family Way" 2020 IDW Publishing 1 issues — near (gap 0), found by 'Love and Capes: The Family Way' (via our own name without the filing suffix "Love and Capes: The Family Way"); invisible before TODO 30
S103692	g	S cv=-: CV 150441 "Iron Man Epic Collection: The Crossing" 2023 Marvel 1 issues — near (gap 0), found by 'Iron Man Epic Collection: The Crossing' (via CV name "Iron Man Epic Collection: The Crossing"); invisible before TODO 30
S103782	g	provider-missing: CV 62344 "Adventures of Superman" 2013 DC Comics 17 issues — near (gap 0), found by 'Adventures of Superman' (via our own name without the filing suffix "Adventures of Superman"); invisible before TODO 30
S103782	g	provider-missing: CV 73098 "Adventures of Superman" 2014 DC Comics 3 issues — near (gap 1), found by 'Adventures of Superman' (via our own name without the filing suffix "Adventures of Superman"); invisible before TODO 30
S103782	g	provider-missing: CV 3778 "Adventures of Superman" 1987 DC Comics 228 issues — far (gap 26), found by 'Adventures of Superman' (via our own name without the filing suffix "Adventures of Superman"); invisible before TODO 30
