# shelf	signal	detail   (triage_09.py; feed: next_batch.py --s2-file)
S37	a-C	cv 19752 named by 40 C line(s) on books of S66465
S37	e	2332 files
S77	b	1/1 per-file CV links name another volume (94098x1)
S128	e	40 files
S130	b	2/2 per-file CV links name another volume (135362x2)
S186	c	item 36221 judged #15-25 does not fit the S run (cv - count -, gcd 81795 count 2)
S186	c	item 36220 judged #1-13 does not fit the S run (cv - count -, gcd 81795 count 2)
S208	d	provider-disagrees item 37824
S277	e	22 files
S297	a-S	gcd 112605 is also the S of S296
S327	c	item 41232 judged #43-48 does not fit the S run (cv 114209 count 9, gcd 131225 count 6)
S327	c	item 41233 judged #49-54 does not fit the S run (cv 114209 count 9, gcd 131225 count 6)
S327	c	item 41230 judged #31-36 does not fit the S run (cv 114209 count 9, gcd 131225 count 6)
S327	c	item 41231 judged #37-42 does not fit the S run (cv 114209 count 9, gcd 131225 count 6)
S327	c	item 41227 judged #10-17 does not fit the S run (cv 114209 count 9, gcd 131225 count 6)
S327	c	item 41228 judged #18-24 does not fit the S run (cv 114209 count 9, gcd 131225 count 6)
S327	c	item 41229 judged #25-30 does not fit the S run (cv 114209 count 9, gcd 131225 count 6)
S344	a-C	cv 20473 named by 1 C line(s) on books of S64085
S344	a-C	gcd 31065 named by 1 C line(s) on books of S64085
S344	b	6/6 per-file CV links name another volume (59507x5, 44829x1)
S344	f	1 shelf/shelves merged in after the wave that landed R-076 (2026-09-23): S103860
S363	b	38/39 per-file CV links name another volume (37163x38)
S363	e	39 files
S381	a-C	gcd 97 named by 1 C line(s) on books of S18388
S381	a-I	gcd 97 named by 1 I line(s) on books of S3420
S381	e	1068 files
S391	c	item 109745 judged #1-5 does not fit the S run (cv 147312 count 4, gcd - count -)
S392	b	1/1 per-file CV links name another volume (93959x1)
S441	b	2/2 per-file CV links name another volume (68330x2)
S447	a-C	cv 116485 named by 1 C line(s) on books of S103644
S465	b	1/1 per-file CV links name another volume (67888x1)
S493	c	item 46194 judged #33-48 does not fit the S run (cv 114031 count 5, gcd 130915 count 5)
S493	c	item 46195 judged #49-64 does not fit the S run (cv 114031 count 5, gcd 130915 count 5)
S493	c	item 46196 judged #65-82 does not fit the S run (cv 114031 count 5, gcd 130915 count 5)
S493	c	item 46192 judged #1-16 does not fit the S run (cv 114031 count 5, gcd 130915 count 5)
S493	c	item 46193 judged #17-32 does not fit the S run (cv 114031 count 5, gcd 130915 count 5)
S515	d	provider-disagrees item 36235
S520	b	1/1 per-file CV links name another volume (20988x1)
S536	d	duplicate-edition item 117942
S536	d	label-ambiguous item 117942
S547	c	item 40474 judged #120-125 does not fit the S run (cv 96596 count 12, gcd 117889 count 12)
S547	c	item 40475 judged #126-130 does not fit the S run (cv 96596 count 12, gcd 117889 count 12)
S547	c	item 40468 judged #72-85 does not fit the S run (cv 96596 count 12, gcd 117889 count 12)
S547	c	item 40469 judged #86-97 does not fit the S run (cv 96596 count 12, gcd 117889 count 12)
S547	c	item 40470 judged #98-105 does not fit the S run (cv 96596 count 12, gcd 117889 count 12)
S547	c	item 40471 judged #106-112 does not fit the S run (cv 96596 count 12, gcd 117889 count 12)
S547	c	item 40472 judged #113-119 does not fit the S run (cv 96596 count 12, gcd 117889 count 12)
S547	c	item 40465 judged #20-36 does not fit the S run (cv 96596 count 12, gcd 117889 count 12)
S547	c	item 40466 judged #37-54 does not fit the S run (cv 96596 count 12, gcd 117889 count 12)
S547	c	item 40467 judged #55-71 does not fit the S run (cv 96596 count 12, gcd 117889 count 12)
S547	c	item 40464 judged #1-19 does not fit the S run (cv 96596 count 12, gcd 117889 count 12)
S553	d	provider-disagrees item 34592
S555	b	15/15 per-file CV links name another volume (137576x15)
S555	c	item 40609 judged #15-19 does not fit the S run (cv 77588 count 17, gcd 91746 count 16)
S555	c	item 40619 judged #63-67 does not fit the S run (cv 77588 count 17, gcd 91746 count 16)
S555	c	item 40620 judged #68-73 does not fit the S run (cv 77588 count 17, gcd 91746 count 16)
S555	c	item 40622 judged #79-83 does not fit the S run (cv 77588 count 17, gcd 91746 count 16)
S555	c	item 40617 judged #54-57 does not fit the S run (cv 77588 count 17, gcd 91746 count 16)
S555	c	item 40618 judged #58-62 does not fit the S run (cv 77588 count 17, gcd 91746 count 16)
S555	c	item 40621 judged #74-78 does not fit the S run (cv 77588 count 17, gcd 91746 count 16)
S555	c	item 40616 judged #49-53 does not fit the S run (cv 77588 count 17, gcd 91746 count 16)
S555	c	item 40614 judged #39-43 does not fit the S run (cv 77588 count 17, gcd 91746 count 16)
S555	c	item 40615 judged #44-48 does not fit the S run (cv 77588 count 17, gcd 91746 count 16)
S555	c	item 40612 judged #29-33 does not fit the S run (cv 77588 count 17, gcd 91746 count 16)
S555	c	item 40613 judged #34-38 does not fit the S run (cv 77588 count 17, gcd 91746 count 16)
S555	c	item 40610 judged #20-24 does not fit the S run (cv 77588 count 17, gcd 91746 count 16)
S555	c	item 40611 judged #25-28 does not fit the S run (cv 77588 count 17, gcd 91746 count 16)
S555	e	32 files
S638	d	provider-disagrees item 47994
S702	b	1/1 per-file CV links name another volume (155010x1)
S729	b	1/1 per-file CV links name another volume (81829x1)
S735	c	item 80311 judged #146-150 does not fit the S run (cv 101158 count 12, gcd 113811 count 12)
S735	d	arithmetic-odd item 80309
S737	b	2/2 per-file CV links name another volume (85929x2)
S757	d	provider-disagrees item 52909
S768	b	7/7 per-file CV links name another volume (1403x7)
S776	e	44 files
S792	d	label-ambiguous item 88663
S792	e	26 files
S824	a-C	cv 5533 named by 1 C line(s) on books of S871
S824	a-C	cv 5533 named by 1 C line(s) on books of S11513
S824	a-C	gcd 1514 named by 1 C line(s) on books of S871
S824	a-C	gcd 1514 named by 1 C line(s) on books of S11513
S863	a-I	cv 89345 named by 7 I line(s) on books of S103529
S863	a-I	gcd 99294 named by 7 I line(s) on books of S103529
S863	d	duplicate-edition item 93950
S863	d	duplicate-edition item 93951
S863	d	duplicate-edition item 118237
S863	d	label-ambiguous item 118237
S863	d	provider-disagrees item 94747
S894	a-I	cv 115556 named by 15 I line(s) on books of S95051
S894	a-I	gcd 134601 named by 15 I line(s) on books of S95051
S912	e	29 files
S919	c	item 43986 judged #1-21 does not fit the S run (cv 140092 count 1, gcd - count -)
S927	b	6/6 per-file CV links name another volume (78056x6)
S928	b	6/6 per-file CV links name another volume (84746x6)
S929	b	5/5 per-file CV links name another volume (91873x5)
S956	e	37 files
S956	f	42 files when C-058 was read, 37 now (files left the shelf — a split?)
S1002	e	27 files
S1028	d	label-ambiguous item 30289
S1061	e	31 files
S1159	b	2/2 per-file CV links name another volume (50083x2)
S1160	b	13/13 per-file CV links name another volume (5230x12, 91738x1)
S1160	d	provider-disagrees item 58797
S1165	b	1/1 per-file CV links name another volume (91284x1)
S1202	d	label-ambiguous item 11651
S1212	e	525 files
S1216	b	3/3 per-file CV links name another volume (24359x3)
S1230	b	1/1 per-file CV links name another volume (168947x1)
S1242	b	7/7 per-file CV links name another volume (1898x7)
S1247	b	1/1 per-file CV links name another volume (160843x1)
S1266	a-S	gcd 167909 is also the S of S102576
S1266	b	2/2 per-file CV links name another volume (115868x2)
S1270	b	1/1 per-file CV links name another volume (114232x1)
S1287	c	item 43233 judged #11-15 does not fit the S run (cv 50090 count 12, gcd 83670 count 12)
S1287	c	item 43234 judged #16-20 does not fit the S run (cv 50090 count 12, gcd 83670 count 12)
S1287	c	item 43235 judged #21-25 does not fit the S run (cv 50090 count 12, gcd 83670 count 12)
S1287	c	item 43236 judged #26-30 does not fit the S run (cv 50090 count 12, gcd 83670 count 12)
S1287	c	item 43237 judged #31-35 does not fit the S run (cv 50090 count 12, gcd 83670 count 12)
S1287	c	item 43238 judged #36-40 does not fit the S run (cv 50090 count 12, gcd 83670 count 12)
S1287	c	item 43239 judged #41-45 does not fit the S run (cv 50090 count 12, gcd 83670 count 12)
S1287	c	item 43240 judged #46-50 does not fit the S run (cv 50090 count 12, gcd 83670 count 12)
S1287	c	item 43241 judged #51-55 does not fit the S run (cv 50090 count 12, gcd 83670 count 12)
S1287	c	item 43242 judged #56-60 does not fit the S run (cv 50090 count 12, gcd 83670 count 12)
S1294	e	36 files
S1309	b	5/5 per-file CV links name another volume (82340x5)
S1312	b	17/17 per-file CV links name another volume (26141x17)
S1337	c	item 43300 judged #6-10 does not fit the S run (cv 114107 count 3, gcd - count -)
S1337	c	item 43299 judged #1-5 does not fit the S run (cv 114107 count 3, gcd - count -)
S1352	c	item 43527 judged #25-29 does not fit the S run (cv 119794 count 25, gcd - count -)
S1361	c	item 43602 judged #5-9 does not fit the S run (cv 129852 count 4, gcd 230880 count 4)
S1361	c	item 43603 judged #10-14 does not fit the S run (cv 129852 count 4, gcd 230880 count 4)
S1373	f	1 shelf/shelves merged in after the wave that landed R-040 (2026-09-23): S103049
S1376	b	1/1 per-file CV links name another volume (62104x1)
S1531	a-I	cv 35544 named by 1 I line(s) on books of S95223
S1559	a-S	gcd 115042 is also the S of S1690
S1568	e	22 files
S1569	e	31 files
S1589	a-S	gcd 74603 is also the S of S1590
S1589	a-S	gcd 74603 is also the S of S1591
S1589	a-S	gcd 74603 is also the S of S1592
S1589	a-S	gcd 74603 is also the S of S1593
S1589	a-S	gcd 74603 is also the S of S1594
S1589	a-S	gcd 74603 is also the S of S1595
S1589	a-S	gcd 74603 is also the S of S1596
S1589	a-S	gcd 74603 is also the S of S1597
S1589	a-S	gcd 74603 is also the S of S1598
S1589	a-S	gcd 74603 is also the S of S1599
S1589	a-S	gcd 74603 is also the S of S1600
S1589	d	provider-disagrees item 53308
S1590	a-S	gcd 74603 is also the S of S1589
S1590	a-S	gcd 74603 is also the S of S1591
S1590	a-S	gcd 74603 is also the S of S1592
S1590	a-S	gcd 74603 is also the S of S1593
S1590	a-S	gcd 74603 is also the S of S1594
S1590	a-S	gcd 74603 is also the S of S1595
S1590	a-S	gcd 74603 is also the S of S1596
S1590	a-S	gcd 74603 is also the S of S1597
S1590	a-S	gcd 74603 is also the S of S1598
S1590	a-S	gcd 74603 is also the S of S1599
S1590	a-S	gcd 74603 is also the S of S1600
S1591	a-S	gcd 74603 is also the S of S1589
S1591	a-S	gcd 74603 is also the S of S1590
S1591	a-S	gcd 74603 is also the S of S1592
S1591	a-S	gcd 74603 is also the S of S1596
S1592	a-S	gcd 74603 is also the S of S1589
S1592	a-S	gcd 74603 is also the S of S1590
S1592	a-S	gcd 74603 is also the S of S1591
S1592	a-S	gcd 74603 is also the S of S1593
S1592	a-S	gcd 74603 is also the S of S1594
S1592	a-S	gcd 74603 is also the S of S1595
S1592	a-S	gcd 74603 is also the S of S1597
S1592	a-S	gcd 74603 is also the S of S1598
S1592	a-S	gcd 74603 is also the S of S1599
S1592	a-S	gcd 74603 is also the S of S1600
S1593	a-S	gcd 74603 is also the S of S1589
S1593	a-S	gcd 74603 is also the S of S1590
S1593	a-S	gcd 74603 is also the S of S1592
S1593	a-S	gcd 74603 is also the S of S1594
S1593	a-S	gcd 74603 is also the S of S1595
S1593	a-S	gcd 74603 is also the S of S1596
S1593	a-S	gcd 74603 is also the S of S1597
S1593	a-S	gcd 74603 is also the S of S1598
S1593	a-S	gcd 74603 is also the S of S1599
S1593	a-S	gcd 74603 is also the S of S1600
S1594	a-S	gcd 74603 is also the S of S1589
S1594	a-S	gcd 74603 is also the S of S1590
S1594	a-S	gcd 74603 is also the S of S1592
S1594	a-S	gcd 74603 is also the S of S1593
S1594	a-S	gcd 74603 is also the S of S1595
S1594	a-S	gcd 74603 is also the S of S1596
S1594	a-S	gcd 74603 is also the S of S1597
S1594	a-S	gcd 74603 is also the S of S1598
S1594	a-S	gcd 74603 is also the S of S1599
S1594	a-S	gcd 74603 is also the S of S1600
S1595	a-S	gcd 74603 is also the S of S1589
S1595	a-S	gcd 74603 is also the S of S1590
S1595	a-S	gcd 74603 is also the S of S1592
S1595	a-S	gcd 74603 is also the S of S1593
S1595	a-S	gcd 74603 is also the S of S1594
S1595	a-S	gcd 74603 is also the S of S1596
S1595	a-S	gcd 74603 is also the S of S1597
S1595	a-S	gcd 74603 is also the S of S1598
S1595	a-S	gcd 74603 is also the S of S1599
S1595	a-S	gcd 74603 is also the S of S1600
S1596	a-S	gcd 74603 is also the S of S1589
S1596	a-S	gcd 74603 is also the S of S1590
S1596	a-S	gcd 74603 is also the S of S1591
S1596	a-S	gcd 74603 is also the S of S1593
S1596	a-S	gcd 74603 is also the S of S1594
S1596	a-S	gcd 74603 is also the S of S1595
S1596	a-S	gcd 74603 is also the S of S1597
S1596	a-S	gcd 74603 is also the S of S1598
S1596	a-S	gcd 74603 is also the S of S1599
S1596	a-S	gcd 74603 is also the S of S1600
S1597	a-S	gcd 74603 is also the S of S1589
S1597	a-S	gcd 74603 is also the S of S1590
S1597	a-S	gcd 74603 is also the S of S1592
S1597	a-S	gcd 74603 is also the S of S1593
S1597	a-S	gcd 74603 is also the S of S1594
S1597	a-S	gcd 74603 is also the S of S1595
S1597	a-S	gcd 74603 is also the S of S1596
S1597	a-S	gcd 74603 is also the S of S1598
S1597	a-S	gcd 74603 is also the S of S1599
S1597	a-S	gcd 74603 is also the S of S1600
S1598	a-S	gcd 74603 is also the S of S1589
S1598	a-S	gcd 74603 is also the S of S1590
S1598	a-S	gcd 74603 is also the S of S1592
S1598	a-S	gcd 74603 is also the S of S1593
S1598	a-S	gcd 74603 is also the S of S1594
S1598	a-S	gcd 74603 is also the S of S1595
S1598	a-S	gcd 74603 is also the S of S1596
S1598	a-S	gcd 74603 is also the S of S1597
S1598	a-S	gcd 74603 is also the S of S1599
S1598	a-S	gcd 74603 is also the S of S1600
S1599	a-S	gcd 74603 is also the S of S1589
S1599	a-S	gcd 74603 is also the S of S1590
S1599	a-S	gcd 74603 is also the S of S1592
S1599	a-S	gcd 74603 is also the S of S1593
S1599	a-S	gcd 74603 is also the S of S1594
S1599	a-S	gcd 74603 is also the S of S1595
S1599	a-S	gcd 74603 is also the S of S1596
S1599	a-S	gcd 74603 is also the S of S1597
S1599	a-S	gcd 74603 is also the S of S1598
S1599	a-S	gcd 74603 is also the S of S1600
S1600	a-S	gcd 74603 is also the S of S1589
S1600	a-S	gcd 74603 is also the S of S1590
S1600	a-S	gcd 74603 is also the S of S1592
S1600	a-S	gcd 74603 is also the S of S1593
S1600	a-S	gcd 74603 is also the S of S1594
S1600	a-S	gcd 74603 is also the S of S1595
S1600	a-S	gcd 74603 is also the S of S1596
S1600	a-S	gcd 74603 is also the S of S1597
S1600	a-S	gcd 74603 is also the S of S1598
S1600	a-S	gcd 74603 is also the S of S1599
S1605	a-C	cv 142067 named by 1 C line(s) on books of S1604
S1626	e	63 files
S1627	e	65 files
S1629	a-C	cv 18494 named by 2 C line(s) on books of S1632
S1629	a-C	gcd 3830 named by 2 C line(s) on books of S1632
S1629	e	78 files
S1632	a-S	gcd 130433 is also the S of S1633
S1632	a-S	gcd 130433 is also the S of S1635
S1632	a-S	gcd 130433 is also the S of S1636
S1633	a-S	gcd 130433 is also the S of S1632
S1633	a-S	gcd 130433 is also the S of S1634
S1634	a-S	gcd 130433 is also the S of S1633
S1634	a-S	gcd 130433 is also the S of S1635
S1634	a-S	gcd 130433 is also the S of S1636
S1634	d	label-ambiguous item 53960
S1635	a-S	gcd 130433 is also the S of S1632
S1635	a-S	gcd 130433 is also the S of S1634
S1635	a-S	gcd 130433 is also the S of S1636
S1636	a-S	gcd 130433 is also the S of S1632
S1636	a-S	gcd 130433 is also the S of S1634
S1636	a-S	gcd 130433 is also the S of S1635
S1649	b	8/8 per-file CV links name another volume (114043x5, 150431x1, 144093x1)
S1657	c	item 117983 RANGE CONTRADICTED by GCD notes (count): judged #0-12, GCD says the digital comics Avengers vs. X-Men: Infinite (2012) #1, #6
S1677	a-I	cv 32342 named by 1 I line(s) on books of S95223
S1689	d	label-ambiguous item 118076
S1690	a-S	gcd 115042 is also the S of S1559
S1711	e	90 files
S1712	b	1/1 per-file CV links name another volume (145481x1)
S1715	e	26 files
S1728	e	34 files
S1743	b	4/4 per-file CV links name another volume (139299x3, 158524x1)
S1816	e	37 files
S1839	a-S	gcd 175880 is also the S of S1843
S1854	b	1/1 per-file CV links name another volume (138684x1)
S1868	e	64 files
S1886	d	provider-disagrees item 61678
S1886	e	114 files
S1901	b	7/7 per-file CV links name another volume (40090x7)
S1902	d	provider-disagrees item 61690
S1902	e	42 files
S1955	b	2/2 per-file CV links name another volume (38208x2)
S1970	d	label-ambiguous item 62755
S1979	b	1/1 per-file CV links name another volume (44947x1)
S1990	a-C	cv 145157 named by 1 C line(s) on books of S36404
S1990	a-I	cv 145157 named by 1 I line(s) on books of S36404
S1990	a-C	gcd 189456 named by 1 C line(s) on books of S36404
S1990	a-I	gcd 189456 named by 1 I line(s) on books of S36404
S2012	b	1/1 per-file CV links name another volume (93180x1)
S2017	e	24 files
S2018	e	53 files
S2021	d	label-ambiguous item 62199
S2021	e	27 files
S2028	e	55 files
S2042	e	46 files
S2052	d	provider-disagrees item 62434
S2060	a-I	gcd 214154 named by 1 I line(s) on books of S94555
S2095	a-I	cv 168733 named by 1 I line(s) on books of S94865
S2095	a-I	gcd 215499 named by 1 I line(s) on books of S94865
S2099	e	55 files
S2139	a-S	gcd 60920 is also the S of S94554
S2139	b	41/41 per-file CV links name another volume (26584x41)
S2139	e	42 files
S2148	b	1/1 per-file CV links name another volume (160387x1)
S2165	d	label-ambiguous item 62869
S2167	f	3 shelf/shelves merged in after the wave that landed B-008 (2026-09-10): S2168, S2169, S2170
S2173	a-C	cv 93375 named by 1 C line(s) on books of S5274
S2173	a-C	gcd 105634 named by 1 C line(s) on books of S5274
S2173	d	provider-disagrees item 64322
S2197	b	1/1 per-file CV links name another volume (140252x1)
S2200	e	78 files
S2205	b	2/2 per-file CV links name another volume (9367x2)
S2226	a-I	cv 150502 named by 2 I line(s) on books of S94865
S2226	a-I	gcd 203114 named by 4 I line(s) on books of S94865
S2235	e	21 files
S2256	d	provider-disagrees item 62184
S2256	e	58 files
S2267	b	1/1 per-file CV links name another volume (18734x1)
S2288	d	label-ambiguous item 61401
S2306	c	item 40655 judged #30-35 does not fit the S run (cv 101680 count 9, gcd - count -)
S2306	c	item 40656 judged #36-41 does not fit the S run (cv 101680 count 9, gcd - count -)
S2306	c	item 40657 judged #42-47 does not fit the S run (cv 101680 count 9, gcd - count -)
S2308	c	item 40660 judged #19-37 does not fit the S run (cv 27342 count 19, gcd 79125 count 5)
S2308	c	item 40661 judged #38-55 does not fit the S run (cv 27342 count 19, gcd 79125 count 5)
S2308	c	item 40662 judged #56-74 does not fit the S run (cv 27342 count 19, gcd 79125 count 5)
S2308	c	item 40663 judged #75-93 does not fit the S run (cv 27342 count 19, gcd 79125 count 5)
S2308	c	item 40667 judged #116-124 does not fit the S run (cv 27342 count 19, gcd 79125 count 5)
S2308	c	item 40665 judged #100-105 does not fit the S run (cv 27342 count 19, gcd 79125 count 5)
S2308	c	item 40666 judged #106-115 does not fit the S run (cv 27342 count 19, gcd 79125 count 5)
S2308	c	item 40664 judged #94-99 does not fit the S run (cv 27342 count 19, gcd 79125 count 5)
S2357	e	21 files
S2359	e	26 files
S2374	c	item 43679 judged #8-16 does not fit the S run (cv 121130 count 3, gcd 151730 count 3)
S2374	c	item 43680 judged #17-27 does not fit the S run (cv 121130 count 3, gcd 151730 count 3)
S2374	c	item 43678 judged #1-7 does not fit the S run (cv 121130 count 3, gcd 151730 count 3)
S2404	b	1/1 per-file CV links name another volume (51266x1)
S2413	b	3/3 per-file CV links name another volume (162015x3)
S2441	b	1/1 per-file CV links name another volume (113211x1)
S2506	b	1/1 per-file CV links name another volume (68908x1)
S2510	b	4/4 per-file CV links name another volume (18221x4)
S2540	b	1/1 per-file CV links name another volume (45525x1)
S2564	b	6/6 per-file CV links name another volume (125495x6)
S2607	a-I	cv 18996 named by 1 I line(s) on books of S2613
S2613	a-C	gcd 6991 named by 1 C line(s) on books of S65356
S2613	e	131 files
S2622	c	item 32796 RANGE CONTRADICTED by GCD notes (multi): judged #1-5, GCD says Birthright (Image)(2014) #1; through #5
S2622	d	duplicate-edition item 32801
S2622	d	label-ambiguous item 32801
S2644	b	1/1 per-file CV links name another volume (39837x1)
S2741	b	2/2 per-file CV links name another volume (11502x2)
S2741	f	1 shelf/shelves merged in after the wave that landed R-045 (2026-09-23): S103532
S2755	a-S	gcd 108630 is also the S of S2756
S2756	a-S	gcd 108630 is also the S of S2755
S2772	a-I	gcd 103773 named by 1 I line(s) on books of S95617
S2828	a-C	cv 30162 named by 2 C line(s) on books of S18600
S2828	a-C	gcd 39990 named by 2 C line(s) on books of S18600
S2836	a-C	cv 30163 named by 2 C line(s) on books of S101470
S2836	a-C	gcd 39991 named by 2 C line(s) on books of S101470
S2839	b	6/6 per-file CV links name another volume (106195x6)
S2839	d	label-ambiguous item 109081
S2862	d	label-ambiguous item 111858
S2865	a-C	cv 146794 named by 2 C line(s) on books of S2862
S2865	a-C	gcd 193782 named by 2 C line(s) on books of S2862
S2923	b	1/1 per-file CV links name another volume (20840x1)
S2934	e	25 files
S2951	c	item 43076 judged #16-24 does not fit the S run (cv 125341 count 17, gcd 171046 count 13)
S2951	c	item 43089 judged #137-145 does not fit the S run (cv 125341 count 17, gcd 171046 count 13)
S2951	c	item 43090 judged #146-153 does not fit the S run (cv 125341 count 17, gcd 171046 count 13)
S2951	c	item 43086 judged #109-117 does not fit the S run (cv 125341 count 17, gcd 171046 count 13)
S2951	c	item 43087 judged #118-127 does not fit the S run (cv 125341 count 17, gcd 171046 count 13)
S2951	c	item 43088 judged #128-136 does not fit the S run (cv 125341 count 17, gcd 171046 count 13)
S2951	c	item 43081 judged #60-68 does not fit the S run (cv 125341 count 17, gcd 171046 count 13)
S2951	c	item 43082 judged #69-78 does not fit the S run (cv 125341 count 17, gcd 171046 count 13)
S2951	c	item 43083 judged #79-88 does not fit the S run (cv 125341 count 17, gcd 171046 count 13)
S2951	c	item 43084 judged #89-98 does not fit the S run (cv 125341 count 17, gcd 171046 count 13)
S2951	c	item 43085 judged #99-108 does not fit the S run (cv 125341 count 17, gcd 171046 count 13)
S2951	c	item 43077 judged #25-33 does not fit the S run (cv 125341 count 17, gcd 171046 count 13)
S2951	c	item 43078 judged #34-41 does not fit the S run (cv 125341 count 17, gcd 171046 count 13)
S2951	c	item 43079 judged #42-50 does not fit the S run (cv 125341 count 17, gcd 171046 count 13)
S2951	c	item 43080 judged #51-59 does not fit the S run (cv 125341 count 17, gcd 171046 count 13)
S2970	d	duplicate-edition item 110803
S2988	e	34 files
S3018	e	32 files
S3028	d	label-ambiguous item 35856
S3034	c	item 44119 judged #17-21 does not fit the S run (cv 113349 count 18, gcd 165172 count 17)
S3034	c	item 44126 judged #48-52 does not fit the S run (cv 113349 count 18, gcd 165172 count 17)
S3034	c	item 44127 judged #53-56 does not fit the S run (cv 113349 count 18, gcd 165172 count 17)
S3034	c	item 44120 judged #22-25 does not fit the S run (cv 113349 count 18, gcd 165172 count 17)
S3034	c	item 44121 judged #26-29 does not fit the S run (cv 113349 count 18, gcd 165172 count 17)
S3034	c	item 44122 judged #30-33 does not fit the S run (cv 113349 count 18, gcd 165172 count 17)
S3034	c	item 44123 judged #34-38 does not fit the S run (cv 113349 count 18, gcd 165172 count 17)
S3034	c	item 44124 judged #39-42 does not fit the S run (cv 113349 count 18, gcd 165172 count 17)
S3034	c	item 44125 judged #43-47 does not fit the S run (cv 113349 count 18, gcd 165172 count 17)
S3042	a-S	gcd 90511 is also the S of S95841
S3042	b	1/1 per-file CV links name another volume (76631x1)
S3050	b	1/1 per-file CV links name another volume (43981x1)
S3052	c	item 44163 judged #7-12 does not fit the S run (cv 38799 count 11, gcd 45795 count 11)
S3052	c	item 44164 judged #13-18 does not fit the S run (cv 38799 count 11, gcd 45795 count 11)
S3052	c	item 44165 judged #19-23 does not fit the S run (cv 38799 count 11, gcd 45795 count 11)
S3052	c	item 44166 judged #24-29 does not fit the S run (cv 38799 count 11, gcd 45795 count 11)
S3052	c	item 44167 judged #30-35 does not fit the S run (cv 38799 count 11, gcd 45795 count 11)
S3052	c	item 44168 judged #36-41 does not fit the S run (cv 38799 count 11, gcd 45795 count 11)
S3052	c	item 44169 judged #42-47 does not fit the S run (cv 38799 count 11, gcd 45795 count 11)
S3052	c	item 44170 judged #48-53 does not fit the S run (cv 38799 count 11, gcd 45795 count 11)
S3052	c	item 44171 judged #54-59 does not fit the S run (cv 38799 count 11, gcd 45795 count 11)
S3052	c	item 44172 judged #60-65 does not fit the S run (cv 38799 count 11, gcd 45795 count 11)
S3058	b	1/1 per-file CV links name another volume (44333x1)
S3064	e	35 files
S3066	b	1/1 per-file CV links name another volume (42089x1)
S3085	e	55 files
S3225	b	1/1 per-file CV links name another volume (28241x1)
S3246	e	77 files
S3297	d	label-ambiguous item 11473
S3300	c	item 42189 judged #13-25 does not fit the S run (cv 109423 count 13, gcd 123267 count 10)
S3300	c	item 42200 judged #168-186 does not fit the S run (cv 109423 count 13, gcd 123267 count 10)
S3300	c	item 42197 judged #122-136 does not fit the S run (cv 109423 count 13, gcd 123267 count 10)
S3300	c	item 42198 judged #137-152 does not fit the S run (cv 109423 count 13, gcd 123267 count 10)
S3300	c	item 42199 judged #153-167 does not fit the S run (cv 109423 count 13, gcd 123267 count 10)
S3300	c	item 42194 judged #80-93 does not fit the S run (cv 109423 count 13, gcd 123267 count 10)
S3300	c	item 42195 judged #94-107 does not fit the S run (cv 109423 count 13, gcd 123267 count 10)
S3300	c	item 42196 judged #108-121 does not fit the S run (cv 109423 count 13, gcd 123267 count 10)
S3300	c	item 42192 judged #54-66 does not fit the S run (cv 109423 count 13, gcd 123267 count 10)
S3300	c	item 42193 judged #67-79 does not fit the S run (cv 109423 count 13, gcd 123267 count 10)
S3300	c	item 42190 judged #26-39 does not fit the S run (cv 109423 count 13, gcd 123267 count 10)
S3300	c	item 42191 judged #40-53 does not fit the S run (cv 109423 count 13, gcd 123267 count 10)
S3303	e	26 files
S3306	d	label-ambiguous item 98573
S3306	e	95 files
S3365	b	1/1 per-file CV links name another volume (19975x1)
S3370	c	item 43107 judged #10-12 does not fit the S run (cv 111020 count 10, gcd - count -)
S3370	c	item 43110 judged #20-23 does not fit the S run (cv 111020 count 10, gcd - count -)
S3370	c	item 43111 judged #24-27 does not fit the S run (cv 111020 count 10, gcd - count -)
S3370	c	item 43112 judged #28-31 does not fit the S run (cv 111020 count 10, gcd - count -)
S3370	c	item 43113 judged #32-35 does not fit the S run (cv 111020 count 10, gcd - count -)
S3370	c	item 43108 judged #13-15 does not fit the S run (cv 111020 count 10, gcd - count -)
S3370	c	item 43109 judged #16-19 does not fit the S run (cv 111020 count 10, gcd - count -)
S3403	c	item 77277 judged #695-700 does not fit the S run (cv 111409 count 1, gcd 125726 count 1)
S3406	b	4/4 per-file CV links name another volume (36229x4)
S3419	d	duplicate-edition item 118884
S3419	d	duplicate-edition item 118885
S3419	d	label-ambiguous item 118884
S3419	e	26 files
S3420	b	7/7 per-file CV links name another volume (19381x7)
S3450	e	49 files
S3453	a-S	gcd 79135 is also the S of S3457
S3453	a-S	gcd 79135 is also the S of S3460
S3453	a-S	gcd 79135 is also the S of S3461
S3454	a-S	gcd 79135 is also the S of S3455
S3454	a-S	gcd 79135 is also the S of S3456
S3454	a-S	gcd 79135 is also the S of S3457
S3454	a-S	gcd 79135 is also the S of S3458
S3454	a-S	gcd 79135 is also the S of S3459
S3454	a-S	gcd 79135 is also the S of S3460
S3454	a-S	gcd 79135 is also the S of S3461
S3454	a-S	gcd 79135 is also the S of S3462
S3454	a-S	gcd 79135 is also the S of S3463
S3455	a-S	gcd 79135 is also the S of S3454
S3455	a-S	gcd 79135 is also the S of S3456
S3455	a-S	gcd 79135 is also the S of S3457
S3455	a-S	gcd 79135 is also the S of S3458
S3455	a-S	gcd 79135 is also the S of S3459
S3455	a-S	gcd 79135 is also the S of S3460
S3455	a-S	gcd 79135 is also the S of S3461
S3455	a-S	gcd 79135 is also the S of S3462
S3455	a-S	gcd 79135 is also the S of S3463
S3456	a-S	gcd 79135 is also the S of S3454
S3456	a-S	gcd 79135 is also the S of S3455
S3456	a-S	gcd 79135 is also the S of S3457
S3456	a-S	gcd 79135 is also the S of S3458
S3456	a-S	gcd 79135 is also the S of S3459
S3456	a-S	gcd 79135 is also the S of S3460
S3456	a-S	gcd 79135 is also the S of S3461
S3456	a-S	gcd 79135 is also the S of S3462
S3456	a-S	gcd 79135 is also the S of S3463
S3457	a-S	gcd 79135 is also the S of S3453
S3457	a-S	gcd 79135 is also the S of S3454
S3457	a-S	gcd 79135 is also the S of S3455
S3457	a-S	gcd 79135 is also the S of S3456
S3457	a-S	gcd 79135 is also the S of S3458
S3457	a-S	gcd 79135 is also the S of S3459
S3457	a-S	gcd 79135 is also the S of S3462
S3457	a-S	gcd 79135 is also the S of S3463
S3458	a-S	gcd 79135 is also the S of S3454
S3458	a-S	gcd 79135 is also the S of S3455
S3458	a-S	gcd 79135 is also the S of S3456
S3458	a-S	gcd 79135 is also the S of S3457
S3458	a-S	gcd 79135 is also the S of S3459
S3458	a-S	gcd 79135 is also the S of S3460
S3458	a-S	gcd 79135 is also the S of S3461
S3458	a-S	gcd 79135 is also the S of S3462
S3458	a-S	gcd 79135 is also the S of S3463
S3459	a-S	gcd 79135 is also the S of S3454
S3459	a-S	gcd 79135 is also the S of S3455
S3459	a-S	gcd 79135 is also the S of S3456
S3459	a-S	gcd 79135 is also the S of S3457
S3459	a-S	gcd 79135 is also the S of S3458
S3459	a-S	gcd 79135 is also the S of S3460
S3459	a-S	gcd 79135 is also the S of S3461
S3459	a-S	gcd 79135 is also the S of S3462
S3459	a-S	gcd 79135 is also the S of S3463
S3460	a-S	gcd 79135 is also the S of S3453
S3460	a-S	gcd 79135 is also the S of S3454
S3460	a-S	gcd 79135 is also the S of S3455
S3460	a-S	gcd 79135 is also the S of S3456
S3460	a-S	gcd 79135 is also the S of S3458
S3460	a-S	gcd 79135 is also the S of S3459
S3460	a-S	gcd 79135 is also the S of S3461
S3460	a-S	gcd 79135 is also the S of S3462
S3460	a-S	gcd 79135 is also the S of S3463
S3461	a-S	gcd 79135 is also the S of S3453
S3461	a-S	gcd 79135 is also the S of S3454
S3461	a-S	gcd 79135 is also the S of S3455
S3461	a-S	gcd 79135 is also the S of S3456
S3461	a-S	gcd 79135 is also the S of S3458
S3461	a-S	gcd 79135 is also the S of S3459
S3461	a-S	gcd 79135 is also the S of S3460
S3461	a-S	gcd 79135 is also the S of S3462
S3461	a-S	gcd 79135 is also the S of S3463
S3462	a-S	gcd 79135 is also the S of S3454
S3462	a-S	gcd 79135 is also the S of S3455
S3462	a-S	gcd 79135 is also the S of S3456
S3462	a-S	gcd 79135 is also the S of S3457
S3462	a-S	gcd 79135 is also the S of S3458
S3462	a-S	gcd 79135 is also the S of S3459
S3462	a-S	gcd 79135 is also the S of S3460
S3462	a-S	gcd 79135 is also the S of S3461
S3462	a-S	gcd 79135 is also the S of S3463
S3463	a-S	gcd 79135 is also the S of S3454
S3463	a-S	gcd 79135 is also the S of S3455
S3463	a-S	gcd 79135 is also the S of S3456
S3463	a-S	gcd 79135 is also the S of S3457
S3463	a-S	gcd 79135 is also the S of S3458
S3463	a-S	gcd 79135 is also the S of S3459
S3463	a-S	gcd 79135 is also the S of S3460
S3463	a-S	gcd 79135 is also the S of S3461
S3463	a-S	gcd 79135 is also the S of S3462
S3465	a-S	gcd 17331 is also the S of S11518
S3512	b	2/2 per-file CV links name another volume (3782x1, 54369x1)
S3516	a-I	cv 20687 named by 1 I line(s) on books of S14476
S3516	e	44 files
S3523	b	1/1 per-file CV links name another volume (133216x1)
S3613	a-S	gcd 145017 is also the S of S3615
S3615	a-S	gcd 145017 is also the S of S3613
S3646	c	item 41842 judged #938-948 does not fit the S run (cv 34391 count 96, gcd 19958 count 98)
S3646	c	item 41844 judged #949-959 does not fit the S run (cv 34391 count 96, gcd 19958 count 98)
S3646	c	item 41838 judged #894-904 does not fit the S run (cv 34391 count 96, gcd 19958 count 98)
S3646	c	item 41839 judged #905-915 does not fit the S run (cv 34391 count 96, gcd 19958 count 98)
S3646	c	item 41840 judged #916-926 does not fit the S run (cv 34391 count 96, gcd 19958 count 98)
S3646	c	item 41841 judged #927-937 does not fit the S run (cv 34391 count 96, gcd 19958 count 98)
S3646	c	item 41834 judged #851-861 does not fit the S run (cv 34391 count 96, gcd 19958 count 98)
S3646	c	item 41835 judged #862-872 does not fit the S run (cv 34391 count 96, gcd 19958 count 98)
S3646	c	item 41836 judged #873-882 does not fit the S run (cv 34391 count 96, gcd 19958 count 98)
S3646	c	item 41837 judged #883-893 does not fit the S run (cv 34391 count 96, gcd 19958 count 98)
S3646	c	item 41833 judged #840-850 does not fit the S run (cv 34391 count 96, gcd 19958 count 98)
S3646	c	item 41904 judged #719-729 does not fit the S run (cv 34391 count 96, gcd 19958 count 98)
S3646	c	item 41905 judged #730-740 does not fit the S run (cv 34391 count 96, gcd 19958 count 98)
S3646	c	item 41906 judged #741-751 does not fit the S run (cv 34391 count 96, gcd 19958 count 98)
S3646	c	item 41907 judged #752-762 does not fit the S run (cv 34391 count 96, gcd 19958 count 98)
S3646	c	item 41900 judged #675-685 does not fit the S run (cv 34391 count 96, gcd 19958 count 98)
S3646	c	item 41901 judged #686-696 does not fit the S run (cv 34391 count 96, gcd 19958 count 98)
S3646	c	item 41902 judged #697-707 does not fit the S run (cv 34391 count 96, gcd 19958 count 98)
S3646	c	item 41903 judged #708-718 does not fit the S run (cv 34391 count 96, gcd 19958 count 98)
S3646	c	item 41896 judged #631-641 does not fit the S run (cv 34391 count 96, gcd 19958 count 98)
S3646	c	item 41897 judged #642-652 does not fit the S run (cv 34391 count 96, gcd 19958 count 98)
S3646	c	item 41898 judged #653-663 does not fit the S run (cv 34391 count 96, gcd 19958 count 98)
S3646	c	item 41899 judged #664-674 does not fit the S run (cv 34391 count 96, gcd 19958 count 98)
S3646	c	item 41915 judged #960-970 does not fit the S run (cv 34391 count 96, gcd 19958 count 98)
S3646	c	item 41916 judged #971-981 does not fit the S run (cv 34391 count 96, gcd 19958 count 98)
S3646	c	item 41917 judged #982-992 does not fit the S run (cv 34391 count 96, gcd 19958 count 98)
S3646	c	item 41918 judged #993-1003 does not fit the S run (cv 34391 count 96, gcd 19958 count 98)
S3646	c	item 41919 judged #1004-1014 does not fit the S run (cv 34391 count 96, gcd 19958 count 98)
S3646	c	item 41920 judged #1015-1025 does not fit the S run (cv 34391 count 96, gcd 19958 count 98)
S3646	c	item 41921 judged #1026-1036 does not fit the S run (cv 34391 count 96, gcd 19958 count 98)
S3646	c	item 41922 judged #1037-1047 does not fit the S run (cv 34391 count 96, gcd 19958 count 98)
S3646	c	item 41923 judged #1048-1058 does not fit the S run (cv 34391 count 96, gcd 19958 count 98)
S3646	c	item 41924 judged #1059-1069 does not fit the S run (cv 34391 count 96, gcd 19958 count 98)
S3646	c	item 41925 judged #1070-1080 does not fit the S run (cv 34391 count 96, gcd 19958 count 98)
S3646	c	item 41926 judged #1081-1091 does not fit the S run (cv 34391 count 96, gcd 19958 count 98)
S3646	e	102 files
S3667	b	1/1 per-file CV links name another volume (133909x1)
S3705	c	item 43140 judged #28-37 does not fit the S run (cv 121663 count 5, gcd - count -)
S3705	c	item 43139 judged #19-27 does not fit the S run (cv 121663 count 5, gcd - count -)
S3705	c	item 43137 judged #1-10 does not fit the S run (cv 121663 count 5, gcd - count -)
S3705	c	item 43138 judged #11-18 does not fit the S run (cv 121663 count 5, gcd - count -)
S3708	c	item 43131 judged #16-20 does not fit the S run (cv 158701 count 5, gcd - count -)
S3708	c	item 43132 judged #21-25 does not fit the S run (cv 158701 count 5, gcd - count -)
S3708	c	item 43129 judged #6-10 does not fit the S run (cv 158701 count 5, gcd - count -)
S3708	c	item 43130 judged #11-15 does not fit the S run (cv 158701 count 5, gcd - count -)
S3709	c	item 43997 judged #1-3 does not fit the S run (cv 139930 count 1, gcd - count -)
S3710	c	item 43136 judged #18-24 does not fit the S run (cv 140322 count 4, gcd - count -)
S3710	c	item 43134 judged #7-11 does not fit the S run (cv 140322 count 4, gcd - count -)
S3710	c	item 43135 judged #12-17 does not fit the S run (cv 140322 count 4, gcd - count -)
S3710	c	item 43133 judged #1-6 does not fit the S run (cv 140322 count 4, gcd - count -)
S3725	a-I	gcd 5337 named by 1 I line(s) on books of S3723
S3748	b	1/1 per-file CV links name another volume (33544x1)
S3764	b	6/8 per-file CV links name another volume (60568x6)
S3764	d	label-ambiguous item 108404
S3770	e	21 files
S3792	e	34 files
S3796	b	22/22 per-file CV links name another volume (119067x22)
S3796	e	22 files
S3806	b	1/1 per-file CV links name another volume (33606x1)
S3865	b	1/1 per-file CV links name another volume (75355x1)
S3987	c	item 45999 judged #1-4 does not fit the S run (cv 128289 count 1, gcd - count -)
S4005	d	label-ambiguous item 24851
S4093	a-S	gcd 139728 is also the S of S4092
S4093	a-S	gcd 139728 is also the S of S4095
S4093	a-S	gcd 139728 is also the S of S4096
S4093	a-S	gcd 139728 is also the S of S4097
S4093	a-S	gcd 139728 is also the S of S4098
S4093	a-S	gcd 139728 is also the S of S4099
S4094	a-S	gcd 139728 is also the S of S4092
S4094	a-S	gcd 139728 is also the S of S4096
S4094	a-S	gcd 139728 is also the S of S4099
S4095	a-S	gcd 139728 is also the S of S4092
S4095	a-S	gcd 139728 is also the S of S4093
S4095	a-S	gcd 139728 is also the S of S4096
S4095	a-S	gcd 139728 is also the S of S4097
S4095	a-S	gcd 139728 is also the S of S4098
S4095	a-S	gcd 139728 is also the S of S4099
S4097	a-S	gcd 139728 is also the S of S4092
S4097	a-S	gcd 139728 is also the S of S4093
S4097	a-S	gcd 139728 is also the S of S4095
S4097	a-S	gcd 139728 is also the S of S4096
S4097	a-S	gcd 139728 is also the S of S4098
S4097	a-S	gcd 139728 is also the S of S4099
S4098	a-S	gcd 139728 is also the S of S4092
S4098	a-S	gcd 139728 is also the S of S4093
S4098	a-S	gcd 139728 is also the S of S4095
S4098	a-S	gcd 139728 is also the S of S4096
S4098	a-S	gcd 139728 is also the S of S4097
S4098	a-S	gcd 139728 is also the S of S4099
S4099	a-S	gcd 139728 is also the S of S4092
S4099	a-S	gcd 139728 is also the S of S4093
S4099	a-S	gcd 139728 is also the S of S4094
S4099	a-S	gcd 139728 is also the S of S4095
S4099	a-S	gcd 139728 is also the S of S4096
S4099	a-S	gcd 139728 is also the S of S4097
S4099	a-S	gcd 139728 is also the S of S4098
S4123	a-I	gcd 208813 named by 1 I line(s) on books of S103451
S4123	b	4/4 per-file CV links name another volume (152857x4)
S4226	b	1/1 per-file CV links name another volume (139149x1)
S4229	a-I	gcd 87382 named by 2 I line(s) on books of S3290
S4229	c	item 34170 judged #16-19 does not fit the S run (cv 85749 count 4, gcd 87382 count 4)
S4229	c	item 34169 judged #11-15 does not fit the S run (cv 85749 count 4, gcd 87382 count 4)
S4229	c	item 34167 judged #1-5 does not fit the S run (cv 85749 count 4, gcd 87382 count 4)
S4229	c	item 34168 judged #6-10 does not fit the S run (cv 85749 count 4, gcd 87382 count 4)
S4260	e	137 files
S4286	d	label-ambiguous item 108692
S4303	b	1/1 per-file CV links name another volume (1574x1)
S4321	c	item 22566 RANGE CONTRADICTED by GCD notes (offset): judged #98-102, GCD says ? #99-103
S4321	c	item 22567 RANGE CONTRADICTED by GCD notes (count): judged #103-107, GCD says ? #104-107
S4321	d	arithmetic-odd item 22564
S4321	e	29 files
S4346	b	3/3 per-file CV links name another volume (132621x3)
S4355	b	2/2 per-file CV links name another volume (84095x2)
S4410	c	item 32829 judged #13-18 does not fit the S run (cv 112799 count 12, gcd 127632 count 12)
S4412	b	1/1 per-file CV links name another volume (115387x1)
S4429	b	3/3 per-file CV links name another volume (52630x3)
S4459	b	1/1 per-file CV links name another volume (117115x1)
S4466	b	1/1 per-file CV links name another volume (131870x1)
S4496	b	1/1 per-file CV links name another volume (66924x1)
S4497	b	1/1 per-file CV links name another volume (84418x1)
S4520	e	108 files
S4592	b	23/24 per-file CV links name another volume (2730x23)
S4592	e	24 files
S4593	b	16/16 per-file CV links name another volume (2392x16)
S4619	d	label-ambiguous item 19927
S4631	b	21/21 per-file CV links name another volume (139800x21)
S4631	d	label-ambiguous item 64194
S4631	e	23 files
S4684	b	10/10 per-file CV links name another volume (118648x10)
S4709	e	31 files
S4716	a-I	gcd 10364 named by 1 I line(s) on books of S6861
S4716	e	29 files
S4726	c	item 98007 judged #1-4 does not fit the S run (cv 49035 count 1, gcd 59566 count 1)
S4726	c	item 98007 RANGE CONTRADICTED by GCD notes (count): judged #1-4, GCD says Daken: Dark Wolverine (Marvel, 2010 series) #1-3
S4736	d	label-ambiguous item 116416
S4752	a-C	cv 2127 named by 3 C line(s) on books of S871
S4752	a-C	cv 2127 named by 1 C line(s) on books of S872
S4752	a-C	cv 2127 named by 1 C line(s) on books of S873
S4752	a-C	cv 2127 named by 1 C line(s) on books of S874
S4752	a-C	cv 2127 named by 1 C line(s) on books of S875
S4752	a-C	cv 2127 named by 1 C line(s) on books of S876
S4752	a-C	cv 2127 named by 1 C line(s) on books of S877
S4752	a-C	cv 2127 named by 1 C line(s) on books of S878
S4752	a-C	cv 2127 named by 1 C line(s) on books of S879
S4752	a-C	cv 2127 named by 1 C line(s) on books of S880
S4752	a-C	cv 2127 named by 4 C line(s) on books of S881
S4752	a-C	cv 2127 named by 1 C line(s) on books of S882
S4752	a-C	cv 2127 named by 15 C line(s) on books of S11513
S4752	a-C	cv 2127 named by 1 C line(s) on books of S16207
S4752	a-C	cv 2127 named by 2 C line(s) on books of S17160
S4752	a-C	cv 2127 named by 1 C line(s) on books of S19654
S4752	a-C	cv 2127 named by 1 C line(s) on books of S34339
S4752	a-C	cv 2127 named by 2 C line(s) on books of S103775
S4752	a-C	cv 2127 named by 3 C line(s) on books of S103847
S4752	a-C	cv 2127 named by 3 C line(s) on books of S103848
S4752	a-C	cv 2127 named by 3 C line(s) on books of S103849
S4752	a-C	cv 2127 named by 3 C line(s) on books of S103850
S4752	a-C	cv 2127 named by 3 C line(s) on books of S103851
S4752	a-C	cv 2127 named by 3 C line(s) on books of S103852
S4752	a-C	cv 2127 named by 3 C line(s) on books of S103853
S4752	a-C	cv 2127 named by 3 C line(s) on books of S103854
S4752	a-C	cv 2127 named by 3 C line(s) on books of S103855
S4752	a-C	cv 2127 named by 3 C line(s) on books of S103856
S4752	a-C	gcd 1570 named by 3 C line(s) on books of S871
S4752	a-C	gcd 1570 named by 1 C line(s) on books of S872
S4752	a-C	gcd 1570 named by 1 C line(s) on books of S873
S4752	a-C	gcd 1570 named by 1 C line(s) on books of S874
S4752	a-C	gcd 1570 named by 1 C line(s) on books of S875
S4752	a-C	gcd 1570 named by 1 C line(s) on books of S876
S4752	a-C	gcd 1570 named by 1 C line(s) on books of S877
S4752	a-C	gcd 1570 named by 1 C line(s) on books of S878
S4752	a-C	gcd 1570 named by 1 C line(s) on books of S879
S4752	a-C	gcd 1570 named by 1 C line(s) on books of S880
S4752	a-C	gcd 1570 named by 4 C line(s) on books of S881
S4752	a-C	gcd 1570 named by 1 C line(s) on books of S882
S4752	a-C	gcd 1570 named by 15 C line(s) on books of S11513
S4752	a-C	gcd 1570 named by 1 C line(s) on books of S19654
S4752	a-C	gcd 1570 named by 1 C line(s) on books of S34339
S4752	a-C	gcd 1570 named by 2 C line(s) on books of S103775
S4752	a-C	gcd 1570 named by 3 C line(s) on books of S103847
S4752	a-C	gcd 1570 named by 3 C line(s) on books of S103848
S4752	a-C	gcd 1570 named by 3 C line(s) on books of S103849
S4752	a-C	gcd 1570 named by 3 C line(s) on books of S103850
S4752	a-C	gcd 1570 named by 3 C line(s) on books of S103851
S4752	a-C	gcd 1570 named by 3 C line(s) on books of S103852
S4752	a-C	gcd 1570 named by 3 C line(s) on books of S103853
S4752	a-C	gcd 1570 named by 3 C line(s) on books of S103854
S4752	a-C	gcd 1570 named by 3 C line(s) on books of S103855
S4752	a-C	gcd 1570 named by 3 C line(s) on books of S103856
S4752	e	814 files
S4752	f	1 shelf/shelves merged in after the wave that landed R-058 (2026-09-23): S103753
S4760	c	item 44373 judged #15-23 does not fit the S run (cv - count -, gcd 190566 count 18)
S4760	c	item 44376 judged #41-49 does not fit the S run (cv - count -, gcd 190566 count 18)
S4760	c	item 44377 judged #50-58 does not fit the S run (cv - count -, gcd 190566 count 18)
S4760	c	item 44378 judged #59-67 does not fit the S run (cv - count -, gcd 190566 count 18)
S4760	c	item 44379 judged #68-76 does not fit the S run (cv - count -, gcd 190566 count 18)
S4760	c	item 44374 judged #24-32 does not fit the S run (cv - count -, gcd 190566 count 18)
S4760	c	item 44375 judged #33-40 does not fit the S run (cv - count -, gcd 190566 count 18)
S4760	e	104 files
S4781	b	1/1 per-file CV links name another volume (79254x1)
S4784	a-S	gcd 6026 is also the S of S96254
S4784	a-C	gcd 6026 named by 1 C line(s) on books of S103879
S4812	a-S	gcd 79137 is also the S of S4813
S4812	a-S	gcd 79137 is also the S of S4814
S4812	a-S	gcd 79137 is also the S of S4815
S4812	a-S	gcd 79137 is also the S of S4816
S4813	a-S	gcd 79137 is also the S of S4812
S4813	a-S	gcd 79137 is also the S of S4815
S4814	a-S	gcd 79137 is also the S of S4812
S4814	a-S	gcd 79137 is also the S of S4816
S4815	a-S	gcd 79137 is also the S of S4812
S4815	a-S	gcd 79137 is also the S of S4813
S4816	a-S	gcd 79137 is also the S of S4812
S4816	a-S	gcd 79137 is also the S of S4814
S4830	a-I	cv 134646 named by 2 I line(s) on books of S64504
S4830	a-I	gcd 171411 named by 2 I line(s) on books of S64504
S4832	d	arithmetic-odd item 46976
S4832	d	span-retracted item 46976
S4834	a-I	cv 45530 named by 2 I line(s) on books of S64502
S4834	a-I	gcd 64482 named by 2 I line(s) on books of S64502
S4855	c	item 70410 C #13-23 on the S's own run does not fit its count
S4875	b	1/1 per-file CV links name another volume (49344x1)
S4999	b	2/2 per-file CV links name another volume (77951x2)
S5029	b	3/3 per-file CV links name another volume (71155x3)
S5111	e	25 files
S5115	a-S	gcd 179386 is also the S of S5118
S5116	a-S	gcd 179386 is also the S of S5118
S5117	a-S	gcd 179386 is also the S of S5118
S5118	a-S	gcd 179386 is also the S of S5115
S5118	a-S	gcd 179386 is also the S of S5116
S5118	a-S	gcd 179386 is also the S of S5117
S5142	e	25 files
S5203	c	item 41728 judged #71-79 does not fit the S run (cv 20261 count 13, gcd 28547 count 12)
S5203	c	item 41729 judged #80-88 does not fit the S run (cv 20261 count 13, gcd 28547 count 12)
S5203	c	item 41730 judged #89-98 does not fit the S run (cv 20261 count 13, gcd 28547 count 12)
S5203	c	item 41731 judged #99-108 does not fit the S run (cv 20261 count 13, gcd 28547 count 12)
S5203	c	item 41721 judged #8-16 does not fit the S run (cv 20261 count 13, gcd 28547 count 12)
S5203	c	item 41723 judged #26-34 does not fit the S run (cv 20261 count 13, gcd 28547 count 12)
S5203	c	item 41724 judged #35-43 does not fit the S run (cv 20261 count 13, gcd 28547 count 12)
S5203	c	item 41725 judged #44-52 does not fit the S run (cv 20261 count 13, gcd 28547 count 12)
S5203	c	item 41726 judged #53-61 does not fit the S run (cv 20261 count 13, gcd 28547 count 12)
S5203	c	item 41727 judged #62-70 does not fit the S run (cv 20261 count 13, gcd 28547 count 12)
S5203	c	item 41722 judged #17-25 does not fit the S run (cv 20261 count 13, gcd 28547 count 12)
S5203	d	provider-disagrees item 41725
S5213	a-I	cv 111664 named by 1 I line(s) on books of S68158
S5217	b	1/1 per-file CV links name another volume (85283x1)
S5223	b	1/1 per-file CV links name another volume (112946x1)
S5235	e	22 files
S5267	a-S	gcd 15128 is also the S of S94581
S5271	c	item 64274 RANGE CONTRADICTED by GCD notes (multi): judged #1-9, GCD says Deathstroke Inc. (DC, 2021 series) #1-7; a story from Batman: Urban Legends (Dc, 2021 series) #6
S5274	a-I	gcd 112600 named by 6 I line(s) on books of S2173
S5305	a-S	gcd 106500 is also the S of S5306
S5305	a-S	gcd 106500 is also the S of S5307
S5306	a-S	gcd 106500 is also the S of S5305
S5307	a-S	gcd 106500 is also the S of S5305
S5338	b	1/1 per-file CV links name another volume (94490x1)
S5352	b	1/1 per-file CV links name another volume (121599x1)
S5386	b	1/1 per-file CV links name another volume (159735x1)
S5404	e	23 files
S5409	a-C	cv 18058 named by 1 C line(s) on books of S102901
S5409	a-C	gcd 87 named by 1 C line(s) on books of S64223
S5409	a-C	gcd 87 named by 1 C line(s) on books of S102901
S5409	d	label-ambiguous item 60339
S5409	e	912 files
S5426	c	item 8752 C #1-6 on the S's own run does not fit its count
S5436	b	2/2 per-file CV links name another volume (62479x2)
S5525	e	21 files
S5557	b	1/1 per-file CV links name another volume (121394x1)
S5607	b	8/8 per-file CV links name another volume (2091x8)
S5628	a-S	gcd 108389 is also the S of S5629
S5628	a-S	gcd 108389 is also the S of S5630
S5628	a-S	gcd 108389 is also the S of S5631
S5628	a-S	gcd 108389 is also the S of S5632
S5629	a-S	gcd 108389 is also the S of S5628
S5629	a-S	gcd 108389 is also the S of S5630
S5629	a-S	gcd 108389 is also the S of S5631
S5629	a-S	gcd 108389 is also the S of S5632
S5630	a-S	gcd 108389 is also the S of S5628
S5630	a-S	gcd 108389 is also the S of S5629
S5631	a-S	gcd 108389 is also the S of S5628
S5631	a-S	gcd 108389 is also the S of S5629
S5632	a-S	gcd 108389 is also the S of S5628
S5632	a-S	gcd 108389 is also the S of S5629
S5636	b	16/16 per-file CV links name another volume (143368x16)
S5642	b	4/4 per-file CV links name another volume (115727x4)
S5651	b	12/12 per-file CV links name another volume (125153x12)
S5656	e	35 files
S5670	b	10/10 per-file CV links name another volume (81103x10)
S5705	e	29 files
S5710	c	item 42584 judged #266-276 does not fit the S run (cv 100674 count 28, gcd - count -)
S5710	c	item 42560 judged #26-35 does not fit the S run (cv 100674 count 28, gcd - count -)
S5710	c	item 42579 judged #216-225 does not fit the S run (cv 100674 count 28, gcd - count -)
S5710	c	item 42580 judged #226-235 does not fit the S run (cv 100674 count 28, gcd - count -)
S5710	c	item 42581 judged #236-245 does not fit the S run (cv 100674 count 28, gcd - count -)
S5710	c	item 42582 judged #246-255 does not fit the S run (cv 100674 count 28, gcd - count -)
S5710	c	item 42583 judged #256-265 does not fit the S run (cv 100674 count 28, gcd - count -)
S5710	c	item 42574 judged #165-174 does not fit the S run (cv 100674 count 28, gcd - count -)
S5710	c	item 42575 judged #175-184 does not fit the S run (cv 100674 count 28, gcd - count -)
S5710	c	item 42576 judged #185-194 does not fit the S run (cv 100674 count 28, gcd - count -)
S5710	c	item 42577 judged #195-204 does not fit the S run (cv 100674 count 28, gcd - count -)
S5710	c	item 42578 judged #205-215 does not fit the S run (cv 100674 count 28, gcd - count -)
S5710	c	item 42570 judged #125-134 does not fit the S run (cv 100674 count 28, gcd - count -)
S5710	c	item 42571 judged #135-144 does not fit the S run (cv 100674 count 28, gcd - count -)
S5710	c	item 42572 judged #145-154 does not fit the S run (cv 100674 count 28, gcd - count -)
S5710	c	item 42573 judged #155-164 does not fit the S run (cv 100674 count 28, gcd - count -)
S5710	c	item 42561 judged #36-45 does not fit the S run (cv 100674 count 28, gcd - count -)
S5710	c	item 42562 judged #46-55 does not fit the S run (cv 100674 count 28, gcd - count -)
S5710	c	item 42563 judged #56-64 does not fit the S run (cv 100674 count 28, gcd - count -)
S5710	c	item 42564 judged #65-74 does not fit the S run (cv 100674 count 28, gcd - count -)
S5710	c	item 42565 judged #75-84 does not fit the S run (cv 100674 count 28, gcd - count -)
S5710	c	item 42566 judged #85-94 does not fit the S run (cv 100674 count 28, gcd - count -)
S5710	c	item 42567 judged #95-104 does not fit the S run (cv 100674 count 28, gcd - count -)
S5710	c	item 42568 judged #105-114 does not fit the S run (cv 100674 count 28, gcd - count -)
S5710	c	item 42569 judged #115-124 does not fit the S run (cv 100674 count 28, gcd - count -)
S5710	e	28 files
S5726	c	item 44463 judged #15-23 does not fit the S run (cv 122895 count 20, gcd 152847 count 5)
S5726	c	item 44465 judged #31-38 does not fit the S run (cv 122895 count 20, gcd 152847 count 5)
S5726	c	item 44466 judged #39-46 does not fit the S run (cv 122895 count 20, gcd 152847 count 5)
S5726	c	item 44467 judged #47-53 does not fit the S run (cv 122895 count 20, gcd 152847 count 5)
S5726	c	item 44468 judged #54-62 does not fit the S run (cv 122895 count 20, gcd 152847 count 5)
S5726	c	item 44469 judged #63-70 does not fit the S run (cv 122895 count 20, gcd 152847 count 5)
S5726	c	item 44464 judged #24-30 does not fit the S run (cv 122895 count 20, gcd 152847 count 5)
S5732	b	3/4 per-file CV links name another volume (31262x3)
S5755	e	54 files
S5759	b	1/1 per-file CV links name another volume (69211x1)
S5817	c	item 41234 judged #1-11 does not fit the S run (cv 35447 count 10, gcd 16517 count 10)
S5817	c	item 41235 judged #12-23 does not fit the S run (cv 35447 count 10, gcd 16517 count 10)
S5817	c	item 41236 judged #24-36 does not fit the S run (cv 35447 count 10, gcd 16517 count 10)
S5817	c	item 41237 judged #37-47 does not fit the S run (cv 35447 count 10, gcd 16517 count 10)
S5817	c	item 41238 judged #48-57 does not fit the S run (cv 35447 count 10, gcd 16517 count 10)
S5817	c	item 41239 judged #58-64 does not fit the S run (cv 35447 count 10, gcd 16517 count 10)
S5817	c	item 41240 judged #65-71 does not fit the S run (cv 35447 count 10, gcd 16517 count 10)
S5817	c	item 41241 judged #72-76 does not fit the S run (cv 35447 count 10, gcd 16517 count 10)
S5817	c	item 41242 judged #77-83 does not fit the S run (cv 35447 count 10, gcd 16517 count 10)
S5817	c	item 41243 judged #84-89 does not fit the S run (cv 35447 count 10, gcd 16517 count 10)
S5861	b	1/1 per-file CV links name another volume (113925x1)
S5888	c	item 20138 judged #6-8 does not fit the S run (cv 93356 count 6, gcd 105723 count 6)
S5947	c	item 43990 judged #1-8 does not fit the S run (cv 155059 count 6, gcd 201225 count 6)
S5960	e	26 files
S5978	b	1/1 per-file CV links name another volume (74718x1)
S5981	b	38/38 per-file CV links name another volume (163869x38)
S5981	e	44 files
S5987	c	item 30524 RANGE CONTRADICTED by GCD notes (count): judged #6-10, GCD says Earthdivers (IDW, 2022 series) #7-10
S5987	c	item 30523 RANGE CONTRADICTED by GCD notes (count): judged #1-5, GCD says Earthdivers (IDW, 2022 series) #1-6
S6002	c	item 44543 judged #98-104 does not fit the S run (cv 27357 count 14, gcd 42822 count 14)
S6002	c	item 44544 judged #105-111 does not fit the S run (cv 27357 count 14, gcd 42822 count 14)
S6002	c	item 44545 judged #112-118 does not fit the S run (cv 27357 count 14, gcd 42822 count 14)
S6037	c	item 22638 RANGE CONTRADICTED by GCD notes (offset): judged #91-95, GCD says Eerie #90-94
S6037	e	27 files
S6051	b	2/2 per-file CV links name another volume (79963x1, 87772x1)
S6051	f	6 shelf/shelves merged in after the wave that landed B-020 (2026-09-10): S6052, S6053, S6055, S6056, S6058
S6071	b	5/5 per-file CV links name another volume (9408x5)
S6080	e	43 files
S6082	b	1/1 per-file CV links name another volume (139021x1)
S6083	f	1 shelf/shelves merged in after the wave that landed R-046 (2026-09-23): S103546
S6093	b	4/4 per-file CV links name another volume (81075x4)
S6147	e	25 files
S6180	b	1/1 per-file CV links name another volume (140153x1)
S6203	a-S	gcd 18427 is also the S of S7938
S6203	a-C	gcd 18427 named by 4 C line(s) on books of S64826
S6207	c	item 41418 judged #7-12 does not fit the S run (cv 98861 count 9, gcd 118174 count 5)
S6207	c	item 41423 judged #36-40 does not fit the S run (cv 98861 count 9, gcd 118174 count 5)
S6207	c	item 41424 judged #41-44 does not fit the S run (cv 98861 count 9, gcd 118174 count 5)
S6207	c	item 41419 judged #13-18 does not fit the S run (cv 98861 count 9, gcd 118174 count 5)
S6207	c	item 41420 judged #19-24 does not fit the S run (cv 98861 count 9, gcd 118174 count 5)
S6207	c	item 41421 judged #25-30 does not fit the S run (cv 98861 count 9, gcd 118174 count 5)
S6207	c	item 41422 judged #31-35 does not fit the S run (cv 98861 count 9, gcd 118174 count 5)
S6233	b	7/7 per-file CV links name another volume (133080x7)
S6250	b	1/1 per-file CV links name another volume (119123x1)
S6264	b	2/2 per-file CV links name another volume (127377x2)
S6264	c	item 8849 judged #6-10 does not fit the S run (cv 121075 count 5, gcd 150068 count 5)
S6284	d	label-ambiguous item 98946
S6284	e	169 files
S6290	b	4/4 per-file CV links name another volume (4052x4)
S6295	a-S	gcd 112667 is also the S of S6296
S6295	a-S	gcd 112667 is also the S of S6297
S6295	a-S	gcd 112667 is also the S of S6298
S6295	a-S	gcd 112667 is also the S of S6299
S6295	a-S	gcd 112667 is also the S of S6301
S6295	a-S	gcd 112667 is also the S of S35238
S6295	d	label-ambiguous item 117869
S6296	a-S	gcd 112667 is also the S of S6295
S6296	a-S	gcd 112667 is also the S of S6298
S6296	a-S	gcd 112667 is also the S of S6299
S6296	a-S	gcd 112667 is also the S of S35238
S6297	a-S	gcd 112667 is also the S of S6295
S6297	a-S	gcd 112667 is also the S of S6299
S6297	a-S	gcd 112667 is also the S of S6301
S6297	a-S	gcd 112667 is also the S of S35238
S6298	a-S	gcd 112667 is also the S of S6295
S6298	a-S	gcd 112667 is also the S of S6296
S6298	a-S	gcd 112667 is also the S of S6301
S6298	a-S	gcd 112667 is also the S of S35238
S6299	a-S	gcd 112667 is also the S of S6295
S6299	a-S	gcd 112667 is also the S of S6296
S6299	a-S	gcd 112667 is also the S of S6297
S6299	a-S	gcd 112667 is also the S of S35238
S6301	a-S	gcd 112667 is also the S of S6295
S6301	a-S	gcd 112667 is also the S of S6297
S6301	a-S	gcd 112667 is also the S of S6298
S6301	a-S	gcd 112667 is also the S of S35238
S6312	e	220 files
S6321	b	13/13 per-file CV links name another volume (150522x13)
S6340	e	21 files
S6364	a-I	cv 118108 named by 1 I line(s) on books of S20426
S6365	b	23/24 per-file CV links name another volume (39453x23)
S6365	e	24 files
S6376	e	33 files
S6390	a-S	gcd 40684 is also the S of S21684
S6392	b	5/5 per-file CV links name another volume (61654x5)
S6397	b	1/1 per-file CV links name another volume (121387x1)
S6432	f	1 files when A-020 was read, 7 now (no merge explains it)
S6478	b	1/1 per-file CV links name another volume (115881x1)
S6490	d	label-ambiguous item 79743
S6495	a-S	gcd 79136 is also the S of S6496
S6495	a-S	gcd 79136 is also the S of S6497
S6495	a-S	gcd 79136 is also the S of S6498
S6495	a-S	gcd 79136 is also the S of S6499
S6495	a-S	gcd 79136 is also the S of S6500
S6495	a-S	gcd 79136 is also the S of S6501
S6495	a-S	gcd 79136 is also the S of S6502
S6495	a-S	gcd 79136 is also the S of S6503
S6495	a-S	gcd 79136 is also the S of S6504
S6495	a-S	gcd 79136 is also the S of S6505
S6496	a-S	gcd 79136 is also the S of S6495
S6496	a-S	gcd 79136 is also the S of S6498
S6496	a-S	gcd 79136 is also the S of S6499
S6496	a-S	gcd 79136 is also the S of S6500
S6496	a-S	gcd 79136 is also the S of S6501
S6496	a-S	gcd 79136 is also the S of S6502
S6496	a-S	gcd 79136 is also the S of S6503
S6496	a-S	gcd 79136 is also the S of S6504
S6497	a-S	gcd 79136 is also the S of S6495
S6497	a-S	gcd 79136 is also the S of S6499
S6497	a-S	gcd 79136 is also the S of S6500
S6497	a-S	gcd 79136 is also the S of S6501
S6497	a-S	gcd 79136 is also the S of S6502
S6497	a-S	gcd 79136 is also the S of S6503
S6497	a-S	gcd 79136 is also the S of S6504
S6497	a-S	gcd 79136 is also the S of S6505
S6498	a-S	gcd 79136 is also the S of S6495
S6498	a-S	gcd 79136 is also the S of S6496
S6498	a-S	gcd 79136 is also the S of S6500
S6498	a-S	gcd 79136 is also the S of S6501
S6498	a-S	gcd 79136 is also the S of S6502
S6498	a-S	gcd 79136 is also the S of S6503
S6498	a-S	gcd 79136 is also the S of S6504
S6498	a-S	gcd 79136 is also the S of S6505
S6499	a-S	gcd 79136 is also the S of S6495
S6499	a-S	gcd 79136 is also the S of S6496
S6499	a-S	gcd 79136 is also the S of S6497
S6499	a-S	gcd 79136 is also the S of S6500
S6499	a-S	gcd 79136 is also the S of S6502
S6499	a-S	gcd 79136 is also the S of S6503
S6499	a-S	gcd 79136 is also the S of S6504
S6499	a-S	gcd 79136 is also the S of S6505
S6500	a-S	gcd 79136 is also the S of S6495
S6500	a-S	gcd 79136 is also the S of S6496
S6500	a-S	gcd 79136 is also the S of S6497
S6500	a-S	gcd 79136 is also the S of S6498
S6500	a-S	gcd 79136 is also the S of S6499
S6500	a-S	gcd 79136 is also the S of S6501
S6500	a-S	gcd 79136 is also the S of S6502
S6500	a-S	gcd 79136 is also the S of S6503
S6500	a-S	gcd 79136 is also the S of S6504
S6500	a-S	gcd 79136 is also the S of S6505
S6501	a-S	gcd 79136 is also the S of S6495
S6501	a-S	gcd 79136 is also the S of S6496
S6501	a-S	gcd 79136 is also the S of S6497
S6501	a-S	gcd 79136 is also the S of S6498
S6501	a-S	gcd 79136 is also the S of S6500
S6501	a-S	gcd 79136 is also the S of S6503
S6501	a-S	gcd 79136 is also the S of S6504
S6501	a-S	gcd 79136 is also the S of S6505
S6502	a-S	gcd 79136 is also the S of S6495
S6502	a-S	gcd 79136 is also the S of S6496
S6502	a-S	gcd 79136 is also the S of S6497
S6502	a-S	gcd 79136 is also the S of S6498
S6502	a-S	gcd 79136 is also the S of S6499
S6502	a-S	gcd 79136 is also the S of S6500
S6502	a-S	gcd 79136 is also the S of S6504
S6502	a-S	gcd 79136 is also the S of S6505
S6503	a-S	gcd 79136 is also the S of S6495
S6503	a-S	gcd 79136 is also the S of S6496
S6503	a-S	gcd 79136 is also the S of S6497
S6503	a-S	gcd 79136 is also the S of S6498
S6503	a-S	gcd 79136 is also the S of S6499
S6503	a-S	gcd 79136 is also the S of S6500
S6503	a-S	gcd 79136 is also the S of S6501
S6503	a-S	gcd 79136 is also the S of S6505
S6504	a-S	gcd 79136 is also the S of S6495
S6504	a-S	gcd 79136 is also the S of S6496
S6504	a-S	gcd 79136 is also the S of S6497
S6504	a-S	gcd 79136 is also the S of S6498
S6504	a-S	gcd 79136 is also the S of S6499
S6504	a-S	gcd 79136 is also the S of S6500
S6504	a-S	gcd 79136 is also the S of S6501
S6504	a-S	gcd 79136 is also the S of S6502
S6505	a-S	gcd 79136 is also the S of S6495
S6505	a-S	gcd 79136 is also the S of S6497
S6505	a-S	gcd 79136 is also the S of S6498
S6505	a-S	gcd 79136 is also the S of S6499
S6505	a-S	gcd 79136 is also the S of S6500
S6505	a-S	gcd 79136 is also the S of S6501
S6505	a-S	gcd 79136 is also the S of S6502
S6505	a-S	gcd 79136 is also the S of S6503
S6545	e	55 files
S6599	c	item 112166 judged #1-6 does not fit the S run (cv 113871 count 5, gcd 143795 count 5)
S6603	e	93 files
S6608	e	146 files
S6632	b	1/1 per-file CV links name another volume (40154x1)
S6636	c	item 9731 judged #13-16 does not fit the S run (cv 106122 count 12, gcd 118622 count 12)
S6640	a-I	gcd 123731 named by 4 I line(s) on books of S6636
S6640	a-I	gcd 123731 named by 1 I line(s) on books of S6639
S6652	b	1/1 per-file CV links name another volume (126344x1)
S6682	e	24 files
S6700	a-S	gcd 161515 is also the S of S35258
S6713	c	item 9762 RANGE CONTRADICTED by GCD notes (count): judged #17-20, GCD says Firefly (Boom! Studios, 2018 series) #16-20
S6739	e	41 files
S6752	c	item 44574 judged #147-160 does not fit the S run (cv - count -, gcd 173337 count 18)
S6752	c	item 44575 judged #161-174 does not fit the S run (cv - count -, gcd 173337 count 18)
S6752	c	item 44570 judged #95-108 does not fit the S run (cv - count -, gcd 173337 count 18)
S6752	c	item 44571 judged #109-122 does not fit the S run (cv - count -, gcd 173337 count 18)
S6752	c	item 44572 judged #123-136 does not fit the S run (cv - count -, gcd 173337 count 18)
S6752	c	item 44573 judged #137-146 does not fit the S run (cv - count -, gcd 173337 count 18)
S6752	c	item 44566 judged #41-54 does not fit the S run (cv - count -, gcd 173337 count 18)
S6752	c	item 44567 judged #55-67 does not fit the S run (cv - count -, gcd 173337 count 18)
S6752	c	item 44568 judged #68-80 does not fit the S run (cv - count -, gcd 173337 count 18)
S6752	c	item 44569 judged #81-94 does not fit the S run (cv - count -, gcd 173337 count 18)
S6752	c	item 44564 judged #14-27 does not fit the S run (cv - count -, gcd 173337 count 18)
S6752	c	item 44565 judged #28-40 does not fit the S run (cv - count -, gcd 173337 count 18)
S6752	c	item 44584 judged #226-235 does not fit the S run (cv - count -, gcd 173337 count 18)
S6752	c	item 44585 judged #236-245 does not fit the S run (cv - count -, gcd 173337 count 18)
S6752	c	item 44578 judged #171-179 does not fit the S run (cv - count -, gcd 173337 count 18)
S6752	c	item 44579 judged #180-188 does not fit the S run (cv - count -, gcd 173337 count 18)
S6752	c	item 44580 judged #189-197 does not fit the S run (cv - count -, gcd 173337 count 18)
S6752	c	item 44581 judged #198-206 does not fit the S run (cv - count -, gcd 173337 count 18)
S6752	c	item 44582 judged #207-215 does not fit the S run (cv - count -, gcd 173337 count 18)
S6752	c	item 44583 judged #216-225 does not fit the S run (cv - count -, gcd 173337 count 18)
S6752	c	item 44576 judged #153-161 does not fit the S run (cv - count -, gcd 173337 count 18)
S6752	c	item 44577 judged #162-170 does not fit the S run (cv - count -, gcd 173337 count 18)
S6752	e	26 files
S6861	a-C	gcd 5009 named by 1 C line(s) on books of S103695
S6873	b	1/1 per-file CV links name another volume (121749x1)
S6978	c	item 44619 judged #13-18 does not fit the S run (cv 50829 count 12, gcd 140872 count 12)
S6978	c	item 44620 judged #19-24 does not fit the S run (cv 50829 count 12, gcd 140872 count 12)
S6978	c	item 44621 judged #25-31 does not fit the S run (cv 50829 count 12, gcd 140872 count 12)
S6978	c	item 44622 judged #32-38 does not fit the S run (cv 50829 count 12, gcd 140872 count 12)
S6978	c	item 44623 judged #39-45 does not fit the S run (cv 50829 count 12, gcd 140872 count 12)
S6978	c	item 44624 judged #46-52 does not fit the S run (cv 50829 count 12, gcd 140872 count 12)
S6978	c	item 44625 judged #53-59 does not fit the S run (cv 50829 count 12, gcd 140872 count 12)
S6978	c	item 44626 judged #60-66 does not fit the S run (cv 50829 count 12, gcd 140872 count 12)
S6978	c	item 44627 judged #67-73 does not fit the S run (cv 50829 count 12, gcd 140872 count 12)
S6978	c	item 44628 judged #74-82 does not fit the S run (cv 50829 count 12, gcd 140872 count 12)
S6982	f	1 shelf/shelves merged in after the wave that landed R-026 (2026-09-17): S6983
S7004	e	36 files
S7025	c	item 36519 judged #1-6 does not fit the S run (cv 139129 count 5, gcd 176413 count 5)
S7042	f	1 shelf/shelves merged in after the wave that landed R-082 (2026-09-23): S103873
S7053	b	1/1 per-file CV links name another volume (131304x1)
S7085	c	item 43401 judged #18-27 does not fit the S run (cv 85810 count 20, gcd - count -)
S7085	c	item 43410 judged #106-115 does not fit the S run (cv 85810 count 20, gcd - count -)
S7085	c	item 43404 judged #47-55 does not fit the S run (cv 85810 count 20, gcd - count -)
S7085	c	item 43405 judged #56-65 does not fit the S run (cv 85810 count 20, gcd - count -)
S7085	c	item 43406 judged #66-75 does not fit the S run (cv 85810 count 20, gcd - count -)
S7085	c	item 43407 judged #76-85 does not fit the S run (cv 85810 count 20, gcd - count -)
S7085	c	item 43408 judged #86-95 does not fit the S run (cv 85810 count 20, gcd - count -)
S7085	c	item 43409 judged #96-105 does not fit the S run (cv 85810 count 20, gcd - count -)
S7085	c	item 43402 judged #28-36 does not fit the S run (cv 85810 count 20, gcd - count -)
S7085	c	item 43403 judged #37-46 does not fit the S run (cv 85810 count 20, gcd - count -)
S7085	e	92 files
S7094	c	item 32221 judged #251-255 does not fit the S run (cv 3138 count 155, gcd - count -)
S7094	c	item 32222 judged #256-260 does not fit the S run (cv 3138 count 155, gcd - count -)
S7094	c	item 32223 judged #261-265 does not fit the S run (cv 3138 count 155, gcd - count -)
S7094	c	item 32224 judged #266-275 does not fit the S run (cv 3138 count 155, gcd - count -)
S7094	c	item 32218 judged #241-245 does not fit the S run (cv 3138 count 155, gcd - count -)
S7094	c	item 32219 judged #246-250 does not fit the S run (cv 3138 count 155, gcd - count -)
S7094	c	item 32216 judged #231-235 does not fit the S run (cv 3138 count 155, gcd - count -)
S7094	c	item 32217 judged #236-240 does not fit the S run (cv 3138 count 155, gcd - count -)
S7094	c	item 32213 judged #219-221 does not fit the S run (cv 3138 count 155, gcd - count -)
S7094	c	item 32214 judged #222-225 does not fit the S run (cv 3138 count 155, gcd - count -)
S7094	c	item 32215 judged #226-230 does not fit the S run (cv 3138 count 155, gcd - count -)
S7094	c	item 32210 judged #206-210 does not fit the S run (cv 3138 count 155, gcd - count -)
S7094	c	item 32211 judged #211-215 does not fit the S run (cv 3138 count 155, gcd - count -)
S7094	c	item 32212 judged #216-218 does not fit the S run (cv 3138 count 155, gcd - count -)
S7094	e	79 files
S7097	d	label-ambiguous item 36563
S7108	b	13/13 per-file CV links name another volume (55158x13)
S7108	d	label-ambiguous item 32088
S7138	b	23/28 per-file CV links name another volume (3138x22, 159935x1)
S7138	e	28 files
S7148	c	item 41477 judged #33-41 does not fit the S run (cv 32732 count 25, gcd 20226 count 25)
S7148	c	item 41478 judged #42-50 does not fit the S run (cv 32732 count 25, gcd 20226 count 25)
S7148	c	item 41479 judged #51-59 does not fit the S run (cv 32732 count 25, gcd 20226 count 25)
S7148	c	item 41480 judged #60-68 does not fit the S run (cv 32732 count 25, gcd 20226 count 25)
S7148	c	item 41481 judged #69-77 does not fit the S run (cv 32732 count 25, gcd 20226 count 25)
S7148	c	item 41482 judged #78-86 does not fit the S run (cv 32732 count 25, gcd 20226 count 25)
S7148	c	item 41483 judged #87-92 does not fit the S run (cv 32732 count 25, gcd 20226 count 25)
S7148	c	item 41484 judged #93-97 does not fit the S run (cv 32732 count 25, gcd 20226 count 25)
S7148	c	item 41485 judged #98-106 does not fit the S run (cv 32732 count 25, gcd 20226 count 25)
S7148	c	item 41486 judged #107-114 does not fit the S run (cv 32732 count 25, gcd 20226 count 25)
S7148	c	item 41487 judged #115-123 does not fit the S run (cv 32732 count 25, gcd 20226 count 25)
S7148	c	item 41488 judged #124-132 does not fit the S run (cv 32732 count 25, gcd 20226 count 25)
S7148	c	item 41489 judged #133-141 does not fit the S run (cv 32732 count 25, gcd 20226 count 25)
S7148	c	item 41490 judged #142-150 does not fit the S run (cv 32732 count 25, gcd 20226 count 25)
S7148	c	item 41491 judged #151-157 does not fit the S run (cv 32732 count 25, gcd 20226 count 25)
S7148	c	item 41492 judged #158-164 does not fit the S run (cv 32732 count 25, gcd 20226 count 25)
S7148	c	item 41493 judged #165-172 does not fit the S run (cv 32732 count 25, gcd 20226 count 25)
S7148	c	item 41494 judged #173-181 does not fit the S run (cv 32732 count 25, gcd 20226 count 25)
S7148	c	item 41495 judged #182-188 does not fit the S run (cv 32732 count 25, gcd 20226 count 25)
S7148	c	item 41496 judged #189-195 does not fit the S run (cv 32732 count 25, gcd 20226 count 25)
S7148	c	item 41497 judged #196-200 does not fit the S run (cv 32732 count 25, gcd 20226 count 25)
S7148	c	item 41476 judged #24-32 does not fit the S run (cv 32732 count 25, gcd 20226 count 25)
S7148	e	25 files
S7151	a-S	gcd 54528 is also the S of S21563
S7177	b	1/1 per-file CV links name another volume (120686x1)
S7289	d	label-ambiguous item 105999
S7309	e	21 files
S7339	e	156 files
S7350	a-S	gcd 174151 is also the S of S7351
S7350	a-S	gcd 174151 is also the S of S7352
S7351	a-S	gcd 174151 is also the S of S7350
S7351	a-S	gcd 174151 is also the S of S7352
S7352	a-S	gcd 174151 is also the S of S7350
S7352	a-S	gcd 174151 is also the S of S7351
S7361	b	1/1 per-file CV links name another volume (54977x1)
S7417	b	6/6 per-file CV links name another volume (70051x6)
S7465	b	3/3 per-file CV links name another volume (111468x3)
S7474	e	25 files
S7479	b	2/2 per-file CV links name another volume (86353x2)
S7501	b	4/4 per-file CV links name another volume (159168x4)
S7502	b	4/4 per-file CV links name another volume (2503x4)
S7511	c	item 44649 judged #68-77 does not fit the S run (cv 44126 count 69, gcd 84559 count 68)
S7511	c	item 44651 judged #88-97 does not fit the S run (cv 44126 count 69, gcd 84559 count 68)
S7511	c	item 44652 judged #98-107 does not fit the S run (cv 44126 count 69, gcd 84559 count 68)
S7511	c	item 44653 judged #108-117 does not fit the S run (cv 44126 count 69, gcd 84559 count 68)
S7511	c	item 44654 judged #118-127 does not fit the S run (cv 44126 count 69, gcd 84559 count 68)
S7511	c	item 44655 judged #128-137 does not fit the S run (cv 44126 count 69, gcd 84559 count 68)
S7511	c	item 44650 judged #78-87 does not fit the S run (cv 44126 count 69, gcd 84559 count 68)
S7542	a-C	cv 2763 named by 1 C line(s) on books of S103837
S7624	b	1/1 per-file CV links name another volume (112314x1)
S7626	d	duplicate-edition item 32688
S7651	d	span-retracted item 30672
S7651	e	26 files
S7662	a-C	gcd 75120 named by 5 C line(s) on books of S7663
S7663	a-I	gcd 80271 named by 1 I line(s) on books of S7662
S7696	b	1/1 per-file CV links name another volume (122045x1)
S7700	b	39/39 per-file CV links name another volume (18720x39)
S7700	e	55 files
S7764	c	item 43429 judged #13-14 does not fit the S run (cv 38809 count 13, gcd 16635 count 13)
S7764	c	item 43435 judged #25-26 does not fit the S run (cv 38809 count 13, gcd 16635 count 13)
S7764	c	item 43430 judged #15-16 does not fit the S run (cv 38809 count 13, gcd 16635 count 13)
S7764	c	item 43431 judged #17-18 does not fit the S run (cv 38809 count 13, gcd 16635 count 13)
S7764	c	item 43432 judged #19-20 does not fit the S run (cv 38809 count 13, gcd 16635 count 13)
S7764	c	item 43433 judged #21-22 does not fit the S run (cv 38809 count 13, gcd 16635 count 13)
S7764	c	item 43434 judged #23-24 does not fit the S run (cv 38809 count 13, gcd 16635 count 13)
S7767	b	1/1 per-file CV links name another volume (136297x1)
S7810	b	2/2 per-file CV links name another volume (103516x2)
S7830	d	label-ambiguous item 27932
S7834	a-S	gcd 42860 is also the S of S7836
S7836	a-S	gcd 42860 is also the S of S7834
S7842	e	21 files
S7857	c	item 44794 judged #1-8 does not fit the S run (cv 169702 count 1, gcd 215995 count 7)
S7857	c	item 44795 judged #9-17 does not fit the S run (cv 169702 count 1, gcd 215995 count 7)
S7917	f	1 shelf/shelves merged in after the wave that landed R-051 (2026-09-23): S103790
S7918	b	2/2 per-file CV links name another volume (84425x2)
S7930	a-I	cv 42805 named by 1 I line(s) on books of S64826
S8013	d	label-ambiguous item 115945
S8045	b	6/6 per-file CV links name another volume (52442x6)
S8085	b	11/11 per-file CV links name another volume (45398x11)
S8099	b	2/2 per-file CV links name another volume (75347x2)
S8135	a-I	gcd 200285 named by 1 I line(s) on books of S8314
S8138	b	34/40 per-file CV links name another volume (4398x34)
S8138	e	41 files
S8162	b	3/3 per-file CV links name another volume (4398x3)
S8170	e	24 files
S8201	c	item 42089 judged #12-17 does not fit the S run (cv 106713 count 15, gcd 100027 count 15)
S8201	c	item 42090 judged #18-22 does not fit the S run (cv 106713 count 15, gcd 100027 count 15)
S8201	c	item 42091 judged #23-27 does not fit the S run (cv 106713 count 15, gcd 100027 count 15)
S8201	c	item 42092 judged #28-32 does not fit the S run (cv 106713 count 15, gcd 100027 count 15)
S8201	c	item 42093 judged #33-37 does not fit the S run (cv 106713 count 15, gcd 100027 count 15)
S8201	c	item 42094 judged #38-44 does not fit the S run (cv 106713 count 15, gcd 100027 count 15)
S8201	c	item 42095 judged #45-50 does not fit the S run (cv 106713 count 15, gcd 100027 count 15)
S8201	c	item 42096 judged #51-58 does not fit the S run (cv 106713 count 15, gcd 100027 count 15)
S8201	c	item 42097 judged #59-66 does not fit the S run (cv 106713 count 15, gcd 100027 count 15)
S8201	c	item 42098 judged #67-73 does not fit the S run (cv 106713 count 15, gcd 100027 count 15)
S8201	c	item 42099 judged #74-82 does not fit the S run (cv 106713 count 15, gcd 100027 count 15)
S8201	c	item 42100 judged #83-90 does not fit the S run (cv 106713 count 15, gcd 100027 count 15)
S8201	c	item 42101 judged #91-100 does not fit the S run (cv 106713 count 15, gcd 100027 count 15)
S8278	b	5/5 per-file CV links name another volume (61823x5)
S8317	e	44 files
S8331	d	label-ambiguous item 39989
S8337	e	41 files
S8429	b	5/5 per-file CV links name another volume (36406x5)
S8456	d	label-ambiguous item 97041
S8476	b	1/1 per-file CV links name another volume (129992x1)
S8478	d	label-ambiguous item 27687
S8533	b	203/203 per-file CV links name another volume (145310x203)
S8533	d	label-ambiguous item 29595
S8533	e	306 files
S8539	d	label-ambiguous item 110006
S8798	b	1/1 per-file CV links name another volume (90260x1)
S8808	b	2/2 per-file CV links name another volume (122111x2)
S8832	b	43/43 per-file CV links name another volume (76016x43)
S8832	e	44 files
S8869	c	item 43508 judged #5-8 does not fit the S run (cv 130311 count 4, gcd - count -)
S8869	c	item 43509 judged #9-12 does not fit the S run (cv 130311 count 4, gcd - count -)
S8869	c	item 43510 judged #13-16 does not fit the S run (cv 130311 count 4, gcd - count -)
S8877	d	label-ambiguous item 10059
S8885	c	item 43511 judged #1-7 does not fit the S run (cv 125268 count 3, gcd - count -)
S8885	c	item 43512 judged #8-14 does not fit the S run (cv 125268 count 3, gcd - count -)
S8885	c	item 43513 judged #15-18 does not fit the S run (cv 125268 count 3, gcd - count -)
S8903	a-C	cv 113073 named by 1 C line(s) on books of S8902
S8903	a-C	gcd 140647 named by 1 C line(s) on books of S8902
S8903	a-I	gcd 140647 named by 1 I line(s) on books of S8902
S8929	a-I	gcd 5510 named by 1 I line(s) on books of S22647
S8942	b	1/1 per-file CV links name another volume (123317x1)
S8943	b	1/1 per-file CV links name another volume (128569x1)
S8946	b	1/1 per-file CV links name another volume (135875x1)
S9026	e	165 files
S9027	d	label-ambiguous item 112772
S9027	e	44 files
S9065	b	1/1 per-file CV links name another volume (78507x1)
S9076	a-C	cv 4793 named by 1 C line(s) on books of S9069
S9076	a-C	gcd 4456 named by 1 C line(s) on books of S9069
S9083	a-I	cv 35538 named by 1 I line(s) on books of S94719
S9083	a-I	gcd 32708 named by 1 I line(s) on books of S94719
S9190	e	23 files
S9225	c	item 44856 judged #1-10 does not fit the S run (cv 116471 count 1, gcd - count -)
S9229	e	22 files
S9236	c	item 42615 judged #5-8 does not fit the S run (cv 106014 count 5, gcd - count -)
S9282	b	12/12 per-file CV links name another volume (107806x12)
S9289	a-S	gcd 103474 is also the S of S97739
S9305	b	2/2 per-file CV links name another volume (18206x2)
S9308	e	68 files
S9319	b	1/1 per-file CV links name another volume (81242x1)
S9370	d	label-ambiguous item 116974
S9377	a-I	cv 34944 named by 1 I line(s) on books of S94860
S9385	a-S	gcd 87446 is also the S of S9386
S9385	a-S	gcd 87446 is also the S of S9387
S9385	a-S	gcd 87446 is also the S of S9388
S9385	a-S	gcd 87446 is also the S of S9389
S9385	a-S	gcd 87446 is also the S of S9390
S9385	a-S	gcd 87446 is also the S of S9391
S9385	a-S	gcd 87446 is also the S of S9392
S9385	a-S	gcd 87446 is also the S of S9393
S9386	a-S	gcd 87446 is also the S of S9385
S9386	a-S	gcd 87446 is also the S of S9388
S9386	a-S	gcd 87446 is also the S of S9389
S9386	a-S	gcd 87446 is also the S of S9390
S9386	a-S	gcd 87446 is also the S of S9391
S9386	a-S	gcd 87446 is also the S of S9392
S9387	a-S	gcd 87446 is also the S of S9385
S9387	a-S	gcd 87446 is also the S of S9389
S9387	a-S	gcd 87446 is also the S of S9390
S9387	a-S	gcd 87446 is also the S of S9391
S9387	a-S	gcd 87446 is also the S of S9392
S9387	a-S	gcd 87446 is also the S of S9393
S9388	a-S	gcd 87446 is also the S of S9385
S9388	a-S	gcd 87446 is also the S of S9386
S9388	a-S	gcd 87446 is also the S of S9390
S9388	a-S	gcd 87446 is also the S of S9391
S9388	a-S	gcd 87446 is also the S of S9392
S9388	a-S	gcd 87446 is also the S of S9393
S9389	a-S	gcd 87446 is also the S of S9385
S9389	a-S	gcd 87446 is also the S of S9386
S9389	a-S	gcd 87446 is also the S of S9387
S9389	a-S	gcd 87446 is also the S of S9391
S9389	a-S	gcd 87446 is also the S of S9392
S9389	a-S	gcd 87446 is also the S of S9393
S9390	a-S	gcd 87446 is also the S of S9385
S9390	a-S	gcd 87446 is also the S of S9386
S9390	a-S	gcd 87446 is also the S of S9387
S9390	a-S	gcd 87446 is also the S of S9388
S9390	a-S	gcd 87446 is also the S of S9392
S9390	a-S	gcd 87446 is also the S of S9393
S9391	a-S	gcd 87446 is also the S of S9385
S9391	a-S	gcd 87446 is also the S of S9386
S9391	a-S	gcd 87446 is also the S of S9387
S9391	a-S	gcd 87446 is also the S of S9388
S9391	a-S	gcd 87446 is also the S of S9389
S9391	a-S	gcd 87446 is also the S of S9393
S9392	a-S	gcd 87446 is also the S of S9385
S9392	a-S	gcd 87446 is also the S of S9386
S9392	a-S	gcd 87446 is also the S of S9387
S9392	a-S	gcd 87446 is also the S of S9388
S9392	a-S	gcd 87446 is also the S of S9389
S9392	a-S	gcd 87446 is also the S of S9390
S9393	a-S	gcd 87446 is also the S of S9385
S9393	a-S	gcd 87446 is also the S of S9387
S9393	a-S	gcd 87446 is also the S of S9388
S9393	a-S	gcd 87446 is also the S of S9389
S9393	a-S	gcd 87446 is also the S of S9390
S9393	a-S	gcd 87446 is also the S of S9391
S9401	e	23 files
S9405	b	1/1 per-file CV links name another volume (117210x1)
S9421	b	4/4 per-file CV links name another volume (51230x4)
S9434	b	7/7 per-file CV links name another volume (134140x7)
S9439	a-C	cv 66319 named by 4 C line(s) on books of S64201
S9439	a-C	gcd 75977 named by 4 C line(s) on books of S64201
S9439	d	arithmetic-odd item 117741
S9460	d	label-ambiguous item 117830
S9475	e	81 files
S9480	e	39 files
S9480	f	1 shelf/shelves merged in after the wave that landed R-038 (2026-09-23): S103137
S9489	e	24 files
S9497	c	item 43594 judged #32-64 does not fit the S run (cv 82453 count 9, gcd 121290 count 9)
S9497	c	item 43595 judged #65-99 does not fit the S run (cv 82453 count 9, gcd 121290 count 9)
S9497	c	item 43593 judged #1-31 does not fit the S run (cv 82453 count 9, gcd 121290 count 9)
S9504	d	label-ambiguous item 4460
S9507	b	1/1 per-file CV links name another volume (119854x1)
S9520	c	item 46071 judged #519-558 does not fit the S run (cv 47016 count 18, gcd - count -)
S9520	c	item 46067 judged #389-418 does not fit the S run (cv 47016 count 18, gcd - count -)
S9520	c	item 46068 judged #419-448 does not fit the S run (cv 47016 count 18, gcd - count -)
S9520	c	item 46069 judged #449-478 does not fit the S run (cv 47016 count 18, gcd - count -)
S9520	c	item 46070 judged #479-518 does not fit the S run (cv 47016 count 18, gcd - count -)
S9520	c	item 46063 judged #269-298 does not fit the S run (cv 47016 count 18, gcd - count -)
S9520	c	item 46064 judged #299-328 does not fit the S run (cv 47016 count 18, gcd - count -)
S9520	c	item 46065 judged #329-358 does not fit the S run (cv 47016 count 18, gcd - count -)
S9520	c	item 46066 judged #359-388 does not fit the S run (cv 47016 count 18, gcd - count -)
S9520	c	item 46059 judged #149-178 does not fit the S run (cv 47016 count 18, gcd - count -)
S9520	c	item 46060 judged #179-208 does not fit the S run (cv 47016 count 18, gcd - count -)
S9520	c	item 46061 judged #209-238 does not fit the S run (cv 47016 count 18, gcd - count -)
S9520	c	item 46062 judged #239-268 does not fit the S run (cv 47016 count 18, gcd - count -)
S9520	c	item 46055 judged #29-58 does not fit the S run (cv 47016 count 18, gcd - count -)
S9520	c	item 46056 judged #59-88 does not fit the S run (cv 47016 count 18, gcd - count -)
S9520	c	item 46057 judged #89-118 does not fit the S run (cv 47016 count 18, gcd - count -)
S9520	c	item 46058 judged #119-148 does not fit the S run (cv 47016 count 18, gcd - count -)
S9520	c	item 46054 judged #1-28 does not fit the S run (cv 47016 count 18, gcd - count -)
S9536	a-C	cv 17993 named by 1 C line(s) on books of S102519
S9536	a-C	gcd 17010 named by 1 C line(s) on books of S102519
S9536	b	26/26 per-file CV links name another volume (39340x26)
S9536	e	26 files
S9539	e	58 files
S9565	a-I	cv 83138 named by 1 I line(s) on books of S102965
S9565	a-I	gcd 86055 named by 1 I line(s) on books of S102965
S9575	b	14/14 per-file CV links name another volume (150441x14)
S9583	b	12/12 per-file CV links name another volume (36926x9, 150441x3)
S9583	f	1 shelf/shelves merged in after the wave that landed R-048 (2026-09-23): S103705
S9608	a-I	cv 136475 named by 1 I line(s) on books of S97889
S9608	a-I	gcd 173292 named by 1 I line(s) on books of S97889
S9634	b	1/1 per-file CV links name another volume (49505x1)
S9644	b	1/1 per-file CV links name another volume (48746x1)
S9656	c	item 39907 judged #6-10 does not fit the S run (cv 112427 count 6, gcd - count -)
S9656	c	item 39911 judged #26-30 does not fit the S run (cv 112427 count 6, gcd - count -)
S9656	c	item 39908 judged #11-15 does not fit the S run (cv 112427 count 6, gcd - count -)
S9656	c	item 39909 judged #16-20 does not fit the S run (cv 112427 count 6, gcd - count -)
S9656	c	item 39910 judged #21-25 does not fit the S run (cv 112427 count 6, gcd - count -)
S9680	e	42 files
S9704	d	label-ambiguous item 16933
S9704	e	95 files
S9770	b	6/6 per-file CV links name another volume (91536x4, 85766x2)
S9770	f	1 shelf/shelves merged in after the wave that landed R-037 (2026-09-23): S102968
S9889	b	1/1 per-file CV links name another volume (61021x1)
S9929	e	22 files
S9953	e	21 files
S9971	b	1/1 per-file CV links name another volume (72930x1)
S9974	b	3/3 per-file CV links name another volume (138233x3)
S9984	a-C	cv 1497 named by 2 C line(s) on books of S103607
S9984	a-C	gcd 896 named by 2 C line(s) on books of S103607
S9984	d	label-ambiguous item 117514
S9984	e	102 files
S10010	b	1/1 per-file CV links name another volume (147187x1)
S10056	b	3/3 per-file CV links name another volume (151274x3)
S10056	c	item 44894 judged #26-34 does not fit the S run (cv 123211 count 29, gcd 153402 count 31)
S10056	c	item 44912 judged #191-199 does not fit the S run (cv 123211 count 29, gcd 153402 count 31)
S10056	c	item 44909 judged #162-171 does not fit the S run (cv 123211 count 29, gcd 153402 count 31)
S10056	c	item 44910 judged #172-180 does not fit the S run (cv 123211 count 29, gcd 153402 count 31)
S10056	c	item 44911 judged #181-190 does not fit the S run (cv 123211 count 29, gcd 153402 count 31)
S10056	c	item 44904 judged #116-124 does not fit the S run (cv 123211 count 29, gcd 153402 count 31)
S10056	c	item 44905 judged #125-133 does not fit the S run (cv 123211 count 29, gcd 153402 count 31)
S10056	c	item 44906 judged #134-142 does not fit the S run (cv 123211 count 29, gcd 153402 count 31)
S10056	c	item 44907 judged #143-152 does not fit the S run (cv 123211 count 29, gcd 153402 count 31)
S10056	c	item 44908 judged #153-161 does not fit the S run (cv 123211 count 29, gcd 153402 count 31)
S10056	c	item 44898 judged #62-70 does not fit the S run (cv 123211 count 29, gcd 153402 count 31)
S10056	c	item 44899 judged #71-79 does not fit the S run (cv 123211 count 29, gcd 153402 count 31)
S10056	c	item 44900 judged #80-88 does not fit the S run (cv 123211 count 29, gcd 153402 count 31)
S10056	c	item 44901 judged #89-97 does not fit the S run (cv 123211 count 29, gcd 153402 count 31)
S10056	c	item 44902 judged #98-106 does not fit the S run (cv 123211 count 29, gcd 153402 count 31)
S10056	c	item 44903 judged #107-115 does not fit the S run (cv 123211 count 29, gcd 153402 count 31)
S10056	c	item 44895 judged #35-43 does not fit the S run (cv 123211 count 29, gcd 153402 count 31)
S10056	c	item 44896 judged #44-52 does not fit the S run (cv 123211 count 29, gcd 153402 count 31)
S10056	c	item 44897 judged #53-61 does not fit the S run (cv 123211 count 29, gcd 153402 count 31)
S10056	e	27 files
S10102	b	7/7 per-file CV links name another volume (42479x6, 120558x1)
S10105	a-C	cv 42488 named by 1 C line(s) on books of S15489
S10105	a-C	gcd 60709 named by 1 C line(s) on books of S15489
S10105	e	99 files
S10116	b	1/1 per-file CV links name another volume (87803x1)
S10125	e	27 files
S10137	b	14/14 per-file CV links name another volume (3798x14)
S10146	e	58 files
S10188	b	1/1 per-file CV links name another volume (114892x1)
S10252	e	22 files
S10265	b	2/2 per-file CV links name another volume (86775x2)
S10281	c	item 42647 judged #117-126 does not fit the S run (cv 101754 count 14, gcd 110485 count 14)
S10281	c	item 42635 judged #9-17 does not fit the S run (cv 101754 count 14, gcd 110485 count 14)
S10281	c	item 42642 judged #72-80 does not fit the S run (cv 101754 count 14, gcd 110485 count 14)
S10281	c	item 42643 judged #81-89 does not fit the S run (cv 101754 count 14, gcd 110485 count 14)
S10281	c	item 42644 judged #90-98 does not fit the S run (cv 101754 count 14, gcd 110485 count 14)
S10281	c	item 42645 judged #99-107 does not fit the S run (cv 101754 count 14, gcd 110485 count 14)
S10281	c	item 42646 judged #108-116 does not fit the S run (cv 101754 count 14, gcd 110485 count 14)
S10281	c	item 42636 judged #18-26 does not fit the S run (cv 101754 count 14, gcd 110485 count 14)
S10281	c	item 42637 judged #27-35 does not fit the S run (cv 101754 count 14, gcd 110485 count 14)
S10281	c	item 42638 judged #36-44 does not fit the S run (cv 101754 count 14, gcd 110485 count 14)
S10281	c	item 42639 judged #45-53 does not fit the S run (cv 101754 count 14, gcd 110485 count 14)
S10281	c	item 42640 judged #54-62 does not fit the S run (cv 101754 count 14, gcd 110485 count 14)
S10281	c	item 42641 judged #63-71 does not fit the S run (cv 101754 count 14, gcd 110485 count 14)
S10285	d	label-ambiguous item 42021
S10308	f	1 shelf/shelves merged in after the wave that landed R-042 (2026-09-23): S103314
S10377	b	2/2 per-file CV links name another volume (130996x2)
S10394	b	1/1 per-file CV links name another volume (133197x1)
S10395	e	22 files
S10406	c	item 44940 judged #86-96 does not fit the S run (cv 74502 count 79, gcd 175348 count 78)
S10406	c	item 44941 judged #97-107 does not fit the S run (cv 74502 count 79, gcd 175348 count 78)
S10406	c	item 44942 judged #108-118 does not fit the S run (cv 74502 count 79, gcd 175348 count 78)
S10406	c	item 44943 judged #119-129 does not fit the S run (cv 74502 count 79, gcd 175348 count 78)
S10406	c	item 44944 judged #130-140 does not fit the S run (cv 74502 count 79, gcd 175348 count 78)
S10406	c	item 44945 judged #141-151 does not fit the S run (cv 74502 count 79, gcd 175348 count 78)
S10406	c	item 44946 judged #152-162 does not fit the S run (cv 74502 count 79, gcd 175348 count 78)
S10406	c	item 44947 judged #163-173 does not fit the S run (cv 74502 count 79, gcd 175348 count 78)
S10406	c	item 44949 judged #185-195 does not fit the S run (cv 74502 count 79, gcd 175348 count 78)
S10406	c	item 44950 judged #196-206 does not fit the S run (cv 74502 count 79, gcd 175348 count 78)
S10406	c	item 44951 judged #207-217 does not fit the S run (cv 74502 count 79, gcd 175348 count 78)
S10406	c	item 44952 judged #218-228 does not fit the S run (cv 74502 count 79, gcd 175348 count 78)
S10406	c	item 44953 judged #229-239 does not fit the S run (cv 74502 count 79, gcd 175348 count 78)
S10406	c	item 44954 judged #240-250 does not fit the S run (cv 74502 count 79, gcd 175348 count 78)
S10406	c	item 44955 judged #251-261 does not fit the S run (cv 74502 count 79, gcd 175348 count 78)
S10406	c	item 44956 judged #262-272 does not fit the S run (cv 74502 count 79, gcd 175348 count 78)
S10406	c	item 44957 judged #273-283 does not fit the S run (cv 74502 count 79, gcd 175348 count 78)
S10406	c	item 44958 judged #284-294 does not fit the S run (cv 74502 count 79, gcd 175348 count 78)
S10406	c	item 44959 judged #295-305 does not fit the S run (cv 74502 count 79, gcd 175348 count 78)
S10406	c	item 44960 judged #306-316 does not fit the S run (cv 74502 count 79, gcd 175348 count 78)
S10406	c	item 44961 judged #317-327 does not fit the S run (cv 74502 count 79, gcd 175348 count 78)
S10406	c	item 44962 judged #328-338 does not fit the S run (cv 74502 count 79, gcd 175348 count 78)
S10406	c	item 44963 judged #339-349 does not fit the S run (cv 74502 count 79, gcd 175348 count 78)
S10406	c	item 44964 judged #350-360 does not fit the S run (cv 74502 count 79, gcd 175348 count 78)
S10406	c	item 44965 judged #361-371 does not fit the S run (cv 74502 count 79, gcd 175348 count 78)
S10406	c	item 44966 judged #372-382 does not fit the S run (cv 74502 count 79, gcd 175348 count 78)
S10406	c	item 44967 judged #383-393 does not fit the S run (cv 74502 count 79, gcd 175348 count 78)
S10406	c	item 44968 judged #394-404 does not fit the S run (cv 74502 count 79, gcd 175348 count 78)
S10406	c	item 44969 judged #405-415 does not fit the S run (cv 74502 count 79, gcd 175348 count 78)
S10406	c	item 44970 judged #416-426.5 does not fit the S run (cv 74502 count 79, gcd 175348 count 78)
S10406	c	item 44971 judged #427-437.5 does not fit the S run (cv 74502 count 79, gcd 175348 count 78)
S10406	c	item 44972 judged #438-448.5 does not fit the S run (cv 74502 count 79, gcd 175348 count 78)
S10406	c	item 44973 judged #449-459.5 does not fit the S run (cv 74502 count 79, gcd 175348 count 78)
S10406	c	item 44974 judged #460-470.5 does not fit the S run (cv 74502 count 79, gcd 175348 count 78)
S10406	c	item 44975 judged #473-481.5 does not fit the S run (cv 74502 count 79, gcd 175348 count 78)
S10406	c	item 44976 judged #482-482 does not fit the S run (cv 74502 count 79, gcd 175348 count 78)
S10406	c	item 44977 judged #493-493 does not fit the S run (cv 74502 count 79, gcd 175348 count 78)
S10406	c	item 44978 judged #504-504 does not fit the S run (cv 74502 count 79, gcd 175348 count 78)
S10406	c	item 44979 judged #515-525 does not fit the S run (cv 74502 count 79, gcd 175348 count 78)
S10406	c	item 119009 judged #526-536 does not fit the S run (cv 74502 count 79, gcd 175348 count 78)
S10406	c	item 119010 judged #537-547 does not fit the S run (cv 74502 count 79, gcd 175348 count 78)
S10406	c	item 119011 judged #548-558 does not fit the S run (cv 74502 count 79, gcd 175348 count 78)
S10406	c	item 119012 judged #559-569 does not fit the S run (cv 74502 count 79, gcd 175348 count 78)
S10406	c	item 119013 judged #570-580 does not fit the S run (cv 74502 count 79, gcd 175348 count 78)
S10406	c	item 119014 judged #581-591 does not fit the S run (cv 74502 count 79, gcd 175348 count 78)
S10406	c	item 119015 judged #592-602 does not fit the S run (cv 74502 count 79, gcd 175348 count 78)
S10406	c	item 119016 judged #603-613 does not fit the S run (cv 74502 count 79, gcd 175348 count 78)
S10406	c	item 119017 judged #614-624 does not fit the S run (cv 74502 count 79, gcd 175348 count 78)
S10406	e	63 files
S10456	b	3/3 per-file CV links name another volume (9179x3)
S10458	a-I	cv 46155 named by 1 I line(s) on books of S10469
S10467	d	label-ambiguous item 98924
S10469	e	287 files
S10527	e	81 files
S10538	b	1/1 per-file CV links name another volume (46516x1)
S10561	b	2/2 per-file CV links name another volume (84282x2)
S10564	d	label-ambiguous item 36858
S10587	b	2/2 per-file CV links name another volume (51589x2)
S10612	b	12/12 per-file CV links name another volume (166232x12)
S10623	b	10/10 per-file CV links name another volume (68132x9, 151404x1)
S10634	a-S	gcd 104118 is also the S of S35582
S10634	d	label-ambiguous item 106746
S10658	d	label-ambiguous item 21507
S10666	b	1/1 per-file CV links name another volume (49552x1)
S10668	d	label-ambiguous item 62894
S10681	b	3/3 per-file CV links name another volume (10944x3)
S10681	d	label-ambiguous item 68050
S10696	a-I	cv 76859 named by 1 I line(s) on books of S10690
S10696	a-I	gcd 110596 named by 1 I line(s) on books of S10690
S10712	d	label-ambiguous item 109571
S10712	e	25 files
S10723	c	item 45059 judged #1-4 does not fit the S run (cv 124797 count 3, gcd 201121 count 3)
S10723	c	item 45060 judged #5-8 does not fit the S run (cv 124797 count 3, gcd 201121 count 3)
S10778	b	1/1 per-file CV links name another volume (11010x1)
S10787	b	1/1 per-file CV links name another volume (44778x1)
S10802	b	1/1 per-file CV links name another volume (116430x1)
S10807	b	1/1 per-file CV links name another volume (120312x1)
S10820	b	5/5 per-file CV links name another volume (18356x5)
S10848	b	3/3 per-file CV links name another volume (61779x3)
S10919	b	2/2 per-file CV links name another volume (112457x2)
S10922	a-C	cv 3489 named by 1 C line(s) on books of S103837
S10922	a-C	gcd 3028 named by 1 C line(s) on books of S103837
S10922	d	label-ambiguous item 88762
S10972	b	1/1 per-file CV links name another volume (130640x1)
S11003	b	1/1 per-file CV links name another volume (1276x1)
S11006	e	72 files
S11051	e	87 files
S11054	a-I	cv 121268 named by 3 I line(s) on books of S11051
S11054	a-I	gcd 149589 named by 3 I line(s) on books of S11051
S11072	c	item 10250 RANGE CONTRADICTED by GCD notes (offset): judged #17-20, GCD says Lumberjanes #13, #18-20
S11072	e	23 files
S11087	b	1/1 per-file CV links name another volume (127745x1)
S11103	b	1/1 per-file CV links name another volume (140643x1)
S11148	c	item 45932 judged #29-30 does not fit the S run (cv 104520 count 19, gcd - count -)
S11148	c	item 45933 judged #31.1-31.2 does not fit the S run (cv 104520 count 19, gcd - count -)
S11178	b	1/1 per-file CV links name another volume (134227x1)
S11179	b	1/1 per-file CV links name another volume (138155x1)
S11209	e	34 files
S11280	a-C	cv 122218 named by 4 C line(s) on books of S11283
S11280	a-C	gcd 151261 named by 4 C line(s) on books of S11283
S11280	e	32 files
S11283	a-I	cv 126382 named by 2 I line(s) on books of S66353
S11289	c	item 43639 judged #11-21 does not fit the S run (cv - count -, gcd 201159 count 4)
S11289	c	item 43640 judged #22-32 does not fit the S run (cv - count -, gcd 201159 count 4)
S11289	c	item 43638 judged #1-10 does not fit the S run (cv - count -, gcd 201159 count 4)
S11289	c	item 43654 judged #180-194 does not fit the S run (cv - count -, gcd 201159 count 4)
S11289	c	item 43653 judged #167-179 does not fit the S run (cv - count -, gcd 201159 count 4)
S11289	c	item 43652 judged #154-166 does not fit the S run (cv - count -, gcd 201159 count 4)
S11289	c	item 43651 judged #140-152 does not fit the S run (cv - count -, gcd 201159 count 4)
S11289	c	item 43650 judged #127-139 does not fit the S run (cv - count -, gcd 201159 count 4)
S11289	c	item 43649 judged #115-126 does not fit the S run (cv - count -, gcd 201159 count 4)
S11289	c	item 43648 judged #105-114 does not fit the S run (cv - count -, gcd 201159 count 4)
S11289	c	item 43647 judged #95-104 does not fit the S run (cv - count -, gcd 201159 count 4)
S11289	c	item 43646 judged #84-94 does not fit the S run (cv - count -, gcd 201159 count 4)
S11289	c	item 43644 judged #64-73 does not fit the S run (cv - count -, gcd 201159 count 4)
S11289	c	item 43645 judged #74-83 does not fit the S run (cv - count -, gcd 201159 count 4)
S11289	c	item 43643 judged #54-63 does not fit the S run (cv - count -, gcd 201159 count 4)
S11289	c	item 43641 judged #33-42 does not fit the S run (cv - count -, gcd 201159 count 4)
S11289	c	item 43642 judged #43-53 does not fit the S run (cv - count -, gcd 201159 count 4)
S11363	e	51 files
S11370	e	39 files
S11401	b	1/1 per-file CV links name another volume (27681x1)
S11410	a-C	gcd 2657 named by 3 C line(s) on books of S66295
S11410	d	label-ambiguous item 88515
S11410	e	63 files
S11417	d	label-ambiguous item 100734
S11417	e	26 files
S11478	d	label-ambiguous item 83309
S11484	a-S	gcd 18547 is also the S of S11503
S11498	d	label-ambiguous item 83382
S11498	e	26 files
S11503	a-S	gcd 18547 is also the S of S11484
S11503	c	item 83286 RANGE CONTRADICTED by GCD notes (count): judged #12-12, GCD says Iron Man (Marvel, 1968 series) #95-112
S11503	c	item 83277 RANGE CONTRADICTED by GCD notes (multi): judged #3-3, GCD says Iron Man stories from Tales of Suspense (Marvel, 1959 Series) #66-83; Tales to Astonish (Marvel, 1959 Series) #82
S11503	d	label-ambiguous item 83289
S11513	e	26 files
S11524	e	24 files
S11538	e	34 files
S11548	d	label-ambiguous item 82848
S11548	e	22 files
S11582	e	28 files
S11600	d	label-ambiguous item 86687
S11601	a-S	gcd 1747 is also the S of S11602
S11602	a-S	gcd 1747 is also the S of S11601
S11602	a-I	cv 138122 named by 1 I line(s) on books of S6661
S11602	e	35 files
S11631	a-C	cv 2696 named by 1 C line(s) on books of S11506
S11631	a-C	gcd 2182 named by 1 C line(s) on books of S11506
S11631	e	98 files
S11633	a-S	gcd 127449 is also the S of S11634
S11634	a-S	gcd 127449 is also the S of S11633
S11648	f	1 shelf/shelves merged in after the wave that landed C-061 (2026-09-17): S98490
S11675	b	4/4 per-file CV links name another volume (19252x4)
S11723	e	104 files
S11793	b	2/2 per-file CV links name another volume (54311x2)
S11795	b	2/2 per-file CV links name another volume (62116x2)
S11814	a-I	cv 107952 named by 1 I line(s) on books of S68158
S11819	e	76 files
S11857	b	1/1 per-file CV links name another volume (117781x1)
S11886	d	label-ambiguous item 114052
S11910	b	1/1 per-file CV links name another volume (151549x1)
S11948	a-S	gcd 83092 is also the S of S11949
S11949	a-S	gcd 83092 is also the S of S11948
S11951	e	67 files
S11951	f	2 shelf/shelves merged in after the wave that landed C-027 (2026-09-16): S11952, S11953
S11956	b	1/1 per-file CV links name another volume (27309x1)
S12027	d	label-ambiguous item 109429
S12032	b	3/3 per-file CV links name another volume (18243x3)
S12069	b	1/1 per-file CV links name another volume (43950x1)
S12079	b	63/63 per-file CV links name another volume (115897x61, 152480x2)
S12079	d	label-ambiguous item 118629
S12079	e	68 files
S12107	e	114 files
S12149	b	1/1 per-file CV links name another volume (111434x1)
S12225	b	1/1 per-file CV links name another volume (162038x1)
S12236	c	item 45100 judged #64-74 does not fit the S run (cv 118350 count 9, gcd 188537 count 9)
S12236	c	item 45101 judged #75-85 does not fit the S run (cv 118350 count 9, gcd 188537 count 9)
S12236	c	item 45102 judged #86-96 does not fit the S run (cv 118350 count 9, gcd 188537 count 9)
S12236	c	item 45096 judged #20-30 does not fit the S run (cv 118350 count 9, gcd 188537 count 9)
S12236	c	item 45097 judged #31-41 does not fit the S run (cv 118350 count 9, gcd 188537 count 9)
S12236	c	item 45098 judged #42-52 does not fit the S run (cv 118350 count 9, gcd 188537 count 9)
S12236	c	item 45099 judged #53-63 does not fit the S run (cv 118350 count 9, gcd 188537 count 9)
S12236	c	item 45095 judged #9-19 does not fit the S run (cv 118350 count 9, gcd 188537 count 9)
S12239	e	37 files
S12298	b	2/2 per-file CV links name another volume (101874x2)
S12298	c	item 46030 judged #33-41 does not fit the S run (cv 37363 count 18, gcd 16761 count 18)
S12298	c	item 46031 judged #42-50 does not fit the S run (cv 37363 count 18, gcd 16761 count 18)
S12298	c	item 46032 judged #51-59 does not fit the S run (cv 37363 count 18, gcd 16761 count 18)
S12298	c	item 46033 judged #60-68 does not fit the S run (cv 37363 count 18, gcd 16761 count 18)
S12298	c	item 46034 judged #69-77 does not fit the S run (cv 37363 count 18, gcd 16761 count 18)
S12298	c	item 46035 judged #78-86 does not fit the S run (cv 37363 count 18, gcd 16761 count 18)
S12298	c	item 46036 judged #87-95 does not fit the S run (cv 37363 count 18, gcd 16761 count 18)
S12298	c	item 46037 judged #96-104 does not fit the S run (cv 37363 count 18, gcd 16761 count 18)
S12298	c	item 46038 judged #105-113 does not fit the S run (cv 37363 count 18, gcd 16761 count 18)
S12298	c	item 46039 judged #114-122 does not fit the S run (cv 37363 count 18, gcd 16761 count 18)
S12298	c	item 46040 judged #123-131 does not fit the S run (cv 37363 count 18, gcd 16761 count 18)
S12298	c	item 46041 judged #132-141 does not fit the S run (cv 37363 count 18, gcd 16761 count 18)
S12298	c	item 46042 judged #142-151 does not fit the S run (cv 37363 count 18, gcd 16761 count 18)
S12298	c	item 46043 judged #152-162 does not fit the S run (cv 37363 count 18, gcd 16761 count 18)
S12313	d	label-ambiguous item 101944
S12315	a-S	gcd 203061 is also the S of S12316
S12315	a-S	gcd 203061 is also the S of S12317
S12318	e	22 files
S12338	a-S	gcd 80655 is also the S of S12339
S12338	a-S	gcd 80655 is also the S of S12340
S12338	a-S	gcd 80655 is also the S of S12341
S12338	a-S	gcd 80655 is also the S of S12342
S12338	d	label-ambiguous item 83730
S12339	a-S	gcd 80655 is also the S of S12338
S12339	a-S	gcd 80655 is also the S of S12342
S12340	a-S	gcd 80655 is also the S of S12338
S12340	a-S	gcd 80655 is also the S of S12341
S12340	a-S	gcd 80655 is also the S of S12342
S12341	a-S	gcd 80655 is also the S of S12338
S12341	a-S	gcd 80655 is also the S of S12340
S12341	a-S	gcd 80655 is also the S of S12342
S12342	a-S	gcd 80655 is also the S of S12338
S12342	a-S	gcd 80655 is also the S of S12339
S12342	a-S	gcd 80655 is also the S of S12340
S12342	a-S	gcd 80655 is also the S of S12341
S12348	b	2/3 per-file CV links name another volume (116076x1, 3052x1)
S12426	b	1/1 per-file CV links name another volume (40361x1)
S12429	d	label-ambiguous item 83768
S12433	b	21/21 per-file CV links name another volume (71457x21)
S12433	e	23 files
S12443	b	4/4 per-file CV links name another volume (122072x3, 160193x1)
S12516	c	item 45123 judged #1-29 does not fit the S run (cv 148760 count 8, gcd - count -)
S12552	b	1/1 per-file CV links name another volume (103750x1)
S12565	a-C	cv 54320 named by 1 C line(s) on books of S103059
S12565	a-C	gcd 70212 named by 1 C line(s) on books of S103059
S12565	e	33 files
S12632	b	2/2 per-file CV links name another volume (109411x2)
S12702	e	24 files
S12705	b	3/3 per-file CV links name another volume (34727x3)
S12716	c	item 39646 judged #658-668 does not fit the S run (cv 18836 count 72, gcd 25323 count 72)
S12716	c	item 39647 judged #669-679 does not fit the S run (cv 18836 count 72, gcd 25323 count 72)
S12716	c	item 39648 judged #680-690 does not fit the S run (cv 18836 count 72, gcd 25323 count 72)
S12716	c	item 39649 judged #691-700 does not fit the S run (cv 18836 count 72, gcd 25323 count 72)
S12716	c	item 39641 judged #608-617 does not fit the S run (cv 18836 count 72, gcd 25323 count 72)
S12716	c	item 39642 judged #618-627 does not fit the S run (cv 18836 count 72, gcd 25323 count 72)
S12716	c	item 39643 judged #628-637 does not fit the S run (cv 18836 count 72, gcd 25323 count 72)
S12716	c	item 39644 judged #638-647 does not fit the S run (cv 18836 count 72, gcd 25323 count 72)
S12716	c	item 39645 judged #648-657 does not fit the S run (cv 18836 count 72, gcd 25323 count 72)
S12716	c	item 39637 judged #566-575 does not fit the S run (cv 18836 count 72, gcd 25323 count 72)
S12716	c	item 39638 judged #576-587 does not fit the S run (cv 18836 count 72, gcd 25323 count 72)
S12716	c	item 39639 judged #588-597 does not fit the S run (cv 18836 count 72, gcd 25323 count 72)
S12716	c	item 39640 judged #598-607 does not fit the S run (cv 18836 count 72, gcd 25323 count 72)
S12716	c	item 39631 judged #505-514 does not fit the S run (cv 18836 count 72, gcd 25323 count 72)
S12716	c	item 39632 judged #515-524 does not fit the S run (cv 18836 count 72, gcd 25323 count 72)
S12716	c	item 39633 judged #525-534 does not fit the S run (cv 18836 count 72, gcd 25323 count 72)
S12716	c	item 39634 judged #535-544 does not fit the S run (cv 18836 count 72, gcd 25323 count 72)
S12716	c	item 39635 judged #545-555 does not fit the S run (cv 18836 count 72, gcd 25323 count 72)
S12716	c	item 39636 judged #556-565 does not fit the S run (cv 18836 count 72, gcd 25323 count 72)
S12716	c	item 39627 judged #464-473 does not fit the S run (cv 18836 count 72, gcd 25323 count 72)
S12716	c	item 39628 judged #474-483 does not fit the S run (cv 18836 count 72, gcd 25323 count 72)
S12716	c	item 39629 judged #484-494 does not fit the S run (cv 18836 count 72, gcd 25323 count 72)
S12716	c	item 39630 judged #495-504 does not fit the S run (cv 18836 count 72, gcd 25323 count 72)
S12716	c	item 39624 judged #433-442 does not fit the S run (cv 18836 count 72, gcd 25323 count 72)
S12716	c	item 39625 judged #443-453 does not fit the S run (cv 18836 count 72, gcd 25323 count 72)
S12716	c	item 39626 judged #454-463 does not fit the S run (cv 18836 count 72, gcd 25323 count 72)
S12716	c	item 39611 judged #300-309 does not fit the S run (cv 18836 count 72, gcd 25323 count 72)
S12716	c	item 39612 judged #310-319 does not fit the S run (cv 18836 count 72, gcd 25323 count 72)
S12716	c	item 39613 judged #320-329 does not fit the S run (cv 18836 count 72, gcd 25323 count 72)
S12716	c	item 39614 judged #330-339 does not fit the S run (cv 18836 count 72, gcd 25323 count 72)
S12716	c	item 39615 judged #340-349 does not fit the S run (cv 18836 count 72, gcd 25323 count 72)
S12716	c	item 39616 judged #350-359 does not fit the S run (cv 18836 count 72, gcd 25323 count 72)
S12716	c	item 39617 judged #360-369 does not fit the S run (cv 18836 count 72, gcd 25323 count 72)
S12716	c	item 39618 judged #370-379 does not fit the S run (cv 18836 count 72, gcd 25323 count 72)
S12716	c	item 39619 judged #380-389 does not fit the S run (cv 18836 count 72, gcd 25323 count 72)
S12716	c	item 39620 judged #390-402 does not fit the S run (cv 18836 count 72, gcd 25323 count 72)
S12716	c	item 39621 judged #403-412 does not fit the S run (cv 18836 count 72, gcd 25323 count 72)
S12716	c	item 39622 judged #413-422 does not fit the S run (cv 18836 count 72, gcd 25323 count 72)
S12716	c	item 39623 judged #423-432 does not fit the S run (cv 18836 count 72, gcd 25323 count 72)
S12716	c	item 39605 judged #245-253 does not fit the S run (cv 18836 count 72, gcd 25323 count 72)
S12716	c	item 39606 judged #254-262 does not fit the S run (cv 18836 count 72, gcd 25323 count 72)
S12716	c	item 39607 judged #263-271 does not fit the S run (cv 18836 count 72, gcd 25323 count 72)
S12716	c	item 39608 judged #272-280 does not fit the S run (cv 18836 count 72, gcd 25323 count 72)
S12716	c	item 39609 judged #281-289 does not fit the S run (cv 18836 count 72, gcd 25323 count 72)
S12716	c	item 39610 judged #290-299 does not fit the S run (cv 18836 count 72, gcd 25323 count 72)
S12716	c	item 39590 judged #109-117 does not fit the S run (cv 18836 count 72, gcd 25323 count 72)
S12716	c	item 39591 judged #118-126 does not fit the S run (cv 18836 count 72, gcd 25323 count 72)
S12716	c	item 39592 judged #127-135 does not fit the S run (cv 18836 count 72, gcd 25323 count 72)
S12716	c	item 39593 judged #136-144 does not fit the S run (cv 18836 count 72, gcd 25323 count 72)
S12716	c	item 39594 judged #145-153 does not fit the S run (cv 18836 count 72, gcd 25323 count 72)
S12716	c	item 39595 judged #154-162 does not fit the S run (cv 18836 count 72, gcd 25323 count 72)
S12716	c	item 39596 judged #163-171 does not fit the S run (cv 18836 count 72, gcd 25323 count 72)
S12716	c	item 39597 judged #172-180 does not fit the S run (cv 18836 count 72, gcd 25323 count 72)
S12716	c	item 39598 judged #181-190 does not fit the S run (cv 18836 count 72, gcd 25323 count 72)
S12716	c	item 39599 judged #191-199 does not fit the S run (cv 18836 count 72, gcd 25323 count 72)
S12716	c	item 39600 judged #200-208 does not fit the S run (cv 18836 count 72, gcd 25323 count 72)
S12716	c	item 39601 judged #209-217 does not fit the S run (cv 18836 count 72, gcd 25323 count 72)
S12716	c	item 39602 judged #218-226 does not fit the S run (cv 18836 count 72, gcd 25323 count 72)
S12716	c	item 39603 judged #227-235 does not fit the S run (cv 18836 count 72, gcd 25323 count 72)
S12716	c	item 39604 judged #236-244 does not fit the S run (cv 18836 count 72, gcd 25323 count 72)
S12716	c	item 39586 judged #73-81 does not fit the S run (cv 18836 count 72, gcd 25323 count 72)
S12716	c	item 39587 judged #82-90 does not fit the S run (cv 18836 count 72, gcd 25323 count 72)
S12716	c	item 39588 judged #91-99 does not fit the S run (cv 18836 count 72, gcd 25323 count 72)
S12716	c	item 39589 judged #100-108 does not fit the S run (cv 18836 count 72, gcd 25323 count 72)
S12716	e	75 files
S12769	b	1/1 per-file CV links name another volume (152185x1)
S12771	b	10/10 per-file CV links name another volume (40266x10)
S12776	b	5/5 per-file CV links name another volume (117981x5)
S12776	d	label-ambiguous item 106903
S12792	d	label-ambiguous item 116634
S12792	e	74 files
S12793	b	5/5 per-file CV links name another volume (11497x5)
S12793	d	label-ambiguous item 118875
S12808	c	item 84497 RANGE CONTRADICTED by GCD notes (multi): judged #13-15, GCD says *New Exiles* (Marvel, 2008 series) #13-16; *New Exiles Annual* (Marvel, 2009 series) #1
S12808	e	42 files
S12823	e	33 files
S12829	a-S	gcd 112586 is also the S of S12830
S12829	a-S	gcd 112586 is also the S of S12831
S12829	a-S	gcd 112586 is also the S of S12832
S12829	a-S	gcd 112586 is also the S of S12833
S12829	a-S	gcd 112586 is also the S of S12834
S12830	a-S	gcd 112586 is also the S of S12829
S12830	a-S	gcd 112586 is also the S of S12832
S12830	a-S	gcd 112586 is also the S of S12833
S12830	a-S	gcd 112586 is also the S of S19211
S12831	a-S	gcd 112586 is also the S of S12829
S12831	a-S	gcd 112586 is also the S of S12833
S12831	a-S	gcd 112586 is also the S of S12834
S12831	a-S	gcd 112586 is also the S of S19211
S12832	a-S	gcd 112586 is also the S of S12829
S12832	a-S	gcd 112586 is also the S of S12830
S12832	a-S	gcd 112586 is also the S of S12834
S12832	a-S	gcd 112586 is also the S of S19211
S12833	a-S	gcd 112586 is also the S of S12829
S12833	a-S	gcd 112586 is also the S of S12830
S12833	a-S	gcd 112586 is also the S of S12831
S12833	a-S	gcd 112586 is also the S of S19211
S12834	a-S	gcd 112586 is also the S of S12829
S12834	a-S	gcd 112586 is also the S of S12831
S12834	a-S	gcd 112586 is also the S of S12832
S12834	a-S	gcd 112586 is also the S of S19211
S12852	a-C	gcd 12244 named by 1 C line(s) on books of S94813
S12860	a-C	cv 9121 named by 4 C line(s) on books of S6791
S12860	a-C	gcd 9855 named by 4 C line(s) on books of S6791
S12860	e	45 files
S12878	c	item 45132 judged #1-6 does not fit the S run (cv 144146 count 2, gcd 182584 count 4)
S12878	c	item 45133 judged #7-16 does not fit the S run (cv 144146 count 2, gcd 182584 count 4)
S12893	b	9/9 per-file CV links name another volume (48046x9)
S12907	e	36 files
S12914	b	6/6 per-file CV links name another volume (146892x6)
S13001	e	285 files
S13002	b	1/1 per-file CV links name another volume (105343x1)
S13015	c	item 43981 judged #1-24 does not fit the S run (cv 46482 count 3, gcd 91766 count 3)
S13021	b	1/1 per-file CV links name another volume (132092x1)
S13033	d	label-ambiguous item 106938
S13037	b	3/3 per-file CV links name another volume (139444x3)
S13040	c	item 43723 judged #24-28 does not fit the S run (cv 39008 count 25, gcd 85040 count 16)
S13040	c	item 43735 judged #95-100 does not fit the S run (cv 39008 count 25, gcd 85040 count 16)
S13040	c	item 43736 judged #101-106 does not fit the S run (cv 39008 count 25, gcd 85040 count 16)
S13040	c	item 43738 judged #113-118 does not fit the S run (cv 39008 count 25, gcd 85040 count 16)
S13040	c	item 43739 judged #119-124 does not fit the S run (cv 39008 count 25, gcd 85040 count 16)
S13040	c	item 43740 judged #125-130 does not fit the S run (cv 39008 count 25, gcd 85040 count 16)
S13040	c	item 43741 judged #131-135 does not fit the S run (cv 39008 count 25, gcd 85040 count 16)
S13040	c	item 43734 judged #89-94 does not fit the S run (cv 39008 count 25, gcd 85040 count 16)
S13040	c	item 43730 judged #65-70 does not fit the S run (cv 39008 count 25, gcd 85040 count 16)
S13040	c	item 43731 judged #71-76 does not fit the S run (cv 39008 count 25, gcd 85040 count 16)
S13040	c	item 43732 judged #77-82 does not fit the S run (cv 39008 count 25, gcd 85040 count 16)
S13040	c	item 43733 judged #83-88 does not fit the S run (cv 39008 count 25, gcd 85040 count 16)
S13040	c	item 43725 judged #35-40 does not fit the S run (cv 39008 count 25, gcd 85040 count 16)
S13040	c	item 43726 judged #41-46 does not fit the S run (cv 39008 count 25, gcd 85040 count 16)
S13040	c	item 43727 judged #47-52 does not fit the S run (cv 39008 count 25, gcd 85040 count 16)
S13040	c	item 43728 judged #53-58 does not fit the S run (cv 39008 count 25, gcd 85040 count 16)
S13040	c	item 43729 judged #59-64 does not fit the S run (cv 39008 count 25, gcd 85040 count 16)
S13040	c	item 43724 judged #29-34 does not fit the S run (cv 39008 count 25, gcd 85040 count 16)
S13040	e	25 files
S13057	d	duplicate-edition item 14554
S13057	d	duplicate-edition item 14555
S13057	d	label-ambiguous item 14554
S13079	b	2/2 per-file CV links name another volume (18462x2)
S13079	f	2 files when B-058 was read, 4 now (no merge explains it)
S13114	b	1/1 per-file CV links name another volume (80771x1)
S13116	b	4/5 per-file CV links name another volume (2665x4)
S13145	b	9/11 per-file CV links name another volume (113444x9)
S13168	b	1/1 per-file CV links name another volume (147056x1)
S13169	d	label-ambiguous item 103362
S13179	b	2/2 per-file CV links name another volume (117982x2)
S13193	c	item 45145 judged #1-15 does not fit the S run (cv 116028 count 2, gcd 136568 count 2)
S13193	c	item 45146 judged #16-28 does not fit the S run (cv 116028 count 2, gcd 136568 count 2)
S13195	b	1/1 per-file CV links name another volume (121189x1)
S13205	a-C	cv 87624 named by 3 C line(s) on books of S21922
S13205	a-C	gcd 96095 named by 3 C line(s) on books of S21922
S13205	d	label-ambiguous item 118134
S13218	b	5/5 per-file CV links name another volume (108450x5)
S13384	b	5/5 per-file CV links name another volume (154163x5)
S13429	b	1/1 per-file CV links name another volume (47502x1)
S13449	b	1/1 per-file CV links name another volume (122799x1)
S13455	c	item 40517 judged #7-11 does not fit the S run (cv 101464 count 7, gcd 172179 count 7)
S13455	c	item 40518 judged #12-16 does not fit the S run (cv 101464 count 7, gcd 172179 count 7)
S13455	e	21 files
S13515	d	label-ambiguous item 7989
S13543	e	70 files
S13571	b	1/1 per-file CV links name another volume (157772x1)
S13609	c	item 21353 RANGE CONTRADICTED by GCD notes (multi): judged #1-6, GCD says Pathfinder: City Of Secrets #1; through #6
S13609	c	item 21352 RANGE CONTRADICTED by GCD notes (multi): judged #7-12, GCD says ? #7; through #12
S13622	e	30 files
S13638	c	item 41745 judged #17-20 does not fit the S run (cv 26277 count 18, gcd 83329 count 8)
S13638	c	item 41746 judged #21-24 does not fit the S run (cv 26277 count 18, gcd 83329 count 8)
S13638	c	item 41747 judged #25-28 does not fit the S run (cv 26277 count 18, gcd 83329 count 8)
S13638	c	item 41748 judged #29-32 does not fit the S run (cv 26277 count 18, gcd 83329 count 8)
S13638	c	item 41749 judged #33-36 does not fit the S run (cv 26277 count 18, gcd 83329 count 8)
S13638	c	item 41750 judged #37-40 does not fit the S run (cv 26277 count 18, gcd 83329 count 8)
S13656	b	1/1 per-file CV links name another volume (135675x1)
S13685	b	7/10 per-file CV links name another volume (133549x7)
S13685	f	1 shelf/shelves merged in after the wave that landed R-047 (2026-09-23): S103714
S13796	b	2/2 per-file CV links name another volume (154394x2)
S13842	a-I	cv 5917 named by 1 I line(s) on books of S4569
S13842	e	21 files
S13866	b	4/4 per-file CV links name another volume (49156x4)
S13888	e	23 files
S13889	a-C	cv 65722 named by 1 C line(s) on books of S13888
S13926	c	item 69121 RANGE CONTRADICTED by GCD notes (multi): judged #7-12, GCD says Poison Ivy (DC, 2022 series) #1-6; two prologue stories from Gotham City Villains Anniversary Giant (DC, 2022 series) #1; Batman (DC, 2016 series) #124
S13926	e	83 files
S13935	d	label-ambiguous item 13493
S13955	f	1 shelf/shelves merged in after the wave that landed R-044 (2026-09-23): S103501
S14001	e	47 files
S14032	a-C	cv 34986 named by 5 C line(s) on books of S14033
S14032	a-C	gcd 15109 named by 5 C line(s) on books of S14033
S14032	e	72 files
S14053	a-I	cv 149606 named by 1 I line(s) on books of S14052
S14053	a-I	gcd 199076 named by 1 I line(s) on books of S14052
S14084	b	4/4 per-file CV links name another volume (90117x4)
S14091	e	33 files
S14124	b	1/1 per-file CV links name another volume (51226x1)
S14138	d	label-ambiguous item 112923
S14148	b	1/1 per-file CV links name another volume (162370x1)
S14162	b	10/10 per-file CV links name another volume (119769x10)
S14176	b	11/11 per-file CV links name another volume (103555x11)
S14200	b	2/2 per-file CV links name another volume (44773x2)
S14202	a-S	gcd 119032 is also the S of S14203
S14202	a-S	gcd 119032 is also the S of S14204
S14203	a-S	gcd 119032 is also the S of S14202
S14204	a-S	gcd 119032 is also the S of S14202
S14208	b	1/1 per-file CV links name another volume (26643x1)
S14210	b	7/7 per-file CV links name another volume (33245x7)
S14217	e	41 files
S14275	c	item 45182 judged #0-3 does not fit the S run (cv 44732 count 1, gcd 50261 count 1)
S14306	e	29 files
S14307	f	1 shelf/shelves merged in after the wave that landed R-046 (2026-09-23): S103576
S14317	a-C	cv 3010 named by 1 C line(s) on books of S102541
S14317	a-C	gcd 2516 named by 1 C line(s) on books of S102541
S14317	e	85 files
S14341	b	6/7 per-file CV links name another volume (138352x6)
S14352	d	label-ambiguous item 118927
S14355	e	39 files
S14385	b	17/17 per-file CV links name another volume (123778x17)
S14385	e	38 files
S14399	c	item 35987 judged #1-16 does not fit the S run (cv - count -, gcd 111005 count 8)
S14399	c	item 35255 judged #1-10 does not fit the S run (cv - count -, gcd 111005 count 8)
S14408	b	3/3 per-file CV links name another volume (94288x3)
S14413	b	12/12 per-file CV links name another volume (1712x12)
S14413	d	label-ambiguous item 83336
S14423	c	item 41087 judged #12-15 does not fit the S run (cv 101755 count 12, gcd 201416 count 12)
S14423	c	item 41093 judged #36-39 does not fit the S run (cv 101755 count 12, gcd 201416 count 12)
S14423	c	item 41094 judged #40-43 does not fit the S run (cv 101755 count 12, gcd 201416 count 12)
S14423	c	item 41095 judged #44-46 does not fit the S run (cv 101755 count 12, gcd 201416 count 12)
S14423	c	item 41088 judged #16-19 does not fit the S run (cv 101755 count 12, gcd 201416 count 12)
S14423	c	item 41089 judged #20-23 does not fit the S run (cv 101755 count 12, gcd 201416 count 12)
S14423	c	item 41090 judged #24-27 does not fit the S run (cv 101755 count 12, gcd 201416 count 12)
S14423	c	item 41091 judged #28-31 does not fit the S run (cv 101755 count 12, gcd 201416 count 12)
S14423	c	item 41092 judged #32-35 does not fit the S run (cv 101755 count 12, gcd 201416 count 12)
S14426	b	1/1 per-file CV links name another volume (42866x1)
S14436	c	item 35941 judged #7-12 does not fit the S run (cv 120101 count 11, gcd 148670 count 11)
S14460	e	29 files
S14470	b	1/1 per-file CV links name another volume (68853x1)
S14503	b	5/5 per-file CV links name another volume (87337x5)
S14524	a-I	cv 39671 named by 9 I line(s) on books of S14480
S14524	a-I	gcd 89044 named by 9 I line(s) on books of S14480
S14524	a-I	gcd 89044 named by 1 I line(s) on books of S99463
S14579	b	5/5 per-file CV links name another volume (161226x5)
S14579	c	item 43801 judged #33-41 does not fit the S run (cv 127630 count 33, gcd 160398 count 36)
S14579	c	item 43813 judged #140-148 does not fit the S run (cv 127630 count 33, gcd 160398 count 36)
S14579	c	item 43814 judged #149-157 does not fit the S run (cv 127630 count 33, gcd 160398 count 36)
S14579	c	item 43815 judged #158-166 does not fit the S run (cv 127630 count 33, gcd 160398 count 36)
S14579	c	item 43807 judged #86-94 does not fit the S run (cv 127630 count 33, gcd 160398 count 36)
S14579	c	item 43808 judged #95-103 does not fit the S run (cv 127630 count 33, gcd 160398 count 36)
S14579	c	item 43809 judged #104-112 does not fit the S run (cv 127630 count 33, gcd 160398 count 36)
S14579	c	item 43810 judged #113-121 does not fit the S run (cv 127630 count 33, gcd 160398 count 36)
S14579	c	item 43811 judged #122-130 does not fit the S run (cv 127630 count 33, gcd 160398 count 36)
S14579	c	item 43812 judged #131-139 does not fit the S run (cv 127630 count 33, gcd 160398 count 36)
S14579	c	item 43802 judged #42-49 does not fit the S run (cv 127630 count 33, gcd 160398 count 36)
S14579	c	item 43803 judged #50-58 does not fit the S run (cv 127630 count 33, gcd 160398 count 36)
S14579	c	item 43804 judged #59-67 does not fit the S run (cv 127630 count 33, gcd 160398 count 36)
S14579	c	item 43805 judged #68-76 does not fit the S run (cv 127630 count 33, gcd 160398 count 36)
S14579	c	item 43806 judged #77-85 does not fit the S run (cv 127630 count 33, gcd 160398 count 36)
S14579	e	25 files
S14602	e	29 files
S14614	b	2/2 per-file CV links name another volume (71482x2)
S14627	b	1/1 per-file CV links name another volume (38661x1)
S14641	b	1/1 per-file CV links name another volume (71188x1)
S14648	b	2/2 per-file CV links name another volume (11277x2)
S14660	b	15/15 per-file CV links name another volume (86120x15)
S14699	e	29 files
S14761	c	item 43829 judged #8-16 does not fit the S run (cv 130512 count 7, gcd - count -)
S14761	c	item 43830 judged #17-25 does not fit the S run (cv 130512 count 7, gcd - count -)
S14761	c	item 43831 judged #26-34 does not fit the S run (cv 130512 count 7, gcd - count -)
S14761	c	item 43832 judged #44-52 does not fit the S run (cv 130512 count 7, gcd - count -)
S14761	c	item 43833 judged #53-62 does not fit the S run (cv 130512 count 7, gcd - count -)
S14764	b	3/3 per-file CV links name another volume (43948x3)
S14764	d	label-ambiguous item 111899
S14768	f	1 shelf/shelves merged in after the wave that landed R-036 (2026-09-23): S102998
S14788	d	label-ambiguous item 118877
S14815	d	label-ambiguous item 107262
S14816	b	3/5 per-file CV links name another volume (60302x3)
S14816	d	label-ambiguous item 107259
S14816	d	label-ambiguous item 107257
S14817	b	5/5 per-file CV links name another volume (87960x5)
S14817	d	label-ambiguous item 107252
S14826	b	1/1 per-file CV links name another volume (29784x1)
S14855	b	10/10 per-file CV links name another volume (42884x10)
S14892	a-S	gcd 110966 is also the S of S14888
S14949	b	41/61 per-file CV links name another volume (22745x41)
S14949	e	67 files
S14965	d	label-ambiguous item 26451
S15040	e	48 files
S15080	d	label-ambiguous item 93231
S15087	a-I	cv 5170 named by 1 I line(s) on books of S9439
S15087	e	129 files
S15099	b	1/1 per-file CV links name another volume (152207x1)
S15102	b	2/2 per-file CV links name another volume (2701x1, 120321x1)
S15139	b	1/1 per-file CV links name another volume (86990x1)
S15143	a-I	cv 123436 named by 1 I line(s) on books of S102843
S15143	a-I	cv 123436 named by 1 I line(s) on books of S102844
S15143	a-I	cv 123436 named by 1 I line(s) on books of S102845
S15167	d	provider-disagrees item 28292
S15167	e	105 files
S15199	e	26 files
S15232	e	21 files
S15276	b	2/2 per-file CV links name another volume (22437x2)
S15288	a-I	cv 36511 named by 1 I line(s) on books of S65609
S15289	a-I	cv 31798 named by 1 I line(s) on books of S65609
S15307	d	label-ambiguous item 108926
S15337	b	2/2 per-file CV links name another volume (139406x2)
S15358	a-S	gcd 84943 is also the S of S15362
S15362	a-S	gcd 84943 is also the S of S15358
S15415	e	22 files
S15421	b	1/1 per-file CV links name another volume (140184x1)
S15436	a-C	cv 34243 named by 1 C line(s) on books of S103879
S15436	a-C	gcd 50866 named by 1 C line(s) on books of S103879
S15458	e	35 files
S15495	b	3/3 per-file CV links name another volume (2622x3)
S15495	c	item 69698 C #1-18 on the S's own run does not fit its count
S15495	d	duplicate-edition item 69700
S15495	d	label-ambiguous item 69700
S15498	b	1/1 per-file CV links name another volume (123051x1)
S15513	f	1 shelf/shelves merged in after the wave that landed R-041 (2026-09-23): S103388
S15554	b	1/1 per-file CV links name another volume (161564x1)
S15559	b	1/1 per-file CV links name another volume (106693x1)
S15563	d	label-ambiguous item 14617
S15597	b	4/4 per-file CV links name another volume (83322x4)
S15609	e	47 files
S15628	b	2/2 per-file CV links name another volume (60345x2)
S15630	e	38 files
S15641	a-S	gcd 80972 is also the S of S15643
S15641	a-S	gcd 80972 is also the S of S15644
S15641	a-S	gcd 80972 is also the S of S15645
S15641	a-S	gcd 80972 is also the S of S15646
S15641	a-S	gcd 80972 is also the S of S15647
S15642	a-S	gcd 80972 is also the S of S15643
S15642	a-S	gcd 80972 is also the S of S15644
S15642	a-S	gcd 80972 is also the S of S15645
S15642	a-S	gcd 80972 is also the S of S15646
S15642	a-S	gcd 80972 is also the S of S15647
S15643	a-S	gcd 80972 is also the S of S15641
S15643	a-S	gcd 80972 is also the S of S15642
S15643	a-S	gcd 80972 is also the S of S15645
S15644	a-S	gcd 80972 is also the S of S15641
S15644	a-S	gcd 80972 is also the S of S15642
S15644	a-S	gcd 80972 is also the S of S15645
S15644	a-S	gcd 80972 is also the S of S15646
S15644	a-S	gcd 80972 is also the S of S15647
S15645	a-S	gcd 80972 is also the S of S15641
S15645	a-S	gcd 80972 is also the S of S15642
S15645	a-S	gcd 80972 is also the S of S15643
S15645	a-S	gcd 80972 is also the S of S15644
S15645	a-S	gcd 80972 is also the S of S15646
S15645	a-S	gcd 80972 is also the S of S15647
S15646	a-S	gcd 80972 is also the S of S15641
S15646	a-S	gcd 80972 is also the S of S15642
S15646	a-S	gcd 80972 is also the S of S15644
S15646	a-S	gcd 80972 is also the S of S15645
S15646	a-S	gcd 80972 is also the S of S15647
S15647	a-S	gcd 80972 is also the S of S15641
S15647	a-S	gcd 80972 is also the S of S15642
S15647	a-S	gcd 80972 is also the S of S15644
S15647	a-S	gcd 80972 is also the S of S15645
S15647	a-S	gcd 80972 is also the S of S15646
S15673	e	21 files
S15695	c	item 15031 judged #6-10 does not fit the S run (cv 45124 count 5, gcd 47084 count 6)
S15695	c	item 15034 judged #21-25 does not fit the S run (cv 45124 count 5, gcd 47084 count 6)
S15695	c	item 15004 judged #16-25 does not fit the S run (cv 45124 count 5, gcd 47084 count 6)
S15695	c	item 15033 judged #16-20 does not fit the S run (cv 45124 count 5, gcd 47084 count 6)
S15695	c	item 15032 judged #11-15 does not fit the S run (cv 45124 count 5, gcd 47084 count 6)
S15695	c	item 15003 judged #1-15 does not fit the S run (cv 45124 count 5, gcd 47084 count 6)
S15695	e	34 files
S15718	c	item 45343 judged #6-10 does not fit the S run (cv - count -, gcd 211057 count 6)
S15718	c	item 45344 judged #11-15 does not fit the S run (cv - count -, gcd 211057 count 6)
S15718	c	item 45345 judged #16-20 does not fit the S run (cv - count -, gcd 211057 count 6)
S15732	b	2/2 per-file CV links name another volume (106909x2)
S15755	c	item 43921 judged #27-35 does not fit the S run (cv 57424 count 31, gcd 223470 count 31)
S15755	c	item 43944 judged #234-242 does not fit the S run (cv 57424 count 31, gcd 223470 count 31)
S15755	c	item 43945 judged #243-251 does not fit the S run (cv 57424 count 31, gcd 223470 count 31)
S15755	c	item 43946 judged #252-260 does not fit the S run (cv 57424 count 31, gcd 223470 count 31)
S15755	c	item 43947 judged #261-269 does not fit the S run (cv 57424 count 31, gcd 223470 count 31)
S15755	c	item 43948 judged #270-276 does not fit the S run (cv 57424 count 31, gcd 223470 count 31)
S15755	c	item 43940 judged #198-206 does not fit the S run (cv 57424 count 31, gcd 223470 count 31)
S15755	c	item 43941 judged #207-215 does not fit the S run (cv 57424 count 31, gcd 223470 count 31)
S15755	c	item 43942 judged #216-224 does not fit the S run (cv 57424 count 31, gcd 223470 count 31)
S15755	c	item 43943 judged #225-233 does not fit the S run (cv 57424 count 31, gcd 223470 count 31)
S15755	c	item 43934 judged #144-152 does not fit the S run (cv 57424 count 31, gcd 223470 count 31)
S15755	c	item 43935 judged #153-161 does not fit the S run (cv 57424 count 31, gcd 223470 count 31)
S15755	c	item 43936 judged #162-170 does not fit the S run (cv 57424 count 31, gcd 223470 count 31)
S15755	c	item 43937 judged #171-179 does not fit the S run (cv 57424 count 31, gcd 223470 count 31)
S15755	c	item 43938 judged #180-188 does not fit the S run (cv 57424 count 31, gcd 223470 count 31)
S15755	c	item 43939 judged #189-197 does not fit the S run (cv 57424 count 31, gcd 223470 count 31)
S15755	c	item 43928 judged #90-98 does not fit the S run (cv 57424 count 31, gcd 223470 count 31)
S15755	c	item 43929 judged #99-107 does not fit the S run (cv 57424 count 31, gcd 223470 count 31)
S15755	c	item 43930 judged #108-116 does not fit the S run (cv 57424 count 31, gcd 223470 count 31)
S15755	c	item 43931 judged #117-125 does not fit the S run (cv 57424 count 31, gcd 223470 count 31)
S15755	c	item 43932 judged #126-134 does not fit the S run (cv 57424 count 31, gcd 223470 count 31)
S15755	c	item 43933 judged #135-143 does not fit the S run (cv 57424 count 31, gcd 223470 count 31)
S15755	c	item 43924 judged #54-62 does not fit the S run (cv 57424 count 31, gcd 223470 count 31)
S15755	c	item 43925 judged #63-71 does not fit the S run (cv 57424 count 31, gcd 223470 count 31)
S15755	c	item 43926 judged #72-80 does not fit the S run (cv 57424 count 31, gcd 223470 count 31)
S15755	c	item 43922 judged #36-44 does not fit the S run (cv 57424 count 31, gcd 223470 count 31)
S15755	c	item 43923 judged #45-53 does not fit the S run (cv 57424 count 31, gcd 223470 count 31)
S15755	e	32 files
S15771	d	label-ambiguous item 102640
S15771	e	34 files
S15789	b	8/8 per-file CV links name another volume (47896x8)
S15805	b	1/1 per-file CV links name another volume (40244x1)
S15854	b	68/68 per-file CV links name another volume (73103x68)
S15854	d	label-ambiguous item 111306
S15854	e	68 files
S15869	b	1/1 per-file CV links name another volume (102776x1)
S15932	d	label-ambiguous item 108433
S15940	b	1/1 per-file CV links name another volume (43935x1)
S15949	c	item 42361 judged #395-403 does not fit the S run (cv 85812 count 44, gcd 109685 count 45)
S15949	c	item 42360 judged #386-394 does not fit the S run (cv 85812 count 44, gcd 109685 count 45)
S15949	c	item 42358 judged #368-376 does not fit the S run (cv 85812 count 44, gcd 109685 count 45)
S15949	c	item 42359 judged #377-385 does not fit the S run (cv 85812 count 44, gcd 109685 count 45)
S15949	c	item 42323 judged #39-48 does not fit the S run (cv 85812 count 44, gcd 109685 count 45)
S15949	c	item 42357 judged #359-367 does not fit the S run (cv 85812 count 44, gcd 109685 count 45)
S15949	c	item 42352 judged #314-322 does not fit the S run (cv 85812 count 44, gcd 109685 count 45)
S15949	c	item 42353 judged #323-331 does not fit the S run (cv 85812 count 44, gcd 109685 count 45)
S15949	c	item 42354 judged #332-340 does not fit the S run (cv 85812 count 44, gcd 109685 count 45)
S15949	c	item 42355 judged #341-349 does not fit the S run (cv 85812 count 44, gcd 109685 count 45)
S15949	c	item 42356 judged #350-358 does not fit the S run (cv 85812 count 44, gcd 109685 count 45)
S15949	c	item 42349 judged #287-295 does not fit the S run (cv 85812 count 44, gcd 109685 count 45)
S15949	c	item 42350 judged #296-304 does not fit the S run (cv 85812 count 44, gcd 109685 count 45)
S15949	c	item 42351 judged #305-313 does not fit the S run (cv 85812 count 44, gcd 109685 count 45)
S15949	c	item 42347 judged #269-277 does not fit the S run (cv 85812 count 44, gcd 109685 count 45)
S15949	c	item 42348 judged #278-286 does not fit the S run (cv 85812 count 44, gcd 109685 count 45)
S15949	c	item 42329 judged #100-109 does not fit the S run (cv 85812 count 44, gcd 109685 count 45)
S15949	c	item 42330 judged #110-119 does not fit the S run (cv 85812 count 44, gcd 109685 count 45)
S15949	c	item 42331 judged #120-129 does not fit the S run (cv 85812 count 44, gcd 109685 count 45)
S15949	c	item 42332 judged #130-139 does not fit the S run (cv 85812 count 44, gcd 109685 count 45)
S15949	c	item 42333 judged #140-149 does not fit the S run (cv 85812 count 44, gcd 109685 count 45)
S15949	c	item 42334 judged #150-159 does not fit the S run (cv 85812 count 44, gcd 109685 count 45)
S15949	c	item 42335 judged #160-169 does not fit the S run (cv 85812 count 44, gcd 109685 count 45)
S15949	c	item 42336 judged #170-178 does not fit the S run (cv 85812 count 44, gcd 109685 count 45)
S15949	c	item 42337 judged #179-187 does not fit the S run (cv 85812 count 44, gcd 109685 count 45)
S15949	c	item 42338 judged #188-196 does not fit the S run (cv 85812 count 44, gcd 109685 count 45)
S15949	c	item 42339 judged #197-205 does not fit the S run (cv 85812 count 44, gcd 109685 count 45)
S15949	c	item 42340 judged #206-214 does not fit the S run (cv 85812 count 44, gcd 109685 count 45)
S15949	c	item 42341 judged #215-223 does not fit the S run (cv 85812 count 44, gcd 109685 count 45)
S15949	c	item 42342 judged #224-232 does not fit the S run (cv 85812 count 44, gcd 109685 count 45)
S15949	c	item 42343 judged #233-241 does not fit the S run (cv 85812 count 44, gcd 109685 count 45)
S15949	c	item 42344 judged #242-250 does not fit the S run (cv 85812 count 44, gcd 109685 count 45)
S15949	c	item 42345 judged #251-259 does not fit the S run (cv 85812 count 44, gcd 109685 count 45)
S15949	c	item 42346 judged #260-268 does not fit the S run (cv 85812 count 44, gcd 109685 count 45)
S15949	c	item 42324 judged #49-58 does not fit the S run (cv 85812 count 44, gcd 109685 count 45)
S15949	c	item 42325 judged #59-68 does not fit the S run (cv 85812 count 44, gcd 109685 count 45)
S15949	c	item 42326 judged #69-78 does not fit the S run (cv 85812 count 44, gcd 109685 count 45)
S15949	c	item 42327 judged #79-88 does not fit the S run (cv 85812 count 44, gcd 109685 count 45)
S15949	c	item 42328 judged #89-99 does not fit the S run (cv 85812 count 44, gcd 109685 count 45)
S15949	e	44 files
S15990	e	29 files
S16006	b	8/8 per-file CV links name another volume (2870x8)
S16006	d	label-ambiguous item 117889
S16033	e	60 files
S16039	a-I	gcd 6037 named by 1 I line(s) on books of S14084
S16039	e	39 files
S16053	d	label-ambiguous item 118905
S16097	a-I	cv 31702 named by 1 I line(s) on books of S4752
S16097	a-I	gcd 176664 named by 1 I line(s) on books of S4752
S16102	d	label-ambiguous item 89133
S16107	a-I	cv 36727 named by 1 I line(s) on books of S4752
S16116	a-I	cv 45175 named by 1 I line(s) on books of S4752
S16116	a-I	gcd 178463 named by 1 I line(s) on books of S4752
S16131	d	label-ambiguous item 118879
S16131	f	1 shelf/shelves merged in after the wave that landed R-050 (2026-09-23): S103768
S16146	e	24 files
S16147	b	6/6 per-file CV links name another volume (76943x6)
S16164	e	50 files
S16193	d	arithmetic-odd item 95270
S16193	d	span-retracted item 95270
S16234	a-I	gcd 228525 named by 1 I line(s) on books of S4752
S16256	b	6/7 per-file CV links name another volume (82108x6)
S16257	e	53 files
S16262	d	label-ambiguous item 118504
S16361	b	2/2 per-file CV links name another volume (112967x2)
S16379	b	1/1 per-file CV links name another volume (129318x1)
S16381	e	21 files
S16389	b	10/10 per-file CV links name another volume (1543x10)
S16430	b	8/8 per-file CV links name another volume (77442x8)
S16434	d	label-ambiguous item 28889
S16434	e	89 files
S16439	b	2/2 per-file CV links name another volume (52409x2)
S16462	b	3/3 per-file CV links name another volume (145111x3)
S16497	e	37 files
S16521	d	label-ambiguous item 103706
S16521	d	label-ambiguous item 104046
S16521	e	93 files
S16549	b	18/18 per-file CV links name another volume (20769x18)
S16554	a-I	gcd 93597 named by 1 I line(s) on books of S4804
S16571	b	1/1 per-file CV links name another volume (62244x1)
S16571	d	label-ambiguous item 105917
S16641	e	230 files
S16691	b	3/3 per-file CV links name another volume (106310x2, 79990x1)
S16728	b	24/25 per-file CV links name another volume (133079x24)
S16728	e	27 files
S16728	f	1 shelf/shelves merged in after the wave that landed R-045 (2026-09-23): S103579
S16759	b	2/2 per-file CV links name another volume (141607x2)
S16773	b	1/1 per-file CV links name another volume (125654x1)
S16815	e	49 files
S16846	a-I	gcd 117636 named by 8 I line(s) on books of S100034
S16862	c	item 39838 judged #18-27 does not fit the S run (cv 60417 count 17, gcd - count -)
S16862	c	item 39839 judged #28-36 does not fit the S run (cv 60417 count 17, gcd - count -)
S16862	c	item 39840 judged #37-45 does not fit the S run (cv 60417 count 17, gcd - count -)
S16862	c	item 39841 judged #46-54 does not fit the S run (cv 60417 count 17, gcd - count -)
S16862	c	item 39842 judged #55-63 does not fit the S run (cv 60417 count 17, gcd - count -)
S16862	c	item 39843 judged #64-72 does not fit the S run (cv 60417 count 17, gcd - count -)
S16862	c	item 39844 judged #73-81 does not fit the S run (cv 60417 count 17, gcd - count -)
S16862	c	item 39845 judged #82-90 does not fit the S run (cv 60417 count 17, gcd - count -)
S16862	c	item 39846 judged #91-99 does not fit the S run (cv 60417 count 17, gcd - count -)
S16862	c	item 39847 judged #100-108 does not fit the S run (cv 60417 count 17, gcd - count -)
S16862	c	item 39848 judged #109-117 does not fit the S run (cv 60417 count 17, gcd - count -)
S16862	c	item 39849 judged #118-126 does not fit the S run (cv 60417 count 17, gcd - count -)
S16862	c	item 39850 judged #127-135 does not fit the S run (cv 60417 count 17, gcd - count -)
S16862	c	item 39851 judged #136-146 does not fit the S run (cv 60417 count 17, gcd - count -)
S16862	c	item 39852 judged #147-158 does not fit the S run (cv 60417 count 17, gcd - count -)
S16863	a-I	gcd 173836 named by 1 I line(s) on books of S16864
S16896	e	33 files
S16916	a-C	cv 18066 named by 1 C line(s) on books of S102841
S16916	a-C	cv 18066 named by 1 C line(s) on books of S102842
S16916	a-C	gcd 824 named by 1 C line(s) on books of S102841
S16916	a-C	gcd 824 named by 1 C line(s) on books of S102842
S16916	e	135 files
S17059	b	1/1 per-file CV links name another volume (139845x1)
S17091	b	1/1 per-file CV links name another volume (3321x1)
S17096	f	1 shelf/shelves merged in after the wave that landed R-036 (2026-09-23): S103017
S17121	d	label-ambiguous item 16854
S17121	e	113 files
S17151	b	2/2 per-file CV links name another volume (4201x2)
S17154	a-I	cv 38695 named by 1 I line(s) on books of S94709
S17154	a-I	gcd 48910 named by 1 I line(s) on books of S94709
S17221	b	1/1 per-file CV links name another volume (39017x1)
S17270	e	23 files
S17277	b	1/1 per-file CV links name another volume (23417x1)
S17289	e	40 files
S17327	a-C	gcd 4215 named by 1 C line(s) on books of S18388
S17327	d	label-ambiguous item 72824
S17327	e	147 files
S17327	f	1 shelf/shelves merged in after the wave that landed C-019 (2026-09-16): S17243
S17341	b	1/1 per-file CV links name another volume (37475x1)
S17343	a-I	gcd 182001 named by 1 I line(s) on books of S102548
S17346	b	1/1 per-file CV links name another volume (132365x1)
S17353	e	66 files
S17373	b	12/12 per-file CV links name another volume (45091x12)
S17373	c	item 42143 judged #137-146 does not fit the S run (cv 95853 count 6, gcd 112565 count 18)
S17373	c	item 42144 judged #147-156 does not fit the S run (cv 95853 count 6, gcd 112565 count 18)
S17373	c	item 42145 judged #157-166 does not fit the S run (cv 95853 count 6, gcd 112565 count 18)
S17373	c	item 42130 judged #14-22 does not fit the S run (cv 95853 count 6, gcd 112565 count 18)
S17373	c	item 42140 judged #107-116 does not fit the S run (cv 95853 count 6, gcd 112565 count 18)
S17373	c	item 42141 judged #117-126 does not fit the S run (cv 95853 count 6, gcd 112565 count 18)
S17373	c	item 42142 judged #127-136 does not fit the S run (cv 95853 count 6, gcd 112565 count 18)
S17373	c	item 42137 judged #79-87 does not fit the S run (cv 95853 count 6, gcd 112565 count 18)
S17373	c	item 42138 judged #88-96 does not fit the S run (cv 95853 count 6, gcd 112565 count 18)
S17373	c	item 42139 judged #97-106 does not fit the S run (cv 95853 count 6, gcd 112565 count 18)
S17373	c	item 42132 judged #32-40 does not fit the S run (cv 95853 count 6, gcd 112565 count 18)
S17373	c	item 42133 judged #41-49 does not fit the S run (cv 95853 count 6, gcd 112565 count 18)
S17373	c	item 42134 judged #50-59 does not fit the S run (cv 95853 count 6, gcd 112565 count 18)
S17373	c	item 42135 judged #60-69 does not fit the S run (cv 95853 count 6, gcd 112565 count 18)
S17373	c	item 42136 judged #70-78 does not fit the S run (cv 95853 count 6, gcd 112565 count 18)
S17373	c	item 42131 judged #23-31 does not fit the S run (cv 95853 count 6, gcd 112565 count 18)
S17431	b	2/2 per-file CV links name another volume (118275x2)
S17453	c	item 40491 judged #0-33 does not fit the S run (cv 65009 count 3, gcd 44263 count 3)
S17462	b	1/1 per-file CV links name another volume (82212x1)
S17462	f	1 shelf/shelves merged in after the wave that landed R-046 (2026-09-23): S103586
S17473	e	65 files
S17477	a-S	gcd 120469 is also the S of S17476
S17491	b	34/34 per-file CV links name another volume (165037x34)
S17491	c	item 45426 judged #12-19 does not fit the S run (cv 108038 count 13, gcd - count -)
S17491	c	item 45429 judged #38-46 does not fit the S run (cv 108038 count 13, gcd - count -)
S17491	c	item 45428 judged #29-37 does not fit the S run (cv 108038 count 13, gcd - count -)
S17491	c	item 45427 judged #20-28 does not fit the S run (cv 108038 count 13, gcd - count -)
S17491	e	40 files
S17514	d	label-ambiguous item 22694
S17548	d	label-ambiguous item 12245
S17597	a-S	gcd 127367 is also the S of S17602
S17602	a-S	gcd 127367 is also the S of S17597
S17602	a-S	gcd 127367 is also the S of S17615
S17615	a-S	gcd 127367 is also the S of S17602
S17626	b	30/30 per-file CV links name another volume (54995x30)
S17626	e	30 files
S17641	d	label-ambiguous item 14255
S17677	e	28 files
S17700	a-C	cv 42285 named by 15 C line(s) on books of S63610
S17700	a-C	gcd 60636 named by 15 C line(s) on books of S63610
S17705	d	label-ambiguous item 32283
S17705	e	22 files
S17775	b	1/1 per-file CV links name another volume (93685x1)
S17779	b	2/2 per-file CV links name another volume (70911x2)
S17858	c	item 44036 judged #9-13 does not fit the S run (cv 124084 count 8, gcd - count -)
S17858	c	item 44037 judged #14-18 does not fit the S run (cv 124084 count 8, gcd - count -)
S17858	c	item 44038 judged #19-23 does not fit the S run (cv 124084 count 8, gcd - count -)
S17858	c	item 44039 judged #24-28 does not fit the S run (cv 124084 count 8, gcd - count -)
S17858	c	item 44040 judged #29-33 does not fit the S run (cv 124084 count 8, gcd - count -)
S17858	c	item 44041 judged #34-38 does not fit the S run (cv 124084 count 8, gcd - count -)
S17863	b	1/1 per-file CV links name another volume (103594x1)
S17866	c	item 45432 judged #1-9 does not fit the S run (cv 130015 count 2, gcd - count -)
S17866	c	item 45433 judged #10-19 does not fit the S run (cv 130015 count 2, gcd - count -)
S17907	d	label-ambiguous item 21961
S17909	a-C	gcd 3345 named by 1 C line(s) on books of S18388
S17909	a-I	gcd 3345 named by 1 I line(s) on books of S1110
S17909	e	206 files
S17909	f	1 shelf/shelves merged in after the wave that landed C-019 (2026-09-16): S500
S18018	e	36 files
S18018	f	2 shelf/shelves merged in after the wave that landed A-009 (2026-09-09): S1462, S1463
S18025	b	2/2 per-file CV links name another volume (132667x2)
S18039	c	item 10830 C #9-12 on the S's own run does not fit its count
S18043	b	2/2 per-file CV links name another volume (11015x1, 85553x1)
S18043	f	1 shelf/shelves merged in after the wave that landed R-038 (2026-09-23): S103237
S18048	e	21 files
S18048	f	2 shelf/shelves merged in after the wave that landed B-033 (2026-09-11): S3941, S16363
S18106	a-S	gcd 71160 is also the S of S18107
S18111	a-I	gcd 171401 named by 1 I line(s) on books of S18112
S18118	e	40 files
S18118	f	16 shelf/shelves merged in after the wave that landed R-006 (2026-09-10): S18119, S18120, S18121, S18122, S18123
S18169	d	label-ambiguous item 21702
S18169	e	85 files
S18176	d	label-ambiguous item 57760
S18176	e	126 files
S18183	b	11/11 per-file CV links name another volume (66049x11)
S18212	a-I	gcd 52882 named by 3 I line(s) on books of S18213
S18220	e	34 files
S18221	d	label-ambiguous item 12773
S18254	d	label-ambiguous item 30427
S18258	e	49 files
S18272	f	1 shelf/shelves merged in after the wave that landed R-042 (2026-09-23): S103414
S18310	b	1/1 per-file CV links name another volume (11905x1)
S18322	b	1/1 per-file CV links name another volume (21352x1)
S18368	d	label-ambiguous item 35623
S18396	c	item 45486 judged #1-7 does not fit the S run (cv 138320 count 5, gcd 170191 count 5)
S18396	c	item 45487 judged #8-13 does not fit the S run (cv 138320 count 5, gcd 170191 count 5)
S18396	c	item 45488 judged #14-19 does not fit the S run (cv 138320 count 5, gcd 170191 count 5)
S18403	a-I	cv 4358 named by 1 I line(s) on books of S102672
S18403	b	13/13 per-file CV links name another volume (2548x13)
S18409	d	label-ambiguous item 37351
S18425	b	3/3 per-file CV links name another volume (4511x3)
S18454	c	item 45493 judged #39-48 does not fit the S run (cv 121962 count 44, gcd - count -)
S18454	c	item 45522 judged #330-339 does not fit the S run (cv 121962 count 44, gcd - count -)
S18454	c	item 45523 judged #340-349 does not fit the S run (cv 121962 count 44, gcd - count -)
S18454	c	item 45524 judged #350-359 does not fit the S run (cv 121962 count 44, gcd - count -)
S18454	c	item 45525 judged #360-369 does not fit the S run (cv 121962 count 44, gcd - count -)
S18454	c	item 45526 judged #370-379 does not fit the S run (cv 121962 count 44, gcd - count -)
S18454	c	item 45527 judged #380-389 does not fit the S run (cv 121962 count 44, gcd - count -)
S18454	c	item 45528 judged #390-399 does not fit the S run (cv 121962 count 44, gcd - count -)
S18454	c	item 45529 judged #400-409 does not fit the S run (cv 121962 count 44, gcd - count -)
S18454	c	item 45530 judged #410-419 does not fit the S run (cv 121962 count 44, gcd - count -)
S18454	c	item 45531 judged #420-429 does not fit the S run (cv 121962 count 44, gcd - count -)
S18454	c	item 45532 judged #430-439 does not fit the S run (cv 121962 count 44, gcd - count -)
S18454	c	item 45500 judged #109-118 does not fit the S run (cv 121962 count 44, gcd - count -)
S18454	c	item 45501 judged #119-128 does not fit the S run (cv 121962 count 44, gcd - count -)
S18454	c	item 45502 judged #129-138 does not fit the S run (cv 121962 count 44, gcd - count -)
S18454	c	item 45503 judged #139-148 does not fit the S run (cv 121962 count 44, gcd - count -)
S18454	c	item 45504 judged #149-158 does not fit the S run (cv 121962 count 44, gcd - count -)
S18454	c	item 45505 judged #159-168 does not fit the S run (cv 121962 count 44, gcd - count -)
S18454	c	item 45506 judged #169-178 does not fit the S run (cv 121962 count 44, gcd - count -)
S18454	c	item 45507 judged #179-188 does not fit the S run (cv 121962 count 44, gcd - count -)
S18454	c	item 45508 judged #189-199 does not fit the S run (cv 121962 count 44, gcd - count -)
S18454	c	item 45509 judged #200-209 does not fit the S run (cv 121962 count 44, gcd - count -)
S18454	c	item 45510 judged #210-219 does not fit the S run (cv 121962 count 44, gcd - count -)
S18454	c	item 45511 judged #220-229 does not fit the S run (cv 121962 count 44, gcd - count -)
S18454	c	item 45512 judged #230-239 does not fit the S run (cv 121962 count 44, gcd - count -)
S18454	c	item 45513 judged #240-249 does not fit the S run (cv 121962 count 44, gcd - count -)
S18454	c	item 45514 judged #250-259 does not fit the S run (cv 121962 count 44, gcd - count -)
S18454	c	item 45515 judged #260-269 does not fit the S run (cv 121962 count 44, gcd - count -)
S18454	c	item 45516 judged #270-279 does not fit the S run (cv 121962 count 44, gcd - count -)
S18454	c	item 45517 judged #280-289 does not fit the S run (cv 121962 count 44, gcd - count -)
S18454	c	item 45518 judged #290-299 does not fit the S run (cv 121962 count 44, gcd - count -)
S18454	c	item 45519 judged #300-309 does not fit the S run (cv 121962 count 44, gcd - count -)
S18454	c	item 45520 judged #310-319 does not fit the S run (cv 121962 count 44, gcd - count -)
S18454	c	item 45521 judged #320-329 does not fit the S run (cv 121962 count 44, gcd - count -)
S18454	c	item 45494 judged #49-58 does not fit the S run (cv 121962 count 44, gcd - count -)
S18454	c	item 45495 judged #59-68 does not fit the S run (cv 121962 count 44, gcd - count -)
S18454	c	item 45496 judged #69-78 does not fit the S run (cv 121962 count 44, gcd - count -)
S18454	c	item 45497 judged #79-88 does not fit the S run (cv 121962 count 44, gcd - count -)
S18454	c	item 45498 judged #89-98 does not fit the S run (cv 121962 count 44, gcd - count -)
S18454	c	item 45499 judged #99-108 does not fit the S run (cv 121962 count 44, gcd - count -)
S18454	e	66 files
S18471	a-I	cv 52402 named by 1 I line(s) on books of S21399
S18512	b	4/4 per-file CV links name another volume (118508x4)
S18519	b	1/1 per-file CV links name another volume (84964x1)
S18542	b	1/1 per-file CV links name another volume (108521x1)
S18574	b	1/1 per-file CV links name another volume (136295x1)
S18589	a-C	cv 26076 named by 2 C line(s) on books of S18600
S18589	a-C	gcd 33627 named by 2 C line(s) on books of S18600
S18611	b	1/1 per-file CV links name another volume (76835x1)
S18616	d	label-ambiguous item 29918
S18616	e	61 files
S18632	b	3/3 per-file CV links name another volume (155573x3)
S18658	d	label-ambiguous item 55118
S18676	c	item 44055 judged #11-15 does not fit the S run (cv 98314 count 12, gcd 117946 count 12)
S18676	c	item 44062 judged #46-49 does not fit the S run (cv 98314 count 12, gcd 117946 count 12)
S18676	c	item 44063 judged #50-53 does not fit the S run (cv 98314 count 12, gcd 117946 count 12)
S18676	c	item 44060 judged #36-40 does not fit the S run (cv 98314 count 12, gcd 117946 count 12)
S18676	c	item 44061 judged #41-45 does not fit the S run (cv 98314 count 12, gcd 117946 count 12)
S18676	c	item 44058 judged #26-30 does not fit the S run (cv 98314 count 12, gcd 117946 count 12)
S18676	c	item 44059 judged #31-35 does not fit the S run (cv 98314 count 12, gcd 117946 count 12)
S18676	c	item 44056 judged #16-20 does not fit the S run (cv 98314 count 12, gcd 117946 count 12)
S18676	c	item 44057 judged #21-25 does not fit the S run (cv 98314 count 12, gcd 117946 count 12)
S18725	b	1/1 per-file CV links name another volume (70845x1)
S18777	a-I	cv 87949 named by 1 I line(s) on books of S68158
S18826	d	label-ambiguous item 87488
S18826	d	label-ambiguous item 98949
S18826	e	425 files
S18826	f	1 shelf/shelves merged in after the wave that landed R-047 (2026-09-23): S103731
S18834	b	1/1 per-file CV links name another volume (90411x1)
S18841	d	label-ambiguous item 116449
S18845	b	34/42 per-file CV links name another volume (21487x34)
S18845	e	45 files
S18856	c	item 74605 RANGE CONTRADICTED by GCD notes (multi): judged #1-6, GCD says The Joker (DC, 2021 series) #1-5; Batman (DC, 2016 series) #100; Batman: The Joker War Zone (DC, 2020 series) #1
S18856	c	item 74606 RANGE CONTRADICTED by GCD notes (multi): judged #7-9, GCD says The Joker (DC, 2021 series) #6-9; The Joker 2021 Annual #1
S18878	b	2/2 per-file CV links name another volume (124983x2)
S18917	c	item 45555 judged #1-7 does not fit the S run (cv 125270 count 3, gcd 151723 count 3)
S18938	b	1/1 per-file CV links name another volume (147917x1)
S18939	b	1/1 per-file CV links name another volume (150624x1)
S18999	b	2/2 per-file CV links name another volume (11226x2)
S19021	b	1/1 per-file CV links name another volume (130651x1)
S19033	b	3/3 per-file CV links name another volume (111537x3)
S19061	b	1/1 per-file CV links name another volume (85579x1)
S19076	b	2/2 per-file CV links name another volume (142876x2)
S19087	d	label-ambiguous item 13650
S19111	e	26 files
S19113	a-I	gcd 72973 named by 1 I line(s) on books of S19114
S19113	a-I	gcd 72973 named by 1 I line(s) on books of S19115
S19114	b	1/1 per-file CV links name another volume (53536x1)
S19128	b	1/1 per-file CV links name another volume (78538x1)
S19142	a-I	cv 97920 named by 1 I line(s) on books of S68158
S19167	b	2/2 per-file CV links name another volume (74112x1, 78542x1)
S19174	e	21 files
S19235	b	4/6 per-file CV links name another volume (45785x4)
S19246	a-S	gcd 117236 is also the S of S19751
S19275	b	1/1 per-file CV links name another volume (104312x1)
S19308	b	1/1 per-file CV links name another volume (135870x1)
S19320	a-S	gcd 11298 is also the S of S58099
S19340	e	25 files
S19369	e	33 files
S19399	e	23 files
S19425	d	label-ambiguous item 81234
S19444	d	label-ambiguous item 37062
S19506	d	label-ambiguous item 112966
S19566	a-S	gcd 173576 is also the S of S19567
S19575	c	item 41560 judged #87-95 does not fit the S run (cv 146819 count 12, gcd 180634 count 21)
S19575	c	item 41561 judged #96-104 does not fit the S run (cv 146819 count 12, gcd 180634 count 21)
S19575	c	item 41556 judged #51-59 does not fit the S run (cv 146819 count 12, gcd 180634 count 21)
S19575	c	item 41557 judged #60-68 does not fit the S run (cv 146819 count 12, gcd 180634 count 21)
S19575	c	item 41558 judged #69-77 does not fit the S run (cv 146819 count 12, gcd 180634 count 21)
S19575	c	item 41559 judged #78-86 does not fit the S run (cv 146819 count 12, gcd 180634 count 21)
S19575	c	item 41552 judged #15-23 does not fit the S run (cv 146819 count 12, gcd 180634 count 21)
S19575	c	item 41553 judged #24-32 does not fit the S run (cv 146819 count 12, gcd 180634 count 21)
S19575	c	item 41554 judged #33-41 does not fit the S run (cv 146819 count 12, gcd 180634 count 21)
S19575	c	item 41555 judged #42-50 does not fit the S run (cv 146819 count 12, gcd 180634 count 21)
S19575	e	64 files
S19599	b	1/1 per-file CV links name another volume (72131x1)
S19614	b	3/3 per-file CV links name another volume (139445x3)
S19633	c	item 45485 judged #38-45 does not fit the S run (cv 120382 count 7, gcd - count -)
S19633	c	item 45483 judged #18-27 does not fit the S run (cv 120382 count 7, gcd - count -)
S19633	c	item 45484 judged #28-37 does not fit the S run (cv 120382 count 7, gcd - count -)
S19633	c	item 45481 judged #1-8 does not fit the S run (cv 120382 count 7, gcd - count -)
S19633	c	item 45482 judged #9-17 does not fit the S run (cv 120382 count 7, gcd - count -)
S19635	e	29 files
S19639	a-I	cv 73592 named by 1 I line(s) on books of S19635
S19639	a-I	gcd 74272 named by 2 I line(s) on books of S19635
S19650	b	1/1 per-file CV links name another volume (122696x1)
S19654	a-C	cv 2870 named by 1 C line(s) on books of S872
S19654	a-C	cv 2870 named by 1 C line(s) on books of S875
S19654	a-C	cv 2870 named by 1 C line(s) on books of S879
S19654	a-I	cv 2870 named by 1 I line(s) on books of S3420
S19654	a-C	gcd 2359 named by 1 C line(s) on books of S872
S19654	a-C	gcd 2359 named by 1 C line(s) on books of S875
S19654	a-C	gcd 2359 named by 1 C line(s) on books of S879
S19654	d	label-ambiguous item 95949
S19654	e	272 files
S19654	f	1 shelf/shelves merged in after the wave that landed R-050 (2026-09-23): S103787
S19659	e	33 files
S19691	b	1/1 per-file CV links name another volume (65395x1)
S19724	b	2/2 per-file CV links name another volume (91484x2)
S19724	d	label-ambiguous item 19814
S19741	b	5/7 per-file CV links name another volume (24191x5)
S19760	a-I	cv 103273 named by 1 I line(s) on books of S68158
S19805	d	label-ambiguous item 118880
S19810	b	1/1 per-file CV links name another volume (50760x1)
S19838	b	34/34 per-file CV links name another volume (140076x27, 18327x7)
S19838	e	35 files
S19850	b	1/1 per-file CV links name another volume (99299x1)
S19897	b	13/13 per-file CV links name another volume (123690x13)
S19960	e	39 files
S19970	c	item 45609 judged #1-8 does not fit the S run (cv 154763 count 5, gcd - count -)
S19991	c	item 45614 judged #1-4 does not fit the S run (cv 131320 count 3, gcd - count -)
S19991	c	item 45615 judged #5-8 does not fit the S run (cv 131320 count 3, gcd - count -)
S20070	a-C	cv 2294 named by 3 C line(s) on books of S103607
S20070	a-C	gcd 1749 named by 3 C line(s) on books of S103607
S20070	e	420 files
S20079	d	label-ambiguous item 96687
S20097	a-S	gcd 74601 is also the S of S20098
S20097	a-S	gcd 74601 is also the S of S20099
S20097	a-S	gcd 74601 is also the S of S20100
S20097	a-S	gcd 74601 is also the S of S20101
S20097	a-S	gcd 74601 is also the S of S20102
S20097	a-S	gcd 74601 is also the S of S20103
S20098	a-S	gcd 74601 is also the S of S20097
S20098	a-S	gcd 74601 is also the S of S20100
S20098	a-S	gcd 74601 is also the S of S20101
S20098	a-S	gcd 74601 is also the S of S20102
S20098	a-S	gcd 74601 is also the S of S20103
S20099	a-S	gcd 74601 is also the S of S20097
S20099	a-S	gcd 74601 is also the S of S20100
S20099	a-S	gcd 74601 is also the S of S20101
S20099	a-S	gcd 74601 is also the S of S20102
S20099	a-S	gcd 74601 is also the S of S20103
S20100	a-S	gcd 74601 is also the S of S20097
S20100	a-S	gcd 74601 is also the S of S20098
S20100	a-S	gcd 74601 is also the S of S20099
S20100	a-S	gcd 74601 is also the S of S20101
S20100	a-S	gcd 74601 is also the S of S20102
S20100	a-S	gcd 74601 is also the S of S20103
S20101	a-S	gcd 74601 is also the S of S20097
S20101	a-S	gcd 74601 is also the S of S20098
S20101	a-S	gcd 74601 is also the S of S20099
S20101	a-S	gcd 74601 is also the S of S20100
S20101	a-S	gcd 74601 is also the S of S20102
S20101	a-S	gcd 74601 is also the S of S20103
S20102	a-S	gcd 74601 is also the S of S20097
S20102	a-S	gcd 74601 is also the S of S20098
S20102	a-S	gcd 74601 is also the S of S20099
S20102	a-S	gcd 74601 is also the S of S20100
S20102	a-S	gcd 74601 is also the S of S20101
S20102	a-S	gcd 74601 is also the S of S20103
S20103	a-S	gcd 74601 is also the S of S20097
S20103	a-S	gcd 74601 is also the S of S20098
S20103	a-S	gcd 74601 is also the S of S20099
S20103	a-S	gcd 74601 is also the S of S20100
S20103	a-S	gcd 74601 is also the S of S20101
S20103	a-S	gcd 74601 is also the S of S20102
S20110	b	1/1 per-file CV links name another volume (138730x1)
S20114	a-I	cv 131744 named by 4 I line(s) on books of S94812
S20114	a-I	gcd 168846 named by 4 I line(s) on books of S94812
S20123	a-I	cv 66115 named by 1 I line(s) on books of S20070
S20123	a-I	gcd 77971 named by 2 I line(s) on books of S20070
S20138	e	32 files
S20150	a-I	cv 137525 named by 1 I line(s) on books of S68158
S20189	a-S	gcd 202496 is also the S of S20190
S20190	a-S	gcd 202496 is also the S of S20189
S20195	a-I	gcd 59720 named by 1 I line(s) on books of S94814
S20211	b	1/1 per-file CV links name another volume (39959x1)
S20244	b	3/3 per-file CV links name another volume (73079x3)
S20255	a-I	cv 77244 named by 1 I line(s) on books of S17677
S20255	a-I	gcd 27427 named by 1 I line(s) on books of S17677
S20275	c	item 41219 judged #14-24 does not fit the S run (cv 166488 count 23, gcd 123451 count 23)
S20275	c	item 41220 judged #25-34 does not fit the S run (cv 166488 count 23, gcd 123451 count 23)
S20275	c	item 41221 judged #35-44 does not fit the S run (cv 166488 count 23, gcd 123451 count 23)
S20275	c	item 41222 judged #45-54 does not fit the S run (cv 166488 count 23, gcd 123451 count 23)
S20275	c	item 41223 judged #55-64 does not fit the S run (cv 166488 count 23, gcd 123451 count 23)
S20275	c	item 41224 judged #65-74 does not fit the S run (cv 166488 count 23, gcd 123451 count 23)
S20275	e	129 files
S20276	c	item 40185 judged #73-79 does not fit the S run (cv 90506 count 15, gcd 108570 count 11)
S20276	c	item 40184 judged #67-72 does not fit the S run (cv 90506 count 15, gcd 108570 count 11)
S20276	c	item 40174 judged #11-16 does not fit the S run (cv 90506 count 15, gcd 108570 count 11)
S20276	c	item 40182 judged #53-59 does not fit the S run (cv 90506 count 15, gcd 108570 count 11)
S20276	c	item 40183 judged #60-66 does not fit the S run (cv 90506 count 15, gcd 108570 count 11)
S20276	c	item 40181 judged #48-52 does not fit the S run (cv 90506 count 15, gcd 108570 count 11)
S20276	c	item 40179 judged #38-42 does not fit the S run (cv 90506 count 15, gcd 108570 count 11)
S20276	c	item 40180 judged #43-47 does not fit the S run (cv 90506 count 15, gcd 108570 count 11)
S20276	c	item 40177 judged #29-33 does not fit the S run (cv 90506 count 15, gcd 108570 count 11)
S20276	c	item 40178 judged #34-37 does not fit the S run (cv 90506 count 15, gcd 108570 count 11)
S20276	c	item 40175 judged #17-22 does not fit the S run (cv 90506 count 15, gcd 108570 count 11)
S20276	c	item 40176 judged #23-28 does not fit the S run (cv 90506 count 15, gcd 108570 count 11)
S20289	c	item 44093 judged #252-260 does not fit the S run (cv 114338 count 31, gcd 187615 count 31)
S20289	c	item 44094 judged #261-269 does not fit the S run (cv 114338 count 31, gcd 187615 count 31)
S20289	c	item 44095 judged #270-278 does not fit the S run (cv 114338 count 31, gcd 187615 count 31)
S20289	c	item 44068 judged #24-33 does not fit the S run (cv 114338 count 31, gcd 187615 count 31)
S20289	c	item 44088 judged #207-215 does not fit the S run (cv 114338 count 31, gcd 187615 count 31)
S20289	c	item 44089 judged #216-224 does not fit the S run (cv 114338 count 31, gcd 187615 count 31)
S20289	c	item 44090 judged #225-233 does not fit the S run (cv 114338 count 31, gcd 187615 count 31)
S20289	c	item 44091 judged #234-242 does not fit the S run (cv 114338 count 31, gcd 187615 count 31)
S20289	c	item 44092 judged #243-251 does not fit the S run (cv 114338 count 31, gcd 187615 count 31)
S20289	c	item 44083 judged #162-170 does not fit the S run (cv 114338 count 31, gcd 187615 count 31)
S20289	c	item 44084 judged #171-179 does not fit the S run (cv 114338 count 31, gcd 187615 count 31)
S20289	c	item 44085 judged #180-188 does not fit the S run (cv 114338 count 31, gcd 187615 count 31)
S20289	c	item 44086 judged #189-197 does not fit the S run (cv 114338 count 31, gcd 187615 count 31)
S20289	c	item 44087 judged #198-206 does not fit the S run (cv 114338 count 31, gcd 187615 count 31)
S20289	c	item 44078 judged #117-125 does not fit the S run (cv 114338 count 31, gcd 187615 count 31)
S20289	c	item 44079 judged #126-134 does not fit the S run (cv 114338 count 31, gcd 187615 count 31)
S20289	c	item 44080 judged #135-143 does not fit the S run (cv 114338 count 31, gcd 187615 count 31)
S20289	c	item 44081 judged #144-152 does not fit the S run (cv 114338 count 31, gcd 187615 count 31)
S20289	c	item 44082 judged #153-161 does not fit the S run (cv 114338 count 31, gcd 187615 count 31)
S20289	c	item 44069 judged #34-42 does not fit the S run (cv 114338 count 31, gcd 187615 count 31)
S20289	c	item 44070 judged #43-51 does not fit the S run (cv 114338 count 31, gcd 187615 count 31)
S20289	c	item 44071 judged #52-60 does not fit the S run (cv 114338 count 31, gcd 187615 count 31)
S20289	c	item 44072 judged #61-70 does not fit the S run (cv 114338 count 31, gcd 187615 count 31)
S20289	c	item 44073 judged #71-79 does not fit the S run (cv 114338 count 31, gcd 187615 count 31)
S20289	c	item 44074 judged #80-88 does not fit the S run (cv 114338 count 31, gcd 187615 count 31)
S20289	c	item 44075 judged #89-97 does not fit the S run (cv 114338 count 31, gcd 187615 count 31)
S20289	c	item 44076 judged #98-107 does not fit the S run (cv 114338 count 31, gcd 187615 count 31)
S20289	c	item 44077 judged #108-116 does not fit the S run (cv 114338 count 31, gcd 187615 count 31)
S20289	e	31 files
S20298	b	1/1 per-file CV links name another volume (120327x1)
S20327	b	1/1 per-file CV links name another volume (131712x1)
S20333	c	item 45628 judged #11-23 does not fit the S run (cv 90187 count 20, gcd 219157 count 20)
S20333	c	item 45629 judged #24-34 does not fit the S run (cv 90187 count 20, gcd 219157 count 20)
S20336	a-I	cv 89505 named by 1 I line(s) on books of S13969
S20373	b	82/82 per-file CV links name another volume (3370x82)
S20373	d	label-ambiguous item 32594
S20373	e	84 files
S20376	a-I	gcd 155139 named by 1 I line(s) on books of S20373
S20389	b	4/4 per-file CV links name another volume (56123x4)
S20476	d	label-ambiguous item 58078
S20478	f	2 shelf/shelves merged in after the wave that landed A-009 (2026-09-09): S19345, S100752
S20497	d	label-ambiguous item 31693
S20508	e	22 files
S20511	c	item 45658 judged #193-212 does not fit the S run (cv 100950 count 12, gcd - count -)
S20512	c	item 108104 judged #1-4 does not fit the S run (cv 142777 count 2, gcd 178398 count 2)
S20532	b	15/15 per-file CV links name another volume (96532x15)
S20532	c	item 41987 judged #34-37 does not fit the S run (cv 83113 count 34, gcd 153475 count 26)
S20532	c	item 42012 judged #99-102 does not fit the S run (cv 83113 count 34, gcd 153475 count 26)
S20532	c	item 42009 judged #87-90 does not fit the S run (cv 83113 count 34, gcd 153475 count 26)
S20532	c	item 42010 judged #91-94 does not fit the S run (cv 83113 count 34, gcd 153475 count 26)
S20532	c	item 42011 judged #95-98 does not fit the S run (cv 83113 count 34, gcd 153475 count 26)
S20532	c	item 42006 judged #77-79 does not fit the S run (cv 83113 count 34, gcd 153475 count 26)
S20532	c	item 42007 judged #80-82 does not fit the S run (cv 83113 count 34, gcd 153475 count 26)
S20532	c	item 42008 judged #83-86 does not fit the S run (cv 83113 count 34, gcd 153475 count 26)
S20532	c	item 42002 judged #61-64 does not fit the S run (cv 83113 count 34, gcd 153475 count 26)
S20532	c	item 42003 judged #65-68 does not fit the S run (cv 83113 count 34, gcd 153475 count 26)
S20532	c	item 42004 judged #69-72 does not fit the S run (cv 83113 count 34, gcd 153475 count 26)
S20532	c	item 42005 judged #73-76 does not fit the S run (cv 83113 count 34, gcd 153475 count 26)
S20532	c	item 41991 judged #49-52 does not fit the S run (cv 83113 count 34, gcd 153475 count 26)
S20532	c	item 41992 judged #53-56 does not fit the S run (cv 83113 count 34, gcd 153475 count 26)
S20532	c	item 42001 judged #57-60 does not fit the S run (cv 83113 count 34, gcd 153475 count 26)
S20532	c	item 41988 judged #38-40 does not fit the S run (cv 83113 count 34, gcd 153475 count 26)
S20532	c	item 41989 judged #41-44 does not fit the S run (cv 83113 count 34, gcd 153475 count 26)
S20532	c	item 41990 judged #45-48 does not fit the S run (cv 83113 count 34, gcd 153475 count 26)
S20532	e	42 files
S20551	b	3/4 per-file CV links name another volume (63499x3)
S20603	f	1 shelf/shelves merged in after the wave that landed R-048 (2026-09-23): S103734
S20604	a-C	cv 42821 named by 1 C line(s) on books of S103882
S20604	a-C	cv 42821 named by 1 C line(s) on books of S103884
S20604	a-C	gcd 60934 named by 2 C line(s) on books of S103882
S20604	a-C	gcd 60934 named by 1 C line(s) on books of S103884
S20604	d	label-ambiguous item 97119
S20606	a-I	gcd 76317 named by 5 I line(s) on books of S20604
S20610	e	37 files
S20622	d	label-ambiguous item 97101
S20622	e	53 files
S20622	f	1 shelf/shelves merged in after the wave that landed R-050 (2026-09-23): S103788
S20672	d	label-ambiguous item 92919
S20672	d	label-ambiguous item 118882
S20672	e	55 files
S20678	a-S	gcd 98747 is also the S of S20679
S20679	a-S	gcd 98747 is also the S of S20678
S20686	e	63 files
S20706	a-I	cv 47000 named by 1 I line(s) on books of S101234
S20706	a-I	gcd 204851 named by 1 I line(s) on books of S101234
S20719	b	2/2 per-file CV links name another volume (117768x1, 119782x1)
S20731	d	label-ambiguous item 20179
S20731	e	25 files
S20787	b	6/6 per-file CV links name another volume (69121x6)
S20818	c	item 42266 judged #1-11 does not fit the S run (cv 105368 count 7, gcd - count -)
S20826	e	29 files
S20847	e	47 files
S20852	a-I	cv 77562 named by 5 I line(s) on books of S20847
S20878	e	25 files
S20949	b	1/1 per-file CV links name another volume (117611x1)
S20950	b	1/1 per-file CV links name another volume (130534x1)
S20987	e	21 files
S20987	f	1 shelf/shelves merged in after the wave that landed R-045 (2026-09-23): S103627
S20988	c	item 97323 judged #154-158 does not fit the S run (cv 126627 count 71, gcd 109553 count 22)
S20988	e	92 files
S21029	b	4/4 per-file CV links name another volume (147779x4)
S21031	b	1/1 per-file CV links name another volume (108582x1)
S21084	a-C	cv 18403 named by 1 C line(s) on books of S15276
S21084	a-C	gcd 13998 named by 1 C line(s) on books of S15276
S21115	e	81 files
S21158	b	3/3 per-file CV links name another volume (95617x3)
S21165	d	label-ambiguous item 39286
S21191	a-S	gcd 82739 is also the S of S68154
S21193	a-I	cv 22697 named by 1 I line(s) on books of S95963
S21214	b	2/2 per-file CV links name another volume (62096x2)
S21246	b	5/5 per-file CV links name another volume (25904x5)
S21278	b	4/4 per-file CV links name another volume (50946x4)
S21295	b	5/5 per-file CV links name another volume (113910x5)
S21296	b	1/1 per-file CV links name another volume (109981x1)
S21308	b	1/1 per-file CV links name another volume (96054x1)
S21357	d	label-ambiguous item 118892
S21357	e	52 files
S21370	c	item 44130 judged #4-8 does not fit the S run (cv 127933 count 3, gcd 163597 count 2)
S21370	c	item 44131 judged #9-13 does not fit the S run (cv 127933 count 3, gcd 163597 count 2)
S21377	d	label-ambiguous item 95569
S21390	a-C	cv 27010 named by 1 C line(s) on books of S24285
S21390	a-C	gcd 38095 named by 1 C line(s) on books of S24285
S21390	a-C	gcd 38095 named by 1 C line(s) on books of S103667
S21392	d	label-ambiguous item 41293
S21392	e	98 files
S21397	e	22 files
S21399	d	label-ambiguous item 22796
S21407	a-I	gcd 104532 named by 1 I line(s) on books of S21409
S21409	a-C	cv 82523 named by 1 C line(s) on books of S21407
S21409	a-C	gcd 89987 named by 1 C line(s) on books of S21407
S21409	b	2/2 per-file CV links name another volume (81184x2)
S21439	b	21/21 per-file CV links name another volume (3521x21)
S21439	e	21 files
S21451	d	label-ambiguous item 115978
S21522	a-I	gcd 3864 named by 1 I line(s) on books of S5221
S21522	d	label-ambiguous item 97533
S21522	e	192 files
S21563	a-S	gcd 54528 is also the S of S7151
S21573	b	4/4 per-file CV links name another volume (147995x4)
S21699	b	5/5 per-file CV links name another volume (114118x5)
S21718	d	label-ambiguous item 77309
S21724	d	label-ambiguous item 32030
S21750	c	item 46000 judged #1-7 does not fit the S run (cv 22320 count 4, gcd 18656 count 4)
S21797	b	1/1 per-file CV links name another volume (43098x1)
S21804	b	14/14 per-file CV links name another volume (72489x14)
S21821	e	22 files
S21852	a-S	gcd 80971 is also the S of S21853
S21852	a-S	gcd 80971 is also the S of S21854
S21852	a-S	gcd 80971 is also the S of S21856
S21852	a-S	gcd 80971 is also the S of S21857
S21852	a-S	gcd 80971 is also the S of S21858
S21853	a-S	gcd 80971 is also the S of S21852
S21853	a-S	gcd 80971 is also the S of S21855
S21853	a-S	gcd 80971 is also the S of S21856
S21853	a-S	gcd 80971 is also the S of S21857
S21854	a-S	gcd 80971 is also the S of S21852
S21854	a-S	gcd 80971 is also the S of S21855
S21854	a-S	gcd 80971 is also the S of S21857
S21854	a-S	gcd 80971 is also the S of S21858
S21855	a-S	gcd 80971 is also the S of S21853
S21855	a-S	gcd 80971 is also the S of S21854
S21855	a-S	gcd 80971 is also the S of S21856
S21855	a-S	gcd 80971 is also the S of S21857
S21855	a-S	gcd 80971 is also the S of S21858
S21856	a-S	gcd 80971 is also the S of S21852
S21856	a-S	gcd 80971 is also the S of S21853
S21856	a-S	gcd 80971 is also the S of S21855
S21856	a-S	gcd 80971 is also the S of S21858
S21857	a-S	gcd 80971 is also the S of S21852
S21857	a-S	gcd 80971 is also the S of S21853
S21857	a-S	gcd 80971 is also the S of S21854
S21857	a-S	gcd 80971 is also the S of S21855
S21858	a-S	gcd 80971 is also the S of S21852
S21858	a-S	gcd 80971 is also the S of S21854
S21858	a-S	gcd 80971 is also the S of S21855
S21858	a-S	gcd 80971 is also the S of S21856
S21879	e	93 files
S21885	b	74/74 per-file CV links name another volume (69993x74)
S21885	d	label-ambiguous item 97916
S21885	e	103 files
S21885	f	1 shelf/shelves merged in after the wave that landed R-042 (2026-09-23): S103432
S21910	b	1/1 per-file CV links name another volume (67792x1)
S21922	a-I	gcd 104143 named by 10 I line(s) on books of S13205
S21932	a-C	cv 35263 named by 8 C line(s) on books of S103813
S21932	a-I	cv 35263 named by 1 I line(s) on books of S103428
S21932	b	57/57 per-file CV links name another volume (69993x57)
S21932	e	61 files
S21932	f	1 shelf/shelves merged in after the wave that landed A-025 (2026-09-09): S101457
S21955	a-S	gcd 61069 is also the S of S66317
S21955	a-S	gcd 61069 is also the S of S101472
S21955	b	52/52 per-file CV links name another volume (18525x52)
S21955	e	54 files
S21955	f	1 shelf/shelves merged in after the wave that landed R-051 (2026-09-23): S103796
S21958	d	span-retracted item 76309
S21958	e	30 files
S21970	e	25 files
S22009	a-I	gcd 160653 named by 3 I line(s) on books of S101473
S22053	e	26 files
S22107	f	15 shelf/shelves merged in after the wave that landed B-020 (2026-09-10): S22096, S22097, S22098, S22099, S22100
S22115	b	2/3 per-file CV links name another volume (161163x2)
S22139	a-I	cv 92585 named by 1 I line(s) on books of S102434
S22152	b	3/3 per-file CV links name another volume (140238x3)
S22162	a-S	gcd 112457 is also the S of S22163
S22162	a-S	gcd 112457 is also the S of S22164
S22162	a-S	gcd 112457 is also the S of S22166
S22162	a-S	gcd 112457 is also the S of S22167
S22162	a-S	gcd 112457 is also the S of S22168
S22163	a-S	gcd 112457 is also the S of S22162
S22163	a-S	gcd 112457 is also the S of S22165
S22163	a-S	gcd 112457 is also the S of S22166
S22163	a-S	gcd 112457 is also the S of S22167
S22164	a-S	gcd 112457 is also the S of S22162
S22164	a-S	gcd 112457 is also the S of S22165
S22164	a-S	gcd 112457 is also the S of S22167
S22164	a-S	gcd 112457 is also the S of S22168
S22165	a-S	gcd 112457 is also the S of S22163
S22165	a-S	gcd 112457 is also the S of S22164
S22165	a-S	gcd 112457 is also the S of S22166
S22165	a-S	gcd 112457 is also the S of S22167
S22165	a-S	gcd 112457 is also the S of S22168
S22166	a-S	gcd 112457 is also the S of S22162
S22166	a-S	gcd 112457 is also the S of S22163
S22166	a-S	gcd 112457 is also the S of S22165
S22166	a-S	gcd 112457 is also the S of S22168
S22167	a-S	gcd 112457 is also the S of S22162
S22167	a-S	gcd 112457 is also the S of S22163
S22167	a-S	gcd 112457 is also the S of S22164
S22167	a-S	gcd 112457 is also the S of S22165
S22168	a-S	gcd 112457 is also the S of S22162
S22168	a-S	gcd 112457 is also the S of S22164
S22168	a-S	gcd 112457 is also the S of S22165
S22168	a-S	gcd 112457 is also the S of S22166
S22172	a-I	cv 138276 named by 1 I line(s) on books of S66333
S22172	a-I	cv 138276 named by 2 I line(s) on books of S66336
S22172	a-I	gcd 174889 named by 1 I line(s) on books of S66333
S22178	b	1/1 per-file CV links name another volume (32410x1)
S22179	b	1/1 per-file CV links name another volume (54644x1)
S22185	a-S	gcd 112917 is also the S of S22186
S22185	a-S	gcd 112917 is also the S of S22187
S22185	a-S	gcd 112917 is also the S of S22188
S22185	a-S	gcd 112917 is also the S of S22189
S22186	a-S	gcd 112917 is also the S of S22185
S22186	a-S	gcd 112917 is also the S of S22188
S22187	a-S	gcd 112917 is also the S of S22185
S22187	a-S	gcd 112917 is also the S of S22189
S22188	a-S	gcd 112917 is also the S of S22185
S22188	a-S	gcd 112917 is also the S of S22186
S22189	a-S	gcd 112917 is also the S of S22185
S22189	a-S	gcd 112917 is also the S of S22187
S22193	b	7/8 per-file CV links name another volume (4604x6, 40737x1)
S22222	b	1/1 per-file CV links name another volume (82858x1)
S22222	d	label-ambiguous item 118148
S22224	b	1/1 per-file CV links name another volume (88816x1)
S22299	a-C	cv 32271 named by 3 C line(s) on books of S22374
S22299	a-C	cv 32271 named by 2 C line(s) on books of S103823
S22299	a-C	gcd 46027 named by 3 C line(s) on books of S22374
S22299	a-C	gcd 46027 named by 2 C line(s) on books of S103823
S22313	b	4/4 per-file CV links name another volume (18281x4)
S22321	b	1/1 per-file CV links name another volume (113273x1)
S22330	e	30 files
S22330	f	1 shelf/shelves merged in after the wave that landed R-047 (2026-09-23): S103743
S22334	b	1/1 per-file CV links name another volume (4823x1)
S22349	a-S	gcd 82692 is also the S of S22351
S22349	a-S	gcd 82692 is also the S of S22352
S22349	a-S	gcd 82692 is also the S of S22353
S22349	a-S	gcd 82692 is also the S of S22354
S22349	a-S	gcd 82692 is also the S of S22355
S22349	a-S	gcd 82692 is also the S of S22356
S22349	a-S	gcd 82692 is also the S of S22357
S22349	a-S	gcd 82692 is also the S of S22358
S22349	a-S	gcd 82692 is also the S of S22359
S22349	a-S	gcd 82692 is also the S of S22360
S22349	a-S	gcd 82692 is also the S of S22361
S22350	a-S	gcd 82692 is also the S of S22352
S22350	a-S	gcd 82692 is also the S of S22353
S22350	a-S	gcd 82692 is also the S of S22354
S22350	a-S	gcd 82692 is also the S of S22355
S22350	a-S	gcd 82692 is also the S of S22356
S22350	a-S	gcd 82692 is also the S of S22357
S22350	a-S	gcd 82692 is also the S of S22358
S22350	a-S	gcd 82692 is also the S of S22359
S22350	a-S	gcd 82692 is also the S of S22360
S22350	a-S	gcd 82692 is also the S of S22361
S22350	a-S	gcd 82692 is also the S of S22362
S22351	a-S	gcd 82692 is also the S of S22349
S22351	a-S	gcd 82692 is also the S of S22352
S22351	a-S	gcd 82692 is also the S of S22354
S22351	a-S	gcd 82692 is also the S of S22355
S22351	a-S	gcd 82692 is also the S of S22356
S22351	a-S	gcd 82692 is also the S of S22357
S22351	a-S	gcd 82692 is also the S of S22358
S22351	a-S	gcd 82692 is also the S of S22359
S22351	a-S	gcd 82692 is also the S of S22360
S22351	a-S	gcd 82692 is also the S of S22361
S22351	a-S	gcd 82692 is also the S of S22362
S22352	a-S	gcd 82692 is also the S of S22349
S22352	a-S	gcd 82692 is also the S of S22350
S22352	a-S	gcd 82692 is also the S of S22351
S22352	a-S	gcd 82692 is also the S of S22353
S22352	a-S	gcd 82692 is also the S of S22354
S22352	a-S	gcd 82692 is also the S of S22355
S22352	a-S	gcd 82692 is also the S of S22356
S22352	a-S	gcd 82692 is also the S of S22357
S22352	a-S	gcd 82692 is also the S of S22358
S22352	a-S	gcd 82692 is also the S of S22359
S22352	a-S	gcd 82692 is also the S of S22361
S22352	a-S	gcd 82692 is also the S of S22362
S22353	a-S	gcd 82692 is also the S of S22349
S22353	a-S	gcd 82692 is also the S of S22350
S22353	a-S	gcd 82692 is also the S of S22352
S22353	a-S	gcd 82692 is also the S of S22355
S22353	a-S	gcd 82692 is also the S of S22356
S22353	a-S	gcd 82692 is also the S of S22357
S22353	a-S	gcd 82692 is also the S of S22358
S22353	a-S	gcd 82692 is also the S of S22359
S22353	a-S	gcd 82692 is also the S of S22360
S22353	a-S	gcd 82692 is also the S of S22361
S22353	a-S	gcd 82692 is also the S of S22362
S22354	a-S	gcd 82692 is also the S of S22349
S22354	a-S	gcd 82692 is also the S of S22350
S22354	a-S	gcd 82692 is also the S of S22351
S22354	a-S	gcd 82692 is also the S of S22352
S22354	a-S	gcd 82692 is also the S of S22356
S22354	a-S	gcd 82692 is also the S of S22357
S22354	a-S	gcd 82692 is also the S of S22358
S22354	a-S	gcd 82692 is also the S of S22359
S22354	a-S	gcd 82692 is also the S of S22360
S22354	a-S	gcd 82692 is also the S of S22361
S22354	a-S	gcd 82692 is also the S of S22362
S22355	a-S	gcd 82692 is also the S of S22349
S22355	a-S	gcd 82692 is also the S of S22350
S22355	a-S	gcd 82692 is also the S of S22351
S22355	a-S	gcd 82692 is also the S of S22352
S22355	a-S	gcd 82692 is also the S of S22353
S22355	a-S	gcd 82692 is also the S of S22357
S22355	a-S	gcd 82692 is also the S of S22358
S22355	a-S	gcd 82692 is also the S of S22359
S22355	a-S	gcd 82692 is also the S of S22360
S22355	a-S	gcd 82692 is also the S of S22361
S22355	a-S	gcd 82692 is also the S of S22362
S22356	a-S	gcd 82692 is also the S of S22349
S22356	a-S	gcd 82692 is also the S of S22350
S22356	a-S	gcd 82692 is also the S of S22351
S22356	a-S	gcd 82692 is also the S of S22352
S22356	a-S	gcd 82692 is also the S of S22353
S22356	a-S	gcd 82692 is also the S of S22354
S22356	a-S	gcd 82692 is also the S of S22358
S22356	a-S	gcd 82692 is also the S of S22359
S22356	a-S	gcd 82692 is also the S of S22360
S22356	a-S	gcd 82692 is also the S of S22361
S22356	a-S	gcd 82692 is also the S of S22362
S22357	a-S	gcd 82692 is also the S of S22349
S22357	a-S	gcd 82692 is also the S of S22350
S22357	a-S	gcd 82692 is also the S of S22351
S22357	a-S	gcd 82692 is also the S of S22352
S22357	a-S	gcd 82692 is also the S of S22353
S22357	a-S	gcd 82692 is also the S of S22354
S22357	a-S	gcd 82692 is also the S of S22355
S22357	a-S	gcd 82692 is also the S of S22359
S22357	a-S	gcd 82692 is also the S of S22360
S22357	a-S	gcd 82692 is also the S of S22361
S22357	a-S	gcd 82692 is also the S of S22362
S22358	a-S	gcd 82692 is also the S of S22349
S22358	a-S	gcd 82692 is also the S of S22350
S22358	a-S	gcd 82692 is also the S of S22351
S22358	a-S	gcd 82692 is also the S of S22352
S22358	a-S	gcd 82692 is also the S of S22353
S22358	a-S	gcd 82692 is also the S of S22354
S22358	a-S	gcd 82692 is also the S of S22355
S22358	a-S	gcd 82692 is also the S of S22356
S22358	a-S	gcd 82692 is also the S of S22360
S22358	a-S	gcd 82692 is also the S of S22361
S22358	a-S	gcd 82692 is also the S of S22362
S22358	d	label-ambiguous item 86419
S22359	a-S	gcd 82692 is also the S of S22349
S22359	a-S	gcd 82692 is also the S of S22350
S22359	a-S	gcd 82692 is also the S of S22351
S22359	a-S	gcd 82692 is also the S of S22352
S22359	a-S	gcd 82692 is also the S of S22353
S22359	a-S	gcd 82692 is also the S of S22354
S22359	a-S	gcd 82692 is also the S of S22355
S22359	a-S	gcd 82692 is also the S of S22356
S22359	a-S	gcd 82692 is also the S of S22357
S22359	a-S	gcd 82692 is also the S of S22360
S22359	a-S	gcd 82692 is also the S of S22362
S22360	a-S	gcd 82692 is also the S of S22349
S22360	a-S	gcd 82692 is also the S of S22350
S22360	a-S	gcd 82692 is also the S of S22351
S22360	a-S	gcd 82692 is also the S of S22353
S22360	a-S	gcd 82692 is also the S of S22354
S22360	a-S	gcd 82692 is also the S of S22355
S22360	a-S	gcd 82692 is also the S of S22356
S22360	a-S	gcd 82692 is also the S of S22357
S22360	a-S	gcd 82692 is also the S of S22358
S22360	a-S	gcd 82692 is also the S of S22359
S22360	a-S	gcd 82692 is also the S of S22361
S22360	a-S	gcd 82692 is also the S of S22362
S22361	a-S	gcd 82692 is also the S of S22349
S22361	a-S	gcd 82692 is also the S of S22350
S22361	a-S	gcd 82692 is also the S of S22351
S22361	a-S	gcd 82692 is also the S of S22352
S22361	a-S	gcd 82692 is also the S of S22353
S22361	a-S	gcd 82692 is also the S of S22354
S22361	a-S	gcd 82692 is also the S of S22355
S22361	a-S	gcd 82692 is also the S of S22356
S22361	a-S	gcd 82692 is also the S of S22357
S22361	a-S	gcd 82692 is also the S of S22358
S22361	a-S	gcd 82692 is also the S of S22360
S22362	a-S	gcd 82692 is also the S of S22350
S22362	a-S	gcd 82692 is also the S of S22351
S22362	a-S	gcd 82692 is also the S of S22352
S22362	a-S	gcd 82692 is also the S of S22353
S22362	a-S	gcd 82692 is also the S of S22354
S22362	a-S	gcd 82692 is also the S of S22355
S22362	a-S	gcd 82692 is also the S of S22356
S22362	a-S	gcd 82692 is also the S of S22357
S22362	a-S	gcd 82692 is also the S of S22358
S22362	a-S	gcd 82692 is also the S of S22359
S22362	a-S	gcd 82692 is also the S of S22360
S22374	a-C	cv 20691 named by 2 C line(s) on books of S22445
S22374	a-C	cv 20691 named by 2 C line(s) on books of S103823
S22374	a-C	cv 20691 named by 1 C line(s) on books of S103824
S22374	a-C	gcd 29823 named by 2 C line(s) on books of S22445
S22374	a-C	gcd 29823 named by 2 C line(s) on books of S103823
S22374	a-C	gcd 29823 named by 1 C line(s) on books of S103824
S22374	e	106 files
S22374	f	1 shelf/shelves merged in after the wave that landed R-056 (2026-09-23): S103818
S22414	e	143 files
S22445	f	1 shelf/shelves merged in after the wave that landed R-053 (2026-09-23): S103822
S22461	b	1/1 per-file CV links name another volume (126705x1)
S22477	b	1/1 per-file CV links name another volume (158742x1)
S22575	b	16/16 per-file CV links name another volume (4831x12, 100101x4)
S22601	a-C	gcd 3678 named by 1 C line(s) on books of S103745
S22603	e	54 files
S22617	e	26 files
S22637	b	1/1 per-file CV links name another volume (6203x1)
S22641	c	item 43995 judged #1-12 does not fit the S run (cv 140095 count 1, gcd - count -)
S22682	e	32 files
S22687	b	4/4 per-file CV links name another volume (11870x4)
S22687	d	label-ambiguous item 53288
S22701	d	label-ambiguous item 76572
S22701	e	28 files
S22734	c	item 42491 judged #34-39 does not fit the S run (cv 28075 count 32, gcd - count -)
S22734	e	26 files
S22742	e	32 files
S22748	e	38 files
S22748	f	16 shelf/shelves merged in after the wave that landed C-059 (2026-09-17): S22749, S36354, S47130, S47131, S47132
S22797	b	1/1 per-file CV links name another volume (117484x1)
S22798	d	label-ambiguous item 98164
S22836	a-I	gcd 83355 named by 1 I line(s) on books of S22834
S22910	a-S	gcd 18427 is also the S of S7938
S22910	a-C	gcd 18427 named by 4 C line(s) on books of S64826
S22940	c	item 43702 judged #1-7 does not fit the S run (cv 125937 count 3, gcd - count -)
S22940	c	item 43703 judged #8-16 does not fit the S run (cv 125937 count 3, gcd - count -)
S22940	c	item 43704 judged #17-19 does not fit the S run (cv 125937 count 3, gcd - count -)
S22962	c	item 42283 judged #41-41 does not fit the S run (cv 38885 count None, gcd 15639 count 37)
S22962	c	item 42284 judged #50-50 does not fit the S run (cv 38885 count None, gcd 15639 count 37)
S22962	c	item 42285 judged #60-60 does not fit the S run (cv 38885 count None, gcd 15639 count 37)
S22962	c	item 42286 judged #69-69 does not fit the S run (cv 38885 count None, gcd 15639 count 37)
S22962	c	item 42287 judged #79-79 does not fit the S run (cv 38885 count None, gcd 15639 count 37)
S22962	c	item 42288 judged #88-88 does not fit the S run (cv 38885 count None, gcd 15639 count 37)
S22962	c	item 42289 judged #98-98 does not fit the S run (cv 38885 count None, gcd 15639 count 37)
S22962	c	item 42290 judged #108-108 does not fit the S run (cv 38885 count None, gcd 15639 count 37)
S22962	c	item 42291 judged #118-118 does not fit the S run (cv 38885 count None, gcd 15639 count 37)
S22962	c	item 42292 judged #128-128 does not fit the S run (cv 38885 count None, gcd 15639 count 37)
S22962	c	item 42293 judged #137-137 does not fit the S run (cv 38885 count None, gcd 15639 count 37)
S22962	c	item 42294 judged #144-144 does not fit the S run (cv 38885 count None, gcd 15639 count 37)
S22962	c	item 42295 judged #151-151 does not fit the S run (cv 38885 count None, gcd 15639 count 37)
S22962	c	item 42296 judged #158-158 does not fit the S run (cv 38885 count None, gcd 15639 count 37)
S22962	c	item 42297 judged #165-165 does not fit the S run (cv 38885 count None, gcd 15639 count 37)
S22962	c	item 42298 judged #172-172 does not fit the S run (cv 38885 count None, gcd 15639 count 37)
S22962	c	item 42299 judged #180-188 does not fit the S run (cv 38885 count None, gcd 15639 count 37)
S22962	c	item 42302 judged #207-207 does not fit the S run (cv 38885 count None, gcd 15639 count 37)
S22962	c	item 42303 judged #216-216 does not fit the S run (cv 38885 count None, gcd 15639 count 37)
S22962	c	item 42304 judged #225-225 does not fit the S run (cv 38885 count None, gcd 15639 count 37)
S22962	c	item 42306 judged #243-251 does not fit the S run (cv 38885 count None, gcd 15639 count 37)
S22962	c	item 42307 judged #252-252 does not fit the S run (cv 38885 count None, gcd 15639 count 37)
S22962	c	item 42308 judged #261-261 does not fit the S run (cv 38885 count None, gcd 15639 count 37)
S22962	c	item 42312 judged #297-297 does not fit the S run (cv 38885 count None, gcd 15639 count 37)
S22962	c	item 42313 judged #304-309 does not fit the S run (cv 38885 count None, gcd 15639 count 37)
S22962	c	item 42314 judged #310-315 does not fit the S run (cv 38885 count None, gcd 15639 count 37)
S22962	c	item 42315 judged #317-320 does not fit the S run (cv 38885 count None, gcd 15639 count 37)
S22962	e	37 files
S22969	c	item 42254 judged #4-6 does not fit the S run (cv 102227 count 3, gcd 118677 count 3)
S23014	c	item 46233 judged #10-10 does not fit the S run (cv 142419 count 9, gcd 183019 count 9)
S23014	c	item 46234 judged #15-15 does not fit the S run (cv 142419 count 9, gcd 183019 count 9)
S23014	c	item 46235 judged #20-20 does not fit the S run (cv 142419 count 9, gcd 183019 count 9)
S23014	c	item 46236 judged #23-23 does not fit the S run (cv 142419 count 9, gcd 183019 count 9)
S23014	c	item 46237 judged #26-26 does not fit the S run (cv 142419 count 9, gcd 183019 count 9)
S23014	c	item 46238 judged #30-30 does not fit the S run (cv 142419 count 9, gcd 183019 count 9)
S23014	c	item 46239 judged #33-33 does not fit the S run (cv 142419 count 9, gcd 183019 count 9)
S23014	c	item 46240 judged #36-36 does not fit the S run (cv 142419 count 9, gcd 183019 count 9)
S23014	c	item 46241 judged #38-38 does not fit the S run (cv 142419 count 9, gcd 183019 count 9)
S23014	c	item 46242 judged #43-43 does not fit the S run (cv 142419 count 9, gcd 183019 count 9)
S23014	c	item 46243 judged #47-47 does not fit the S run (cv 142419 count 9, gcd 183019 count 9)
S23014	c	item 46244 judged #49.3-49.7 does not fit the S run (cv 142419 count 9, gcd 183019 count 9)
S23014	c	item 46245 judged #50-50 does not fit the S run (cv 142419 count 9, gcd 183019 count 9)
S23014	c	item 46246 judged #52-52 does not fit the S run (cv 142419 count 9, gcd 183019 count 9)
S23014	c	item 46247 judged #55-55 does not fit the S run (cv 142419 count 9, gcd 183019 count 9)
S23014	c	item 46248 judged #60-60 does not fit the S run (cv 142419 count 9, gcd 183019 count 9)
S23093	c	item 46002 judged #28-33 does not fit the S run (cv 45111 count 20, gcd - count -)
S23093	c	item 46004 judged #46-46 does not fit the S run (cv 45111 count 20, gcd - count -)
S23093	c	item 46005 judged #54-54 does not fit the S run (cv 45111 count 20, gcd - count -)
S23093	c	item 46006 judged #62-62 does not fit the S run (cv 45111 count 20, gcd - count -)
S23093	c	item 46008 judged #78-78 does not fit the S run (cv 45111 count 20, gcd - count -)
S23093	c	item 46009 judged #86-86 does not fit the S run (cv 45111 count 20, gcd - count -)
S23093	c	item 46010 judged #94-101 does not fit the S run (cv 45111 count 20, gcd - count -)
S23093	c	item 46013 judged #118-125 does not fit the S run (cv 45111 count 20, gcd - count -)
S23093	c	item 46014 judged #126-133 does not fit the S run (cv 45111 count 20, gcd - count -)
S23093	c	item 46017 judged #150-150 does not fit the S run (cv 45111 count 20, gcd - count -)
S23118	c	item 41709 C #198-206 on the S's own run does not fit its count
S23118	c	item 41706 C #178-184 on the S's own run does not fit its count
S23118	c	item 41707 C #185-191 on the S's own run does not fit its count
S23118	c	item 41708 C #192-197 on the S's own run does not fit its count
S23118	c	item 41704 C #163-169 on the S's own run does not fit its count
S23118	c	item 41705 C #170-177 on the S's own run does not fit its count
S23118	c	item 41703 C #156-162 on the S's own run does not fit its count
S23118	c	item 41701 C #142-148 on the S's own run does not fit its count
S23118	c	item 41702 C #149-155 on the S's own run does not fit its count
S23118	c	item 41700 C #135-141 on the S's own run does not fit its count
S23118	c	item 41699 C #128-134 on the S's own run does not fit its count
S23118	e	31 files
S23597	c	item 45005 judged #133-142 does not fit the S run (cv 80580 count 17, gcd 223026 count 17)
S23597	c	item 45006 judged #143-143 does not fit the S run (cv 80580 count 17, gcd 223026 count 17)
S23597	c	item 45007 judged #153-153 does not fit the S run (cv 80580 count 17, gcd 223026 count 17)
S23597	c	item 45008 judged #163-170 does not fit the S run (cv 80580 count 17, gcd 223026 count 17)
S23597	c	item 45000 judged #83-83 does not fit the S run (cv 80580 count 17, gcd 223026 count 17)
S23597	c	item 45002 judged #103-103 does not fit the S run (cv 80580 count 17, gcd 223026 count 17)
S23597	c	item 45004 judged #123-123 does not fit the S run (cv 80580 count 17, gcd 223026 count 17)
S23597	c	item 44996 judged #43-43 does not fit the S run (cv 80580 count 17, gcd 223026 count 17)
S23597	c	item 44997 judged #53-53 does not fit the S run (cv 80580 count 17, gcd 223026 count 17)
S23597	c	item 44998 judged #63-63 does not fit the S run (cv 80580 count 17, gcd 223026 count 17)
S23597	c	item 44999 judged #73-73 does not fit the S run (cv 80580 count 17, gcd 223026 count 17)
S23597	c	item 44994 judged #21-31 does not fit the S run (cv 80580 count 17, gcd 223026 count 17)
S23597	c	item 44995 judged #32-32 does not fit the S run (cv 80580 count 17, gcd 223026 count 17)
S23759	d	label-ambiguous item 40452
S23759	e	106 files
S23802	b	4/4 per-file CV links name another volume (83422x4)
S24289	b	5/5 per-file CV links name another volume (18007x5)
S24289	c	item 112536 judged #1-12 does not fit the S run (cv 71452 count 5, gcd - count -)
S24289	c	item 112537 judged #13-28 does not fit the S run (cv 71452 count 5, gcd - count -)
S24289	c	item 112538 judged #29-44 does not fit the S run (cv 71452 count 5, gcd - count -)
S24289	c	item 112539 judged #45-59 does not fit the S run (cv 71452 count 5, gcd - count -)
S24289	c	item 112540 judged #60-72 does not fit the S run (cv 71452 count 5, gcd - count -)
S24289	d	label-ambiguous item 112536
S24306	b	6/6 per-file CV links name another volume (85823x6)
S24349	b	2/2 per-file CV links name another volume (85926x2)
S28878	c	item 44867 judged #78-86 does not fit the S run (cv 82075 count 10, gcd 94977 count 10)
S28878	c	item 44866 judged #68-77 does not fit the S run (cv 82075 count 10, gcd 94977 count 10)
S28878	c	item 44864 judged #48-57 does not fit the S run (cv 82075 count 10, gcd 94977 count 10)
S28878	c	item 44865 judged #58-67 does not fit the S run (cv 82075 count 10, gcd 94977 count 10)
S28878	c	item 44861 judged #23-30 does not fit the S run (cv 82075 count 10, gcd 94977 count 10)
S28878	c	item 44862 judged #31-37 does not fit the S run (cv 82075 count 10, gcd 94977 count 10)
S28878	c	item 44863 judged #38-47 does not fit the S run (cv 82075 count 10, gcd 94977 count 10)
S28878	c	item 44860 judged #15-22 does not fit the S run (cv 82075 count 10, gcd 94977 count 10)
S34388	a-I	cv 2860 named by 14 I line(s) on books of S18826
S34388	a-I	gcd 2348 named by 13 I line(s) on books of S18826
S34431	b	3/5 per-file CV links name another volume (71435x1, 90118x1)
S34452	b	1/1 per-file CV links name another volume (2914x1)
S34675	d	label-ambiguous item 65393
S34708	a-I	gcd 105777 named by 3 I line(s) on books of S2741
S34708	a-I	gcd 105777 named by 1 I line(s) on books of S95617
S34708	a-I	gcd 105777 named by 5 I line(s) on books of S103535
S35140	c	item 36391 judged #9-11 does not fit the S run (cv 67751 count 4, gcd 123035 count 4)
S35238	a-S	gcd 112667 is also the S of S6295
S35238	a-S	gcd 112667 is also the S of S6296
S35238	a-S	gcd 112667 is also the S of S6297
S35238	a-S	gcd 112667 is also the S of S6298
S35238	a-S	gcd 112667 is also the S of S6299
S35238	a-S	gcd 112667 is also the S of S6301
S35258	a-S	gcd 161515 is also the S of S6700
S35500	b	1/1 per-file CV links name another volume (21749x1)
S35501	a-I	gcd 78273 named by 2 I line(s) on books of S97608
S35582	a-S	gcd 104118 is also the S of S10634
S35656	e	47 files
S35804	a-I	gcd 179720 named by 1 I line(s) on books of S13889
S35823	a-I	gcd 119452 named by 1 I line(s) on books of S102983
S35823	a-I	gcd 119452 named by 1 I line(s) on books of S102985
S35875	d	label-ambiguous item 90979
S36230	b	1/1 per-file CV links name another volume (59013x1)
S36271	b	5/5 per-file CV links name another volume (4249x4, 24926x1)
S36348	a-I	cv 124413 named by 1 I line(s) on books of S22596
S36640	d	label-ambiguous item 65629
S46611	f	1 shelf/shelves merged in after the wave that landed R-037 (2026-09-23): S103002
S57278	b	1/1 per-file CV links name another volume (164706x1)
S58099	a-S	gcd 11298 is also the S of S19320
S58099	a-S	gcd 11298 is also the S of S100744
S58099	b	27/27 per-file CV links name another volume (22453x27)
S58099	e	29 files
S58610	a-I	gcd 1983 named by 1 I line(s) on books of S102929
S58610	e	135 files
S62538	c	item 19129 RANGE CONTRADICTED by GCD notes (multi): judged #1-3, GCD says DC Comics Presents (DC, 1978 series) #78; All-Star Squadron (DC, 1981 series) #50-60; The Fury of Firestorm (DC, 1982 series) #41-42; Green Lantern (DC, 1960 series) #194-198
S62538	c	item 19130 RANGE CONTRADICTED by GCD notes (multi): judged #1-5, GCD says Detective Comics (DC, 1937 series) #558; DC Comics Presents (DC, 1978 series) #86; Swamp Thing (DC, 1985 series) #44; The Losers Special (DC, 1985 series) #1; Legends of the DCU: Crisis on Infinite Earths (DC, 1999 serie
S62538	c	item 19131 RANGE CONTRADICTED by GCD notes (multi): judged #6-8, GCD says Amethyst (DC, 1985 series) #13; The Omega Men (DC, 1983 series) #31; a story from #33; Blue Devil (DC, 1984 series) #17-18; Wonder Woman (DC, 1942 series) #327-329; Swamp Thing (DC, 1985 series) #46; Legion of Super-Hero
S62538	d	duplicate-edition item 19128
S62538	d	label-ambiguous item 19128
S62538	e	30 files
S63422	b	1/1 per-file CV links name another volume (21650x1)
S63593	c	item 113241 judged #13-25 does not fit the S run (cv 84299 count 3, gcd 92113 count 3)
S63593	c	item 113242 judged #26-40 does not fit the S run (cv 84299 count 3, gcd 92113 count 3)
S63593	c	item 113240 judged #1-12 does not fit the S run (cv 84299 count 3, gcd 92113 count 3)
S63739	b	2/2 per-file CV links name another volume (45737x2)
S63804	b	15/15 per-file CV links name another volume (69862x15)
S63804	f	1 shelf/shelves merged in after the wave that landed R-042 (2026-09-23): S103424
S64040	d	label-ambiguous item 111998
S64120	e	76 files
S64179	e	89 files
S64185	a-C	cv 2128 named by 10 C line(s) on books of S1589
S64185	a-I	cv 2128 named by 5 I line(s) on books of S8203
S64185	a-C	gcd 1571 named by 10 C line(s) on books of S1589
S64185	a-I	gcd 1571 named by 1 I line(s) on books of S15025
S64185	d	label-ambiguous item 116541
S64185	d	label-ambiguous item 117740
S64185	e	517 files
S64189	a-I	gcd 207599 named by 3 I line(s) on books of S95229
S64189	d	label-ambiguous item 118640
S64223	a-C	cv 796 named by 1 C line(s) on books of S24285
S64223	a-C	cv 796 named by 1 C line(s) on books of S102900
S64223	a-C	cv 796 named by 1 C line(s) on books of S103667
S64223	a-C	cv 796 named by 1 C line(s) on books of S103668
S64223	a-C	gcd 141 named by 1 C line(s) on books of S24285
S64223	a-C	gcd 141 named by 1 C line(s) on books of S102900
S64223	a-C	gcd 141 named by 1 C line(s) on books of S103667
S64223	a-C	gcd 141 named by 1 C line(s) on books of S103668
S64223	d	label-ambiguous item 61078
S64223	e	845 files
S64223	f	1 shelf/shelves merged in after the wave that landed R-048 (2026-09-23): S103669
S64225	a-S	gcd 61067 is also the S of S95394
S64247	a-I	cv 121066 named by 3 I line(s) on books of S94865
S64247	a-I	gcd 150022 named by 5 I line(s) on books of S94865
S64298	e	38 files
S64338	e	54 files
S64363	d	label-ambiguous item 88485
S64363	e	222 files
S64393	d	label-ambiguous item 17447
S64393	e	86 files
S64455	c	item 19147 RANGE CONTRADICTED by GCD notes (multi): judged #5-6, GCD says JLA-JSA team-ups from Justice League of America (DC, 1960 series) #171-172, #183-185, #195-197, #207-209, #219-220, #231-232; All-Star Squadron (DC, 1981 series) #14-15; DC Comics Presents Annual (DC, 1982 series) #1
S64455	c	item 19146 RANGE CONTRADICTED by GCD notes (count): judged #3-4, GCD says JLA-JSA team-ups from Justice League of America (DC, 1960 series) #91-92, #100-102, #107-108, #113, #123-124, #135-137, #147-148
S64455	c	item 19145 RANGE CONTRADICTED by GCD notes (multi): judged #1-2, GCD says JLA-JSA team-ups from Justice League of America (DC, 1960 series) #21-22, #29-30, #37-38, #46-47, #55-56, #64-65, #73-74, #82-83; bonus material from Justice League of America #76
S64455	c	item 67982 RANGE CONTRADICTED by GCD notes (multi): judged #1-2, GCD says JLA-JSA team-ups from Justice League of America (DC, 1960 series) #21-22, #29-30, #37-38, #46-47, #55-56, #64-65, #73-74, #82-83; bonus material from Justice League of America #76
S64455	d	label-ambiguous item 67982
S64466	d	label-ambiguous item 91710
S64501	a-C	cv 2190 named by 2 C line(s) on books of S4784
S64501	a-C	cv 2190 named by 13 C line(s) on books of S4812
S64501	a-C	cv 2190 named by 3 C line(s) on books of S4823
S64501	a-C	cv 2190 named by 2 C line(s) on books of S4832
S64501	a-C	gcd 1636 named by 2 C line(s) on books of S4784
S64501	a-C	gcd 1636 named by 13 C line(s) on books of S4812
S64501	a-C	gcd 1636 named by 3 C line(s) on books of S4823
S64501	a-C	gcd 1636 named by 2 C line(s) on books of S4832
S64501	a-I	gcd 1636 named by 4 I line(s) on books of S4784
S64501	d	label-ambiguous item 47980
S64501	d	label-ambiguous item 116397
S64501	e	433 files
S64504	b	1/1 per-file CV links name another volume (2190x1)
S64506	a-C	gcd 3301 named by 1 C line(s) on books of S103649
S64506	e	207 files
S64520	d	label-ambiguous item 21780
S64520	e	25 files
S64525	e	84 files
S64525	f	85 files when C-043 was read, 84 now (files left the shelf — a split?)
S64540	e	124 files
S64540	f	1 shelf/shelves merged in after the wave that landed C-043 (2026-09-17): S5092
S64541	a-I	cv 22955 named by 1 I line(s) on books of S5134
S64541	a-I	cv 22955 named by 1 I line(s) on books of S102757
S64541	b	55/74 per-file CV links name another volume (6000x54, 42212x1)
S64541	e	87 files
S64541	f	1 shelf/shelves merged in after the wave that landed R-035 (2026-09-23): S102759
S64562	e	100 files
S64562	f	4 shelf/shelves merged in after the wave that landed C-046 (2026-09-17): S5310, S5311, S5312, S5313
S64590	e	93 files
S64603	e	22 files
S64604	b	18/18 per-file CV links name another volume (3786x17, 39754x1)
S64604	d	label-ambiguous item 64536
S64605	e	22 files
S64651	e	50 files
S64669	a-C	cv 2045 named by 8 C line(s) on books of S6495
S64669	a-C	cv 2045 named by 1 C line(s) on books of S6500
S64669	a-C	cv 2045 named by 8 C line(s) on books of S6512
S64669	a-C	cv 2045 named by 15 C line(s) on books of S11500
S64669	a-C	gcd 1482 named by 8 C line(s) on books of S6495
S64669	a-C	gcd 1482 named by 1 C line(s) on books of S6500
S64669	a-C	gcd 1482 named by 8 C line(s) on books of S6512
S64669	a-C	gcd 1482 named by 15 C line(s) on books of S11500
S64669	d	label-ambiguous item 98865
S64669	e	547 files
S64669	f	1 shelf/shelves merged in after the wave that landed C-044 (2026-09-17): S6456
S64672	b	43/85 per-file CV links name another volume (2045x43)
S64672	e	89 files
S64739	b	8/8 per-file CV links name another volume (166259x8)
S64745	d	label-ambiguous item 89296
S64745	e	31 files
S64771	d	label-ambiguous item 80224
S64804	d	label-ambiguous item 106089
S64817	b	128/128 per-file CV links name another volume (4003x127, 91284x1)
S64817	d	label-ambiguous item 16848
S64817	e	128 files
S64826	b	91/97 per-file CV links name another volume (2839x91)
S64826	d	label-ambiguous item 16197
S64826	d	label-ambiguous item 65370
S64826	e	110 files
S64826	f	1 shelf/shelves merged in after the wave that landed R-054 (2026-09-23): S103826
S64835	e	94 files
S64928	a-C	cv 20291 named by 1 C line(s) on books of S103893
S64928	a-C	gcd 28683 named by 1 C line(s) on books of S103893
S64928	e	52 files
S65010	a-C	gcd 3804 named by 2 C line(s) on books of S17259
S65010	a-C	gcd 3804 named by 1 C line(s) on books of S18388
S65010	b	81/89 per-file CV links name another volume (2014x81)
S65010	e	89 files
S65021	e	35 files
S65063	f	1 shelf/shelves merged in after the wave that landed R-041 (2026-09-23): S103316
S65102	a-I	cv 136988 named by 1 I line(s) on books of S65101
S65102	b	2/2 per-file CV links name another volume (29781x2)
S65153	a-C	gcd 1992 named by 1 C line(s) on books of S102623
S65153	e	45 files
S65153	f	1 shelf/shelves merged in after the wave that landed R-043 (2026-09-23): S103488
S65354	d	label-ambiguous item 92687
S65356	a-I	cv 5755 named by 1 I line(s) on books of S5149
S65356	e	116 files
S65356	f	1 shelf/shelves merged in after the wave that landed R-044 (2026-09-23): S103500
S65364	e	28 files
S65458	e	124 files
S65459	b	6/6 per-file CV links name another volume (18328x6)
S65459	d	label-ambiguous item 88431
S65548	e	21 files
S65556	a-C	cv 5041 named by 2 C line(s) on books of S66295
S65556	a-C	gcd 4727 named by 3 C line(s) on books of S66295
S65588	e	56 files
S65613	d	label-ambiguous item 22223
S65629	b	7/11 per-file CV links name another volume (18348x7)
S65629	d	label-ambiguous item 37158
S65644	d	label-ambiguous item 88514
S65644	e	155 files
S65714	d	label-ambiguous item 28713
S65714	e	59 files
S65715	e	89 files
S65715	f	80 files when C-027 was read, 89 now (no merge explains it)
S65741	a-I	cv 96284 named by 1 I line(s) on books of S16693
S65741	d	label-ambiguous item 103805
S65768	d	label-ambiguous item 13479
S65768	f	1 shelf/shelves merged in after the wave that landed R-032 (2026-09-23): S102683
S65813	a-I	gcd 116 named by 5 I line(s) on books of S8203
S65813	b	330/333 per-file CV links name another volume (119775x330)
S65813	e	334 files
S65813	f	1 shelf/shelves merged in after the wave that landed R-049 (2026-09-23): S103782
S65856	e	112 files
S65925	f	1 shelf/shelves merged in after the wave that landed C-061 (2026-09-17): S100356
S65956	e	65 files
S65963	a-I	gcd 26047 named by 1 I line(s) on books of S100605
S65986	e	27 files
S66071	d	label-ambiguous item 16717
S66071	e	50 files
S66125	e	47 files
S66142	d	label-ambiguous item 113398
S66149	b	21/21 per-file CV links name another volume (43640x21)
S66149	d	label-ambiguous item 97151
S66149	e	56 files
S66149	f	1 shelf/shelves merged in after the wave that landed R-089 (2026-09-23): S103904
S66183	e	90 files
S66237	a-C	cv 3519 named by 1 C line(s) on books of S875
S66237	a-C	cv 3519 named by 1 C line(s) on books of S879
S66237	a-C	cv 3519 named by 1 C line(s) on books of S103849
S66237	a-C	cv 3519 named by 2 C line(s) on books of S103851
S66237	a-C	gcd 3059 named by 1 C line(s) on books of S875
S66237	a-C	gcd 3059 named by 1 C line(s) on books of S879
S66237	a-C	gcd 3059 named by 1 C line(s) on books of S103849
S66237	a-C	gcd 3059 named by 2 C line(s) on books of S103851
S66237	d	label-ambiguous item 87322
S66237	e	155 files
S66317	a-S	gcd 61069 is also the S of S21955
S66317	a-S	gcd 61069 is also the S of S101472
S66333	a-C	gcd 3209 named by 1 C line(s) on books of S103745
S66333	d	label-ambiguous item 85668
S66333	e	323 files
S66336	e	35 files
S66349	a-C	gcd 4254 named by 3 C line(s) on books of S66295
S66349	b	244/244 per-file CV links name another volume (43640x219, 43672x19, 45796x5)
S66349	e	244 files
S66353	a-C	gcd 173727 named by 1 C line(s) on books of S94570
S66353	b	41/53 per-file CV links name another volume (43640x31, 158814x10)
S66353	e	67 files
S66353	f	1 shelf/shelves merged in after the wave that landed R-053 (2026-09-23): S103817
S66372	e	47 files
S66487	b	7/7 per-file CV links name another volume (143053x7)
S66489	e	38 files
S66503	a-I	cv 26954 named by 3 I line(s) on books of S35781
S66503	a-I	gcd 73331 named by 3 I line(s) on books of S35781
S66557	d	label-ambiguous item 72688
S68154	a-S	gcd 82739 is also the S of S21191
S68158	a-I	gcd 69863 named by 1 I line(s) on books of S241
S68158	a-I	gcd 69863 named by 2 I line(s) on books of S371
S68158	a-I	gcd 69863 named by 1 I line(s) on books of S1461
S68158	a-I	gcd 69863 named by 1 I line(s) on books of S5213
S68158	a-I	gcd 69863 named by 1 I line(s) on books of S7590
S68158	a-I	gcd 69863 named by 1 I line(s) on books of S10258
S68158	a-I	gcd 69863 named by 2 I line(s) on books of S11252
S68158	a-I	gcd 69863 named by 1 I line(s) on books of S11814
S68158	a-I	gcd 69863 named by 1 I line(s) on books of S18777
S68158	a-I	gcd 69863 named by 1 I line(s) on books of S19071
S68158	a-I	gcd 69863 named by 1 I line(s) on books of S19760
S68158	a-I	gcd 69863 named by 1 I line(s) on books of S19963
S68158	a-I	gcd 69863 named by 1 I line(s) on books of S20150
S68158	a-I	gcd 69863 named by 2 I line(s) on books of S36038
S68158	e	28 files
S68342	d	label-ambiguous item 116633
S73843	c	item 42187 judged #11-11 does not fit the S run (cv 50750 count 2, gcd - count -)
S94533	b	27/27 per-file CV links name another volume (46777x27)
S94533	c	item 40038 judged #127-135 does not fit the S run (cv 120734 count 18, gcd 149749 count 20)
S94533	c	item 40035 judged #100-108 does not fit the S run (cv 120734 count 18, gcd 149749 count 20)
S94533	c	item 40036 judged #109-117 does not fit the S run (cv 120734 count 18, gcd 149749 count 20)
S94533	c	item 40037 judged #118-126 does not fit the S run (cv 120734 count 18, gcd 149749 count 20)
S94533	c	item 40033 judged #82-90 does not fit the S run (cv 120734 count 18, gcd 149749 count 20)
S94533	c	item 40034 judged #91-99 does not fit the S run (cv 120734 count 18, gcd 149749 count 20)
S94533	c	item 40030 judged #55-63 does not fit the S run (cv 120734 count 18, gcd 149749 count 20)
S94533	c	item 40031 judged #64-72 does not fit the S run (cv 120734 count 18, gcd 149749 count 20)
S94533	c	item 40032 judged #73-81 does not fit the S run (cv 120734 count 18, gcd 149749 count 20)
S94533	c	item 40026 judged #19-27 does not fit the S run (cv 120734 count 18, gcd 149749 count 20)
S94533	c	item 40027 judged #28-36 does not fit the S run (cv 120734 count 18, gcd 149749 count 20)
S94533	c	item 40028 judged #37-45 does not fit the S run (cv 120734 count 18, gcd 149749 count 20)
S94533	c	item 40029 judged #46-54 does not fit the S run (cv 120734 count 18, gcd 149749 count 20)
S94533	e	42 files
S94535	c	item 40112 judged #21-33 does not fit the S run (cv 121518 count 4, gcd 200930 count 4)
S94535	c	item 40113 judged #34-45 does not fit the S run (cv 121518 count 4, gcd 200930 count 4)
S94535	c	item 40110 judged #1-7 does not fit the S run (cv 121518 count 4, gcd 200930 count 4)
S94535	c	item 40111 judged #8-20 does not fit the S run (cv 121518 count 4, gcd 200930 count 4)
S94536	c	item 40114 judged #1-10 does not fit the S run (cv 121348 count 8, gcd - count -)
S94542	a-I	cv 3815 named by 1 I line(s) on books of S12794
S94548	b	9/10 per-file CV links name another volume (85292x9)
S94552	b	5/5 per-file CV links name another volume (3976x5)
S94554	a-S	gcd 60920 is also the S of S2139
S94554	b	9/11 per-file CV links name another volume (26584x9)
S94555	b	62/62 per-file CV links name another volume (26584x46, 160394x16)
S94555	e	63 files
S94566	b	1/1 per-file CV links name another volume (19402x1)
S94574	b	2/2 per-file CV links name another volume (36240x2)
S94575	b	7/7 per-file CV links name another volume (36240x7)
S94580	b	1/1 per-file CV links name another volume (18118x1)
S94581	a-S	gcd 15128 is also the S of S5267
S94581	e	30 files
S94583	a-C	cv 77678 named by 3 C line(s) on books of S5272
S94583	a-C	gcd 83897 named by 3 C line(s) on books of S5272
S94588	b	2/2 per-file CV links name another volume (2569x2)
S94595	a-C	cv 6211 named by 3 C line(s) on books of S6517
S94595	a-C	gcd 11218 named by 1 C line(s) on books of S6517
S94595	a-C	gcd 11218 named by 1 C line(s) on books of S103893
S94595	a-I	gcd 11218 named by 1 I line(s) on books of S64669
S94595	b	98/98 per-file CV links name another volume (2045x98)
S94595	e	98 files
S94603	b	2/3 per-file CV links name another volume (2636x2)
S94613	a-C	cv 42808 named by 1 C line(s) on books of S103791
S94613	a-C	gcd 60924 named by 1 C line(s) on books of S103791
S94613	b	56/56 per-file CV links name another volume (2839x56)
S94613	e	64 files
S94613	f	1 shelf/shelves merged in after the wave that landed R-054 (2026-09-23): S103829
S94640	a-I	gcd 217178 named by 1 I line(s) on books of S9736
S94648	b	1/1 per-file CV links name another volume (2014x1)
S94650	b	9/9 per-file CV links name another volume (42488x9)
S94654	b	7/7 per-file CV links name another volume (4557x7)
S94666	a-C	cv 55330 named by 16 C line(s) on books of S64201
S94666	a-C	cv 55330 named by 2 C line(s) on books of S102980
S94666	a-C	gcd 70463 named by 16 C line(s) on books of S64201
S94666	a-C	gcd 70463 named by 2 C line(s) on books of S102980
S94671	e	84 files
S94672	b	12/12 per-file CV links name another volume (4407x12)
S94672	d	label-ambiguous item 102157
S94673	e	28 files
S94673	f	20 files when C-039 was read, 28 now (no merge explains it)
S94677	b	4/4 per-file CV links name another volume (132229x3, 3358x1)
S94680	b	16/31 per-file CV links name another volume (6472x12, 30045x4)
S94680	e	31 files
S94683	a-I	gcd 82475 named by 2 I line(s) on books of S65458
S94686	d	label-ambiguous item 22521
S94686	e	128 files
S94694	b	2/2 per-file CV links name another volume (3616x2)
S94699	a-C	gcd 123483 named by 4 C line(s) on books of S15901
S94699	b	24/32 per-file CV links name another volume (11074x24)
S94699	e	32 files
S94706	a-I	cv 71454 named by 1 I line(s) on books of S16896
S94706	a-I	gcd 110480 named by 1 I line(s) on books of S16896
S94706	b	1/1 per-file CV links name another volume (1328x1)
S94714	b	74/74 per-file CV links name another volume (11258x74)
S94714	e	79 files
S94716	d	label-ambiguous item 35599
S94716	e	24 files
S94717	b	11/11 per-file CV links name another volume (1995x11)
S94717	e	272 files
S94717	f	1 shelf/shelves merged in after the wave that landed R-054 (2026-09-23): S103794
S94719	a-C	cv 6558 named by 1 C line(s) on books of S103893
S94719	a-C	gcd 7053 named by 2 C line(s) on books of S103893
S94719	b	84/84 per-file CV links name another volume (2406x84)
S94719	e	91 files
S94719	f	1 shelf/shelves merged in after the wave that landed R-047 (2026-09-23): S103733
S94724	b	2/2 per-file CV links name another volume (2889x2)
S94728	b	1/1 per-file CV links name another volume (52880x1)
S94734	b	1/1 per-file CV links name another volume (18390x1)
S94736	a-C	cv 7300 named by 1 C line(s) on books of S18272
S94736	a-C	gcd 7880 named by 1 C line(s) on books of S18272
S94736	a-I	gcd 7880 named by 1 I line(s) on books of S18272
S94737	b	1/1 per-file CV links name another volume (7300x1)
S94740	b	4/4 per-file CV links name another volume (31792x4)
S94740	d	label-ambiguous item 76502
S94742	a-C	cv 20511 named by 3 C line(s) on books of S22374
S94742	a-C	cv 20511 named by 2 C line(s) on books of S103823
S94742	a-C	cv 20511 named by 1 C line(s) on books of S103824
S94742	a-C	gcd 29506 named by 3 C line(s) on books of S22374
S94742	a-C	gcd 29506 named by 2 C line(s) on books of S103823
S94742	a-C	gcd 29506 named by 1 C line(s) on books of S103824
S94742	b	38/38 per-file CV links name another volume (4604x38)
S94742	e	38 files
S94747	b	24/24 per-file CV links name another volume (95201x24)
S94747	e	24 files
S94757	b	6/6 per-file CV links name another volume (83480x6)
S94770	b	43/43 per-file CV links name another volume (3138x43)
S94770	d	label-ambiguous item 36520
S94770	e	43 files
S94775	b	9/9 per-file CV links name another volume (1497x8, 2294x1)
S94776	b	18/18 per-file CV links name another volume (1497x18)
S94780	b	6/8 per-file CV links name another volume (42996x6)
S94793	b	3/3 per-file CV links name another volume (3857x3)
S94812	a-C	cv 123862 named by 2 C line(s) on books of S20114
S94812	a-C	gcd 154263 named by 2 C line(s) on books of S20114
S94812	b	19/19 per-file CV links name another volume (2294x19)
S94812	e	23 files
S94813	a-C	gcd 5812 named by 1 C line(s) on books of S95223
S94813	e	69 files
S94813	f	1 shelf/shelves merged in after the wave that landed R-026 (2026-09-17): S20172
S94814	a-C	gcd 17522 named by 1 C line(s) on books of S94813
S94814	a-C	gcd 17522 named by 1 C line(s) on books of S103879
S94814	c	item 97017 judged #169-174 does not fit the S run (cv - count -, gcd 17522 count 76)
S94814	c	item 97014 judged #126-132 does not fit the S run (cv - count -, gcd 17522 count 76)
S94814	e	63 files
S94824	b	4/4 per-file CV links name another volume (5729x4)
S94824	d	label-ambiguous item 62497
S94829	a-I	gcd 195503 named by 1 I line(s) on books of S64520
S94829	b	5/5 per-file CV links name another volume (33769x5)
S94833	b	15/15 per-file CV links name another volume (92750x15)
S94833	c	item 65704 RANGE CONTRADICTED by GCD notes (count): judged #0-8, GCD says Harley Quinn (DC, 2021 series) #50-57
S94834	c	item 65732 RANGE CONTRADICTED by GCD notes (offset): judged #70-75, GCD says Harley Quinn (DC, 2021 series) #22-27
S94838	e	62 files
S94841	e	25 files
S94842	e	38 files
S94846	b	13/16 per-file CV links name another volume (3052x13)
S94847	b	3/3 per-file CV links name another volume (3052x3)
S94849	b	8/8 per-file CV links name another volume (3052x8)
S94852	e	54 files
S94861	b	1/1 per-file CV links name another volume (4571x1)
S94864	a-S	gcd 188709 is also the S of S94863
S94865	b	84/84 per-file CV links name another volume (18058x84)
S94865	c	item 61426 RANGE CONTRADICTED by GCD notes (multi): judged #1020-1027, GCD says Detective Comics #1020-1026; a Joker War story from #1027; Detective Comics Annual #3
S94865	e	102 files
S94865	f	1 shelf/shelves merged in after the wave that landed R-058 (2026-09-23): S103843
S94866	b	100/100 per-file CV links name another volume (92750x95, 138648x4, 160586x1)
S94866	c	item 65743 RANGE CONTRADICTED by GCD notes (multi): judged #18-21, GCD says a story from Batman: Urban Legends (DC, 2021 series) #1; Harley Quinn (DC, 2021 series) #1-6
S94866	e	100 files
S94867	b	3/3 per-file CV links name another volume (42488x3)
S94871	b	24/24 per-file CV links name another volume (5755x22, 134503x2)
S94871	e	24 files
S94872	b	174/174 per-file CV links name another volume (5755x170, 111008x2, 148290x2)
S94872	e	178 files
S94961	a-S	gcd 59922 is also the S of S94962
S94961	a-C	gcd 59922 named by 9 C line(s) on books of S17172
S94961	b	87/87 per-file CV links name another volume (18005x87)
S94961	d	provider-disagrees item 72608
S94961	d	provider-disagrees item 72611
S94961	e	102 files
S94963	e	287 files
S94965	b	29/29 per-file CV links name another volume (3105x29)
S94965	e	30 files
S94965	f	1 shelf/shelves merged in after the wave that landed B-008 (2026-09-10): S421
S95051	a-C	cv 112161 named by 5 C line(s) on books of S842
S95051	a-C	cv 112161 named by 1 C line(s) on books of S894
S95051	a-C	gcd 126774 named by 5 C line(s) on books of S842
S95051	a-C	gcd 126774 named by 1 C line(s) on books of S894
S95051	b	12/12 per-file CV links name another volume (2127x12)
S95051	d	label-ambiguous item 118417
S95051	e	31 files
S95051	f	1 shelf/shelves merged in after the wave that landed R-057 (2026-09-23): S103805
S95052	b	4/4 per-file CV links name another volume (2127x4)
S95052	f	2 shelf/shelves merged in after the wave that landed R-053 (2026-09-23): S103530, S103806
S95053	a-C	cv 142577 named by 3 C line(s) on books of S897
S95053	a-C	gcd 184161 named by 3 C line(s) on books of S897
S95053	b	163/163 per-file CV links name another volume (2127x151, 152139x8, 110451x4)
S95053	e	165 files
S95056	d	label-ambiguous item 6651
S95058	b	3/3 per-file CV links name another volume (137574x3)
S95059	f	4 files when C-062 was read, 9 now (no merge explains it)
S95122	b	6/6 per-file CV links name another volume (5230x6)
S95122	c	item 58787 RANGE CONTRADICTED by GCD notes (multi): judged #31-36, GCD says Aquaman (DC, 2016 series) #31-33; Aquaman Annual (DC, 2018 series) #1
S95229	a-C	gcd 200634 named by 1 C line(s) on books of S64189
S95229	a-I	gcd 200634 named by 1 I line(s) on books of S64201
S95229	e	66 files
S95367	b	3/3 per-file CV links name another volume (106664x3)
S95379	b	1/1 per-file CV links name another volume (7205x1)
S95379	d	label-ambiguous item 58965
S95380	c	item 58979 RANGE CONTRADICTED by GCD notes (multi): judged #7-11, GCD says Batgirl (DC, 2016 series) #7-12; Batgirl Annual (DC, 2017 series) #1
S95381	b	4/4 per-file CV links name another volume (7205x4)
S95386	b	9/9 per-file CV links name another volume (4720x9)
S95386	d	label-ambiguous item 62428
S95392	b	13/16 per-file CV links name another volume (3194x13)
S95396	b	174/174 per-file CV links name another volume (796x172, 33242x1, 149312x1)
S95396	e	180 files
S95489	b	47/63 per-file CV links name another volume (6498x47)
S95489	e	63 files
S95614	e	23 files
S95616	a-C	cv 6496 named by 2 C line(s) on books of S2762
S95616	a-C	gcd 6989 named by 2 C line(s) on books of S2762
S95616	b	2/2 per-file CV links name another volume (11502x2)
S95616	d	label-ambiguous item 53994
S95616	f	1 shelf/shelves merged in after the wave that landed R-045 (2026-09-23): S103534
S95617	a-C	cv 11502 named by 2 C line(s) on books of S101456
S95617	a-C	gcd 12471 named by 2 C line(s) on books of S101456
S95617	c	item 53594 RANGE CONTRADICTED by GCD notes (count): judged #35-38, GCD says Black Panther (Marvel, 2018 series) #7-12
S95617	d	label-ambiguous item 116970
S95617	e	29 files
S95620	a-S	gcd 178418 is also the S of S95619
S95772	b	9/9 per-file CV links name another volume (5067x9)
S95772	c	item 110820 judged #24-26 does not fit the S run (cv 50367 count 16, gcd 66766 count 14)
S95785	b	3/3 per-file CV links name another volume (101382x2, 19402x1)
S95961	b	5/5 per-file CV links name another volume (2400x5)
S95963	b	5/5 per-file CV links name another volume (2400x5)
S96003	b	6/6 per-file CV links name another volume (4955x6)
S96005	b	129/129 per-file CV links name another volume (4955x128, 149934x1)
S96005	c	item 63653 RANGE CONTRADICTED by GCD notes (count): judged #1-5, GCD says Catwoman (DC, 2018 series) #1-6
S96005	e	133 files
S96031	b	8/8 per-file CV links name another volume (3986x8)
S96031	d	label-ambiguous item 63874
S96118	d	provider-disagrees item 78063
S96118	d	span-retracted item 78063
S96118	e	219 files
S96215	b	1/1 per-file CV links name another volume (109443x1)
S96216	b	33/35 per-file CV links name another volume (109443x33)
S96216	d	label-ambiguous item 36354
S96216	e	35 files
S96237	b	7/7 per-file CV links name another volume (5242x7)
S96254	a-S	gcd 6026 is also the S of S4784
S96254	a-C	cv 6209 named by 1 C line(s) on books of S103879
S96254	a-C	gcd 6026 named by 1 C line(s) on books of S103879
S96254	b	41/41 per-file CV links name another volume (2190x41)
S96254	e	44 files
S96257	e	60 files
S96259	e	37 files
S96259	f	36 files when C-021 was read, 37 now (no merge explains it)
S96324	a-C	cv 53726 named by 10 C line(s) on books of S5107
S96324	a-C	gcd 69743 named by 10 C line(s) on books of S5107
S96324	b	59/59 per-file CV links name another volume (6000x59)
S96324	e	66 files
S96324	f	10 files when C-043 was read, 66 now (no merge explains it)
S96327	d	label-ambiguous item 105462
S96327	e	26 files
S96347	b	8/9 per-file CV links name another volume (5164x8)
S96415	b	51/52 per-file CV links name another volume (18058x51)
S96415	e	53 files
S96415	f	1 shelf/shelves merged in after the wave that landed R-058 (2026-09-23): S103844
S96485	d	label-ambiguous item 54829
S96485	e	25 files
S96494	b	4/4 per-file CV links name another volume (2676x4)
S96743	a-C	cv 133080 named by 1 C line(s) on books of S6232
S96743	a-C	gcd 168396 named by 1 C line(s) on books of S6232
S96743	b	3/3 per-file CV links name another volume (2858x3)
S96743	f	1 shelf/shelves merged in after the wave that landed R-036 (2026-09-23): S102941
S96996	c	item 94818 RANGE CONTRADICTED by GCD notes (count): judged #1-6, GCD says Friendly Neighborhood Spider-Man (Marvel, 2019 series) #1-5
S97116	b	2/2 per-file CV links name another volume (95467x2)
S97119	e	75 files
S97144	b	18/18 per-file CV links name another volume (2636x17, 45138x1)
S97144	d	label-ambiguous item 80193
S97300	b	4/4 per-file CV links name another volume (140335x4)
S97350	b	10/10 per-file CV links name another volume (4003x8, 91284x2)
S97352	b	42/42 per-file CV links name another volume (4003x42)
S97352	c	item 64842 RANGE CONTRADICTED by GCD notes (count): judged #5-8, GCD says Green Arrow (DC, 2023 series) #1-6
S97352	e	42 files
S97487	b	9/9 per-file CV links name another volume (4191x9)
S97667	b	4/4 per-file CV links name another volume (11345x4)
S97669	b	6/6 per-file CV links name another volume (11345x6)
S97886	b	6/6 per-file CV links name another volume (2766x6)
S97888	b	1/1 per-file CV links name another volume (150441x1)
S97889	b	60/60 per-file CV links name another volume (150441x60)
S97889	e	62 files
S97889	f	1 shelf/shelves merged in after the wave that landed R-048 (2026-09-23): S103704
S97892	b	9/10 per-file CV links name another volume (150441x8, 124276x1)
S97925	d	label-ambiguous item 106354
S98038	a-I	cv 5642 named by 2 I line(s) on books of S343
S98038	b	7/7 per-file CV links name another volume (6089x7)
S98038	d	label-ambiguous item 12359
S98039	b	2/2 per-file CV links name another volume (6089x2)
S98040	b	4/4 per-file CV links name another volume (6089x4)
S98041	b	3/3 per-file CV links name another volume (6089x3)
S98044	b	8/8 per-file CV links name another volume (6089x8)
S98108	b	8/8 per-file CV links name another volume (4402x8)
S98213	b	82/82 per-file CV links name another volume (4201x82)
S98213	e	83 files
S98214	a-C	cv 4201 named by 1 C line(s) on books of S103319
S98214	a-C	gcd 3810 named by 1 C line(s) on books of S103319
S98214	e	135 files
S98214	f	1 shelf/shelves merged in after the wave that landed R-041 (2026-09-23): S103318
S98215	c	item 68043 C #45-50 on the S's own run does not fit its count
S98215	c	item 68042 C #37-44 on the S's own run does not fit its count
S98240	b	3/4 per-file CV links name another volume (11023x3)
S98264	b	4/4 per-file CV links name another volume (86704x3, 141873x1)
S98333	b	3/4 per-file CV links name another volume (2956x3)
S98472	e	24 files
S98474	b	24/24 per-file CV links name another volume (22319x24)
S98474	e	24 files
S98485	e	23 files
S98522	e	27 files
S98523	a-S	gcd 189937 is also the S of S103496
S98524	b	4/4 per-file CV links name another volume (87332x4)
S98889	b	5/7 per-file CV links name another volume (5348x5)
S99043	d	label-ambiguous item 10476
S99357	b	55/55 per-file CV links name another volume (26326x55)
S99357	e	57 files
S99357	f	1 shelf/shelves merged in after the wave that landed R-037 (2026-09-23): S102981
S99533	c	item 69556 C #1-6 on the S's own run does not fit its count
S99533	c	item 69557 C #7-12 on the S's own run does not fit its count
S99533	c	item 69558 C #13-17 on the S's own run does not fit its count
S99543	b	2/2 per-file CV links name another volume (92630x2)
S99610	e	61 files
S99611	b	24/36 per-file CV links name another volume (22745x24)
S99611	e	36 files
S99676	b	1/1 per-file CV links name another volume (96158x1)
S99699	e	22 files
S99759	f	1 shelf/shelves merged in after the wave that landed R-041 (2026-09-23): S103389
S99973	b	27/27 per-file CV links name another volume (43261x27)
S99973	e	30 files
S99976	e	30 files
S99976	f	26 files when C-051 was read, 30 now (no merge explains it)
S100004	e	36 files
S100014	d	label-ambiguous item 104198
S100014	d	label-ambiguous item 104199
S100014	e	67 files
S100019	e	45 files
S100040	b	13/13 per-file CV links name another volume (5174x13)
S100040	d	label-ambiguous item 57279
S100122	b	4/4 per-file CV links name another volume (3321x4)
S100135	a-C	gcd 3386 named by 1 C line(s) on books of S18388
S100135	b	208/208 per-file CV links name another volume (119775x208)
S100135	d	label-ambiguous item 17161
S100135	e	209 files
S100135	f	1 shelf/shelves merged in after the wave that landed R-049 (2026-09-23): S103783
S100163	e	116 files
S100163	f	1 shelf/shelves merged in after the wave that landed R-036 (2026-09-23): S103020
S100166	a-I	gcd 68208 named by 2 I line(s) on books of S17377
S100166	b	4/4 per-file CV links name another volume (3465x4)
S100220	b	5/6 per-file CV links name another volume (10414x3, 75697x2)
S100220	f	1 shelf/shelves merged in after the wave that landed R-036 (2026-09-23): S103027
S100336	b	15/29 per-file CV links name another volume (7499x15)
S100336	e	29 files
S100357	b	7/7 per-file CV links name another volume (4545x6, 94996x1)
S100364	d	label-ambiguous item 112433
S100364	e	67 files
S100575	a-C	cv 91750 named by 3 C line(s) on books of S18609
S100575	a-C	gcd 103458 named by 3 C line(s) on books of S18609
S100575	e	35 files
S100575	f	1 shelf/shelves merged in after the wave that landed R-054 (2026-09-23): S103835
S100576	c	item 73619 judged #800-800 does not fit the S run (cv 153720 count 27, gcd 201306 count 33)
S100576	e	43 files
S100744	a-S	gcd 11298 is also the S of S58099
S100744	e	44 files
S101050	b	56/57 per-file CV links name another volume (44350x56)
S101050	e	57 files
S101050	f	1 shelf/shelves merged in after the wave that landed B-014 (2026-09-10): S19799
S101053	e	64 files
S101296	b	3/3 per-file CV links name another volume (126627x3)
S101396	e	54 files
S101458	b	13/13 per-file CV links name another volume (69993x13)
S101466	e	31 files
S101470	a-C	cv 3824 named by 1 C line(s) on books of S21955
S101470	a-C	gcd 3396 named by 1 C line(s) on books of S21955
S101470	a-C	gcd 3396 named by 1 C line(s) on books of S103668
S101470	b	235/235 per-file CV links name another volume (18525x222, 147775x12, 70837x1)
S101470	e	250 files
S101470	f	1 shelf/shelves merged in after the wave that landed R-057 (2026-09-23): S103801
S101472	a-S	gcd 61069 is also the S of S21955
S101472	a-S	gcd 61069 is also the S of S66317
S101474	e	81 files
S101515	b	13/13 per-file CV links name another volume (4823x12, 5337x1)
S101516	b	10/13 per-file CV links name another volume (4823x10)
S101518	a-C	cv 10745 named by 2 C line(s) on books of S101456
S101518	a-C	gcd 11652 named by 2 C line(s) on books of S101456
S101518	f	13 files when C-054 was read, 20 now (no merge explains it)
S101522	b	26/26 per-file CV links name another volume (43640x26)
S101522	e	31 files
S101535	b	3/3 per-file CV links name another volume (142647x3)
S101537	b	3/3 per-file CV links name another volume (142647x3)
S101568	d	label-ambiguous item 34442
S101631	e	58 files
S101631	f	1 shelf/shelves merged in after the wave that landed R-032 (2026-09-23): S102722
S101637	d	label-ambiguous item 108340
S101652	d	label-ambiguous item 37057
S101659	c	item 45841 RANGE CONTRADICTED by GCD notes (multi): judged #16-18, GCD says ? #21; through #24
S101675	a-I	cv 49231 named by 1 I line(s) on books of S64102
S101675	a-I	gcd 68255 named by 1 I line(s) on books of S64102
S101675	d	label-ambiguous item 14000
S101847	b	4/6 per-file CV links name another volume (52863x4)
S101847	d	label-ambiguous item 54957
S101949	e	51 files
S102126	a-I	gcd 134252 named by 3 I line(s) on books of S65447
S102127	a-I	cv 146264 named by 1 I line(s) on books of S14041
S102127	a-I	cv 146264 named by 1 I line(s) on books of S65447
S102127	a-I	gcd 189386 named by 1 I line(s) on books of S14041
S102127	a-I	gcd 189386 named by 1 I line(s) on books of S65447
S102189	d	label-ambiguous item 118890
S102367	b	8/8 per-file CV links name another volume (19752x8)
S102371	b	3/3 per-file CV links name another volume (6000x3)
S102377	b	7/7 per-file CV links name another volume (20289x7)
S102379	b	6/6 per-file CV links name another volume (20289x6)
S102387	b	12/12 per-file CV links name another volume (18720x12)
S102392	b	39/39 per-file CV links name another volume (55835x39)
S102392	e	42 files
S102393	b	24/24 per-file CV links name another volume (55835x24)
S102393	e	26 files
S102393	f	1 shelf/shelves merged in after the wave that landed R-038 (2026-09-23): S103138
S102394	b	24/24 per-file CV links name another volume (55835x24)
S102394	e	26 files
S102394	f	1 shelf/shelves merged in after the wave that landed R-038 (2026-09-23): S103139
S102395	b	24/24 per-file CV links name another volume (55835x24)
S102395	e	27 files
S102395	f	1 shelf/shelves merged in after the wave that landed R-038 (2026-09-23): S103140
S102400	a-I	gcd 98746 named by 10 I line(s) on books of S11648
S102400	b	1/1 per-file CV links name another volume (4398x1)
S102404	b	2/2 per-file CV links name another volume (18462x2)
S102410	f	1 shelf/shelves merged in after the wave that landed R-076 (2026-09-23): S103871
S102414	b	57/57 per-file CV links name another volume (3092x57)
S102414	e	57 files
S102418	b	1/1 per-file CV links name another volume (69993x1)
S102428	e	41 files
S102428	f	40 files when C-038 was read, 41 now (no merge explains it)
S102429	b	4/4 per-file CV links name another volume (43640x4)
S102431	a-I	gcd 223643 named by 1 I line(s) on books of S66353
S102431	e	75 files
S102485	a-I	gcd 105789 named by 1 I line(s) on books of S102486
S102576	a-S	gcd 167909 is also the S of S1266
S102623	a-I	gcd 184834 named by 1 I line(s) on books of S64767
S102715	b	1/1 per-file CV links name another volume (133257x1)
S102871	b	2/2 per-file CV links name another volume (31262x2)
S102884	b	1/1 per-file CV links name another volume (67426x1)
S103039	b	1/1 per-file CV links name another volume (78714x1)
S103047	b	4/4 per-file CV links name another volume (116101x4)
S103054	b	1/1 per-file CV links name another volume (85264x1)
S103057	b	6/6 per-file CV links name another volume (25642x6)
S103118	b	1/1 per-file CV links name another volume (31728x1)
S103135	b	1/1 per-file CV links name another volume (2859x1)
S103141	a-C	cv 27202 named by 1 C line(s) on books of S9847
S103141	a-C	gcd 52657 named by 1 C line(s) on books of S9847
S103163	b	1/1 per-file CV links name another volume (46516x1)
S103167	b	1/1 per-file CV links name another volume (46516x1)
S103169	b	1/1 per-file CV links name another volume (46516x1)
S103173	b	1/1 per-file CV links name another volume (46516x1)
S103202	b	1/1 per-file CV links name another volume (143628x1)
S103230	b	4/4 per-file CV links name another volume (114267x4)
S103247	b	2/2 per-file CV links name another volume (119574x2)
S103310	b	1/1 per-file CV links name another volume (21342x1)
S103379	b	2/2 per-file CV links name another volume (100703x2)
S103421	b	2/2 per-file CV links name another volume (22340x2)
S103496	a-S	gcd 189937 is also the S of S98523
S103547	b	1/1 per-file CV links name another volume (20056x1)
S103548	b	12/12 per-file CV links name another volume (94181x12)
S103554	a-I	gcd 42968 named by 1 I line(s) on books of S10839
S103554	a-I	gcd 42968 named by 1 I line(s) on books of S103560
S103554	a-I	gcd 42968 named by 1 I line(s) on books of S103564
S103618	b	9/9 per-file CV links name another volume (83348x9)
S103637	b	12/12 per-file CV links name another volume (45728x12)
S103644	d	provider-disagrees item 9432
S103679	b	2/2 per-file CV links name another volume (30524x2)
S103688	c	item 82200 judged #1-6 does not fit the S run (cv 60072 count None, gcd 85689 count 1)
S103692	a-I	gcd 203292 named by 1 I line(s) on books of S97892
S103737	b	1/1 per-file CV links name another volume (140076x1)
S103767	a-I	gcd 86779 named by 2 I line(s) on books of S16131
S103770	a-C	cv 75557 named by 1 C line(s) on books of S16131
S103770	a-C	cv 75557 named by 4 C line(s) on books of S103767
S103770	a-C	gcd 81678 named by 1 C line(s) on books of S16131
S103770	a-C	gcd 81678 named by 4 C line(s) on books of S103767
S103770	b	2/2 per-file CV links name another volume (43261x2)
S103782	b	46/46 per-file CV links name another volume (3778x46)
S103782	e	47 files
S103791	a-C	cv 42916 named by 1 C line(s) on books of S94613
S103791	a-C	gcd 61068 named by 1 C line(s) on books of S94613
S103791	b	48/48 per-file CV links name another volume (18248x48)
S103791	e	54 files
S103791	f	1 shelf/shelves merged in after the wave that landed R-054 (2026-09-23): S103827
S103795	b	71/71 per-file CV links name another volume (2294x71)
S103795	e	74 files
S103816	b	102/102 per-file CV links name another volume (43640x102)
S103816	c	item 86011 C #157-165 on the S's own run does not fit its count
S103816	c	item 86011 C #157-165 on the S's own run does not fit its count
S103816	c	item 93039 C #157-165 on the S's own run does not fit its count
S103816	c	item 93039 C #157-165 on the S's own run does not fit its count
S103816	c	item 86012 C #166-170 on the S's own run does not fit its count
S103816	c	item 86013 C #171-174 on the S's own run does not fit its count
S103816	e	107 files
S103823	a-I	cv 35716 named by 1 I line(s) on books of S22374
S103823	a-I	gcd 227085 named by 1 I line(s) on books of S22374
S103879	b	1/1 per-file CV links name another volume (39421x1)
