shelf,name,years_in_filenames,files,status,decided_in,open_because,question,candidate_cv_volumes,candidate_gcd_series,stored_cv,reader_said,pages_to_check,sample_files,folder,ANSWER_cv_volume,ANSWER_gcd_series,ANSWER_not_a_run_or_split,ANSWER_notes
S6449,Fangoria,,287,refused,R-075,F provider-missing,"does the candidate's issue list REACH the numbers we hold, and does its start year match? (we hold 287 numbered issue file(s); our years 1979-2022) — a record with fewer issues than we own is not this run",,,,the original Fangoria magazine (1979-2015) is indexed by neither catalog,search comics.org and comicvine by the shelf name,Fangoria 001.cbr | Fangoria 002.cbr | Fangoria 003.cbr | … +284,\\Library\Public\5 - Comics\Fangoria,,,,
S104116,Star Wars Insider (1987),1994-2024,208,refused,R-135,F provider-missing,"does the candidate's issue list REACH the numbers we hold, and does its start year match? (we hold 208 numbered issue file(s); our years 1979-2024) — a record with fewer issues than we own is not this run",,"221572, 42051, 75951",,"neither ComicVine nor GCD (our copies) indexes Star Wars Insider (#23 1994 onward, the successor of the Lucasfilm Fan Club magazine #1-22) or its 2021 Special Edition; the shelf stays record-less (answers R-132's F 16641 needs-web: no record exists to carry)",https://www.comics.org/series/221572/ | https://www.comics.org/series/42051/ | https://www.comics.org/series/75951/,Star Wars Insider - 2021 Special Edition (2020) (Digital) (Kileko-Empire).cbz | Star Wars Insider 023 (1994) (M-A).cbz | Star Wars Insider 024 (1995) (stefcuk).cbr | … +205,\\Library\Public\5 - Comics\Marvel-IDW Star Wars\_Star Wars Insider (1987)\Trades,,,,
S17067,"Sunday Comics, Oregonian",,141,refused,R-090,F provider-missing,"does the candidate's issue list REACH the numbers we hold, and does its start year match? (we hold 141 numbered issue file(s)) — a record with fewer issues than we own is not this run",,,,no record exists for a newspaper's Sunday comics section,search comics.org and comicvine by the shelf name,"Sunday Comics, Oregonian, 2014.03.30 (Jojo webrip).cbr | Sunday Comics, Oregonian, 2014.04.06 (Jojo webrip).cbr | Sunday Comics, Oregonian, 2014.04.13 (Jojo webrip).cbr | … +138","\\Library\Public\5 - Comics\Webcomics and Strips\Sunday Comics, Oregonian\2014",,,,
S23759,Onepunch-Man,,106,refused,R-130,F provider-missing,"does the candidate's issue list REACH the numbers we hold, and does its start year match? (we hold 2 numbered issue file(s); our years 2012-2013) — a record with fewer issues than we own is not this run",,,,"""Onepunch"" --contains finds only 74851 on ComicVine and nothing on GCD; the webcomic has no record in either catalogue",search comics.org and comicvine by the shelf name,Onepunch-Man ch001 (Webcomic) (Batoto).cbr | Onepunch-Man ch002 (Webcomic) (Batoto).cbr | Onepunch-Man ch003 (Webcomic) (Batoto).cbr | … +103,\\Library\Public\5 - Comics\Manga\Onepunch-Man (Webcomic) (Batoto),,,,
S13118,OZ Magazine,,91,refused,R-088,F provider-missing,"does the candidate's issue list REACH the numbers we hold, and does its start year match? (we hold 68 numbered issue file(s); our years 1967-1967) — a record with fewer issues than we own is not this run",,,,"probed ""Oz Magazine"" (--contains) and ""OZ"" --year 1967 on both legs; a magazine, not a comic series",search comics.org and comicvine by the shelf name,HapshashAndTheColouredCoat.pdf | OZ 1.pdf | OZ 10.pdf | … +88,\\Library\Public\5 - Comics\Misc\OZ\Oz 4,,,,
S5761,Doonesbury,2023-2023,54,refused,R-090,F provider-missing,"does the candidate's issue list REACH the numbers we hold, and does its start year match? (we hold 53 numbered issue file(s); our years 1970-2023) — a record with fewer issues than we own is not this run",,,,"no record spans the Doonesbury strip by year; the per-file CV 73834 (1971, 1 issue) is one book",search comics.org and comicvine by the shelf name,Doonesbury (2023) (DCP Webrips).cbr | Doonesbury 1970.cbr | Doonesbury 1971.cbz | … +51,\\Library\Public\5 - Comics\Webcomics and Strips\Doonesbury (1970),,,,
S7191,Garfield,2012-2024,43,refused,R-090,F provider-missing,"does the candidate's issue list REACH the numbers we hold, and does its start year match? (we hold 30 numbered issue file(s); our years 1982-2024) — a record with fewer issues than we own is not this run",,,,a daily-strip year archive; no record on either leg,search comics.org and comicvine by the shelf name,Garfield (2012) (DCP Digital).cbr | Garfield (2013) (DCP Webrips).cbr | Garfield (2014) (DCP Webrips).cbr | … +40,\\Library\Public\5 - Comics\Webcomics and Strips\Garfield\Garfield Year by Year,,,,
S16669,Star Wars Webcomic - Chapter,2015-2016,40,refused,R-180,F provider-missing,"does the candidate's issue list REACH the numbers we hold, and does its start year match? (we hold 40 numbered issue file(s); our years 2015-2018) — a record with fewer issues than we own is not this run",,,,neither ComicVine nor GCD holds this 40-chapter Star Wars webcomic (2015-2016) under any probed name,search comics.org and comicvine by the shelf name,Star Wars Webcomic - Chapter 01 - An Old Friend (2015) (Digital-Empire).cbr | Star Wars Webcomic - Chapter 02 - Meeting the Droids (2015) (Digital-Empire).cbr | Star Wars Webcomic - Chapter 03 - Beginning of an Adventure (2015) (Digital-Empire).cbr | … +37,\\Library\Public\5 - Comics\Marvel-IDW Star Wars\_Completed Series and Minis\Star Wars Webcomic (2015),,,,
S1960,Batman - Hush,2022-2024,38,refused,R-072,"R-072: R, F misfiled, mobile-rip",which run (ComicVine volume / GCD series) are these books? — or say it is not a run,,,,"R 1960 | thirty-eight ""(digital-mobile)"" files cut into 29 chapters of 19-115pp (2024) — no published edition has that shape; ""Hush"" --year 2024 --contains reaches only the Hush Saga Omnibus, the Compact Comics Edition (GCD 214192), Hush Ronin and the 2025 edition — all print books; the records of the story (CV 35076 / GCD 150296, Batman (1940) #608-619) describe the print comic; twelve files are a second rip of chapters 1-13 || F 1960 mobile-rip | a 29-chapter vertical-scroll reformat that matches no published edition's numbering || F 1960 misfiled | item 62591 ""Batman Hush 001 Batman Day Special Edition (2022)"" (34pp) is a separate giveaway — GCD 189324 row 2431196 (2022-09-17, 36pp)",,Batman - Hush 001 (2024) (digital-mobile) (Son of Ultron-Empire).cbr | Batman - Hush 002 (2024) (digital-mobile) (Son of Ultron-Empire).cbr | Batman - Hush 003 (2024) (digital-mobile) (Son of Ultron-Empire).cbr | … +35,\\Library\Public\5 - Comics\DC\_Batman\_Completed Series\Batman - Hush (2024) (Mobile),,,,
S14385,Ranma ½,1993-2007,38,refused,R-132,F needs-web,"is there a NUMBERED run behind these books at all, and if so what are its issue count and start year? (38 collected edition(s); our years 1993-2003) — the run wins over a collected-edition record when one exists",,,,"which edition is a 38-volume English Ranma 1/2 with a 137pp colour v01 and ~182-194pp volumes dated 1993-2007 — Viz's (26409, 36 volumes) re-cut by a scanner, or a fan translation of Shogakukan's 38 (101732)? Only a look inside v01/v22 decides the record",search comics.org and comicvine by the shelf name,Ranma 1-2 v01 (Color) (1993).cbz | Ranma 1-2 v02 (1994).cbz | Ranma 1-2 v03 (1994).cbz | … +35,\\Library\Public\5 - Comics\Manga\_Rumiko Takahashi\Ranma 1-2 (1987),,,,
S104039,MySpace Dark Horse Presents (2007),2007-2010,36,refused,R-180,F provider-missing,"does the candidate's issue list REACH the numbers we hold, and does its start year match? (we hold 36 numbered issue file(s); our years 1987-2011) — a record with fewer issues than we own is not this run",,"3301, 38394",,the 36 MySpace web issues have no issue-level record on either leg,https://www.comics.org/series/3301/ | https://www.comics.org/series/38394/,MySpace Dark Horse Presents 001 (2007) (webrip) (F) (Foyle-DCP).cbr | MySpace Dark Horse Presents 002 (2007) (webrip) (F) (Foyle-DCP).cbr | MySpace Dark Horse Presents 003 (2007) (webrip) (F) (Foyle-DCP).cbr | … +33,\\Library\Public\5 - Comics\Dark Horse\Dark Horse Presents\02 MySpace Dark Horse Presents (2007),,,,
S6902,FoxTrot,1988-2019,32,refused,R-090,F provider-missing,"is there a NUMBERED run behind these books at all, and if so what are its issue count and start year? (our years 1988-2019) — the run wins over a collected-edition record when one exists",,,,a year-by-year strip archive; the catalogs hold individual FoxTrot books only,search comics.org and comicvine by the shelf name,FoxTrot (1988).cbr | FoxTrot (1989).cbr | FoxTrot (1990).cbr | … +29,\\Library\Public\5 - Comics\Webcomics and Strips\FoxTrot (1988),,,,
S9906,John Byrne's X-Men Elsewhen,2019-2022,32,refused,R-086,F provider-missing,"does the candidate's issue list REACH the numbers we hold, and does its start year match? (we hold 32 numbered issue file(s); our years 2019-2022) — a record with fewer issues than we own is not this run",,,,"a creator webcomic outside both catalogs (probed ""Elsewhen"" on every table)",search comics.org and comicvine by the shelf name,John Byrne's X-Men Elsewhen 001 (2019) (digital) (Minutemen-Drunk Monk).cbz | John Byrne's X-Men Elsewhen 002 (2019) (digital) (Minutemen-Drunk Monk).cbz | John Byrne's X-Men Elsewhen 003 (2019) (digital) (Minutemen-Drunk Monk).cbz | … +29,\\Library\Public\5 - Comics\Marvel\_X-Men\X-Men Elsewhen (John Byrne Fan Fiction) (2019),,,,
S7382,Geronimo Stilton,2004-2007,30,refused,R-081,F provider-missing,"does the candidate's issue list REACH the numbers we hold, and does its start year match? (we hold 30 numbered issue file(s); our years 2005-2017) — a record with fewer issues than we own is not this run",,,,Scholastic's Geronimo Stilton chapter books are in neither comics catalog,search comics.org and comicvine by the shelf name,Geronimo Stilton 01 - Lost Treasure of the Emerald Eye (2004) (jv-DCP).cbr | Geronimo Stilton 02 - The Curse of the Cheese Pyramid (2004) (jv-DCP).cbr | Geronimo Stilton 03 - Cat and Mouse in a Haunted House (2004) (jv-DCP).cbr | … +27,\\Library\Public\5 - Comics\Graphic Novels\_Schoolastic & Graphix\Geronimo Stilton\Geronimo Stilton (2004),,,,
S98483,Marvel Super-Heroes v2 (1990),1990-1993,30,needs-web,R-046,F needs-web,the shelf no longer exists — drop this entry,,,4404,no distinct CV volume found for the 2022-2024 phase specifically,search comics.org and comicvine by the shelf name,010 Marvel Super-Heroes v3 002.cbz | 011 Marvel Super-Heroes v3 006.cbz | 012 Marvel Super-Heroes v3 007.cbz | … +27,\\Library\Public\5 - Comics\Marvel\_X-Men\_X-Men Complete Chronology V2\0116 Untitled,,,,
S20027,Thea Stilton,2007-2019,30,refused,R-081,F provider-missing,"does the candidate's issue list REACH the numbers we hold, and does its start year match? (we hold 30 numbered issue file(s); our years 2007-2019) — a record with fewer issues than we own is not this run",,,,Scholastic's numbered Thea Stilton novels are in neither catalog,search comics.org and comicvine by the shelf name,Thea Stilton 01 - Thea Stilton and the Dragon's Code (2009) (jv-DCP).cbr | Thea Stilton 01 - Thea Stilton and the Dragon's Code (2009) (jv-DCP).cbr | Thea Stilton 02 - Thea Stilton and the Mountain of Fire (2009) (jv-DCP).cbr | … +27,\\Library\Public\5 - Comics\Graphic Novels\_Schoolastic & Graphix\Thea Stilton\Thea Stilton (2009),,,,
S5376,Dennis The Menace,1996-2024,29,refused,R-090,F provider-missing,"is there a NUMBERED run behind these books at all, and if so what are its issue count and start year? (our years 1996-2024) — the run wins over a collected-edition record when one exists",,,,year-by-year archives of the American Dennis the Menace strip have no record on either leg; the stored link is already empty,search comics.org and comicvine by the shelf name,Dennis The Menace (1996) (Sundays) (Clark Kent).cbz | Dennis The Menace (1997) (Sundays) (Clark Kent).cbz | Dennis The Menace (1998) (Clark Kent) (Incomplete).cbz | … +26,\\Library\Public\5 - Comics\Webcomics and Strips\Dennis The Menace,,,,
S18559,The Family Circus,1996-2024,29,refused,R-090,F provider-missing,"is there a NUMBERED run behind these books at all, and if so what are its issue count and start year? (our years 1996-2024) — the run wins over a collected-edition record when one exists",,,,"a year-by-year strip archive; the catalogs hold Family Circus books, not calendar years of panels",search comics.org and comicvine by the shelf name,The Family Circus (1996) (Sundays) (Clark Kent).cbz | The Family Circus (1997) (Sundays) (Clark Kent).cbz | The Family Circus (1998) (Clark Kent) (Incomplete).cbz | … +26,\\Library\Public\5 - Comics\Webcomics and Strips\The Family Circus,,,,
S101,3W3M,2021-2023,28,refused,R-090,F provider-missing,"does the candidate's issue list REACH the numbers we hold, and does its start year match? (we hold 28 numbered issue file(s); our years 2021-2023) — a record with fewer issues than we own is not this run",,,,a 2021-2023 Substack webcomic serial; neither leg indexes it,search comics.org and comicvine by the shelf name,3W3M (001) - Fable (2021) (digital-Empire).cbr | 3W3M (002) - Duels I (2021) (b&w) (digital-Empire).cbr | 3W3M (002) - Duels I (2021) (digital-Empire).cbr | … +25,"\\Library\Public\5 - Comics\Substack, Kickstarters, etc Comics\3 Worlds, 3 Moons (Hickman, Ewing, etc) (2022)",,,,
S22794,Ziggy,1997-2024,25,refused,R-090,F provider-missing,"is there a NUMBERED run behind these books at all, and if so what are its issue count and start year? (our years 1997-2024) — the run wins over a collected-edition record when one exists",,,,a year-by-year strip archive; both legs hold only Ziggy books,search comics.org and comicvine by the shelf name,Ziggy (1997) (DCP Webrips).cbr | Ziggy (1998) (DCP Webrips).cbr | Ziggy (1999) (DCP Webrips).cbr | … +22,\\Library\Public\5 - Comics\Webcomics and Strips\Ziggy (1971),,,,
S100,3W3M - Academy,2022-2023,24,refused,R-090,F provider-missing,"does the candidate's issue list REACH the numbers we hold, and does its start year match? (we hold 24 numbered issue file(s); our years 2022-2023) — a record with fewer issues than we own is not this run",,,,a one-page-per-week Substack strip; no catalog row on either leg,search comics.org and comicvine by the shelf name,3W3M - Academy 001 (2022) (digital-Empire).cbr | 3W3M - Academy 002 (2022) (digital-Empire).cbr | 3W3M - Academy 003 (2022) (digital-Empire).cbr | … +21,"\\Library\Public\5 - Comics\Substack, Kickstarters, etc Comics\3 Worlds, 3 Moons (Hickman, Ewing, etc) (2022)\3W3M - Academy (2022)",,,,
S6772,Flash Gordon,1955-2023,22,refused,R-090,F provider-missing,"is there a NUMBERED run behind these books at all, and if so what are its issue count and start year? (our years 1934-2023) — the run wins over a collected-edition record when one exists",,,,year-by-year archives of the Flash Gordon strip have no record on either leg (L-164),search comics.org and comicvine by the shelf name,Flash Gordon (1955) (DCP Webrips).cbr | Flash Gordon (1957) (DCP Webrips).cbr | Flash Gordon (1960) (323) (DCP Webrips).cbr | … +19,\\Library\Public\5 - Comics\Webcomics and Strips\Flash Gordon,,,,
S11043,Lucasfilm Fan Club Magazine,1987-1994,22,refused,R-084,F provider-missing,"does the candidate's issue list REACH the numbers we hold, and does its start year match? (we hold 22 numbered issue file(s); our years 1987-1994) — a record with fewer issues than we own is not this run",,,,"Lucasfilm Fan Club Magazine / Star Wars Insider are absent from both catalogs (probed ""Lucasfilm"", ""Fan Club"", ""Bantha"", ""Star Wars Insider"")",search comics.org and comicvine by the shelf name,Lucasfilm Fan Club Magazine 001 (1987) (Sophist).cbr | Lucasfilm Fan Club Magazine 002 (1987) (uks).cbr | Lucasfilm Fan Club Magazine 003 (1988) (Sophist).cbr | … +19,\\Library\Public\5 - Comics\Marvel-IDW Star Wars\_Star Wars Insider (1987),,,,
S11104,MAD - Spy vs Spy,2024-2025,22,refused,R-083,F provider-missing,"does the candidate's issue list REACH the numbers we hold, and does its start year match? (we hold 22 numbered issue file(s); our years 2024-2025) — a record with fewer issues than we own is not this run",,,,neither leg holds MAD's 2024-2025 digital Spy vs Spy shorts — probed both spellings 2023-2025 --contains,search comics.org and comicvine by the shelf name,MAD - Spy vs Spy 001 (2024) (digital-mobile) (Son of Ultron-Empire).cbr | MAD - Spy vs Spy 002 (2024) (digital-mobile) (Son of Ultron-Empire).cbr | MAD - Spy vs Spy 003 (2024) (digital-mobile) (Son of Ultron-Empire).cbr | … +19,\\Library\Public\5 - Comics\Magazines\MAD Magazine\MAD - Spy vs Spy (2024),,,,
S103883,Miles Morales: Spider-Man Infinity Comic (2023),2023-2023,21,refused,R-087,F provider-missing,"does the candidate's issue list REACH the numbers we hold, and does its start year match? (we hold 21 numbered issue file(s); our years 2023-2024) — a record with fewer issues than we own is not this run",,,,"probed CV and GCD for ""Miles Morales Infinity"", ""Spider-Man Infinity Comic"" (--contains) and ""Miles Morales"" --year 2023 --contains: no 2023 Miles Morales Infinity Comic on either leg",search comics.org and comicvine by the shelf name,Miles Morales Spider-Man - Infinity Comic 001 (2023) (digital-mobile-Empire).cbz | Miles Morales Spider-Man - Infinity Comic 002 (2023) (digital-mobile-Empire).cbz | Miles Morales Spider-Man - Infinity Comic 003 (2023) (digital-mobile-Empire).cbz | … +18,\\Library\Public\5 - Comics\Marvel\#MARVEL CURRENT ONGOING TITLES\_Infinity Comics\Miles Morales Spider-Man - Infinity Comic (2023),,,,
S2019,Batman - The Court of Owls,2024-2025,20,refused,R-072,F needs-web,"does the candidate's issue list REACH the numbers we hold, and does its start year match? (we hold 20 numbered issue file(s); our years 2017-2025) — a record with fewer issues than we own is not this run",,,,"what is ""Batman - The Court of Owls"" 001-022 (2024-2025, digital-mobile) — a DC vertical series, or mobile cuts of Batman (2011) under the arc name?",search comics.org and comicvine by the shelf name,Batman - The Court of Owls 001 (2024) (digital-mobile) (Son of Ultron-Empire).cbr | Batman - The Court of Owls 002 (2024) (digital-mobile) (Son of Ultron-Empire).cbr | Batman - The Court of Owls 003 (2024) (digital-mobile) (Son of Ultron-Empire).cbr | … +17,\\Library\Public\5 - Comics\DC\_Batman\Batman - The Court of Owls (2024) (Mobile),,,,
S8505,Heathcliff,2002-2023,20,refused,R-090,F provider-missing,"is there a NUMBERED run behind these books at all, and if so what are its issue count and start year? (our years 1973-2023) — the run wins over a collected-edition record when one exists",,,,year-by-year archives of the Heathcliff panel have no record on either leg (L-164),search comics.org and comicvine by the shelf name,Heathcliff (2002).cbr | Heathcliff (2003).cbr | Heathcliff (2004).cbr | … +17,\\Library\Public\5 - Comics\Webcomics and Strips\Heathcliff\By Year,,,,
S13949,Popeye,1935-2024,18,refused,R-090,F provider-missing,"is there a NUMBERED run behind these books at all, and if so what are its issue count and start year? (our years 1935-2024) — the run wins over a collected-edition record when one exists",,,,year-by-year archives of the Popeye strip have no record on either leg; the stored link is already empty,search comics.org and comicvine by the shelf name,Popeye (1935) (Clark Kent).cbz | Popeye (1936) (Clark Kent).cbz | Popeye (1937) (Clark Kent).cbz | … +15,\\Library\Public\5 - Comics\Webcomics and Strips\Popeye\Popeye (by year),,,,
S34339,The Amazing Spider-Man,1998-2023,13,refused,R-090,F provider-missing,"is there a NUMBERED run behind these books at all, and if so what are its issue count and start year? (2 collected edition(s); our years 1998-2023) — the run wins over a collected-edition record when one exists",,,,the strip year files (items 114480-114490) have no record on either leg,search comics.org and comicvine by the shelf name,Amazing Spider-Man Annual 031b (1998) (TheFool-DCP).cbr | Amazing Spider-Man Omnibus Book 01 (2022) (digital).cbz | The Amazing Spider-Man (2013) (DCP Webrips).cbr | … +10,\\Library\Public\5 - Comics\Marvel\_Spider-Man\__Amazing Spider-Man\00 Annuals and Specials,,,,
S15877,Something is Killing the Children,2020-2025,12,needs-web,C-006,F needs-web,"does the candidate's issue list REACH the numbers we hold, and does its start year match? (we hold 3 numbered issue file(s); 8 collected edition(s); our years 2019-2024) — a record with fewer issues than we own is not this run",121102,"160025, 164325, 223665",121102,"Art of.../Pen & Ink/#000 items have no ids surfaced in the packet, left as residue",https://comicvine.gamespot.com/volume/4050-121102/ | https://www.comics.org/series/160025/ | https://www.comics.org/series/164325/ | https://www.comics.org/series/223665/,Something is Killing the Children - Pen & Ink 001 (2023) (digital) (DrVink-DCP).cbz | Something is Killing the Children 000 (2025) (digital) (Goobadaddy-Empire).cbz | Something is Killing the Children Vol. 01 (2020) (Digital) (Kileko-Empire).cbz | … +9,\\Library\Public\5 - Comics\Boom Studios\Something is Killing the Children (2019)\Something is Killing the Children - Pen & Ink (2023),,,,
S4234,Corto Maltese,,11,parked 0.7,R-086,"parked at 0.7 — one leg, something unexplained; F needs-web","is there a NUMBERED run behind these books at all, and if so what are its issue count and start year? (our years 1974-1974) — the run wins over a collected-edition record when one exists",,68535,,"do GCD 68535's untitled rows #1-10 follow the Rizzoli-Lizard 2009-2011 order our scanlations use (La giovinezza, Una ballata del mare salato, Suite caribeana, …), and is our 11 (Samarkand) beyond it?",https://www.comics.org/series/68535/,"Corto Maltese 01 - The Early Years (Unknown).cbr | Corto Maltese 02 - Ballad of the Salt Sea (Pratt, 2011) (Scanlation-Extended, 2016).cbr | Corto Maltese 03 - Caribbean Suite (Pratt, 2009) (Scanlation-Extended, 2015).cbr | … +8",\\Library\Public\5 - Comics\Misc\Corto Maltese by Hugo Pratt,,,,
S7408,Geronimo Stilton and the Kingdom of Fantasy,2009-2018,11,refused,R-081,F provider-missing,"does the candidate's issue list REACH the numbers we hold, and does its start year match? (we hold 11 numbered issue file(s); our years 2009-2012) — a record with fewer issues than we own is not this run",,62181,,Scholastic's Kingdom of Fantasy novels are in neither catalog,https://www.comics.org/series/62181/,Geronimo Stilton and the Kingdom of Fantasy 01 - The Kingdom of Fantasy (2009) (jv-DCP).cbr | Geronimo Stilton and the Kingdom of Fantasy 02 - The Quest for Paradise (2010) (jv-DCP).cbr | Geronimo Stilton and the Kingdom of Fantasy 03 - The Amazing Voyage (2011) (jv-DCP).cbr | … +8,\\Library\Public\5 - Comics\Graphic Novels\_Schoolastic & Graphix\Geronimo Stilton\Geronimo Stilton and the Kingdom of Fantasy (2009),,,,
S104122,The Best of Star Wars Insider (2016),2016-2019,11,refused,R-135,F provider-missing,"is there a NUMBERED run behind these books at all, and if so what are its issue count and start year? (11 collected edition(s); our years 1977-1978) — the run wins over a collected-edition record when one exists",,,,"The Best of Star Wars Insider (Titan 2016-2019, Vol. 1-11) has no ComicVine or GCD record in our copies; eleven books without I lines for that reason",search comics.org and comicvine by the shelf name,The Best of Star Wars Insider Vol. 01 (2016) (Digital) (Kileko-Empire).cbr | The Best of Star Wars Insider Vol. 02 (2016) (Digital) (Kileko-Empire).cbr | The Best of Star Wars Insider Vol. 03 (2016) (Digital) (Kileko-Empire).cbr | … +8,\\Library\Public\5 - Comics\Marvel-IDW Star Wars\_Star Wars Insider (1987)\Trades,,,,
S24055,The matrix,,11,refused,R-088,F provider-missing,"is there a NUMBERED run behind these books at all, and if so what are its issue count and start year? (11 file(s)) — the run wins over a collected-edition record when one exists",,,,"probed ""Matrix Comics"" --contains on both legs; the single web comics are unindexed",search comics.org and comicvine by the shelf name,The Matrix - A Life Less Empty - Ted Mckeever.cbz | The Matrix - A Path Among Stones - Gregory Ruth.cbz | The Matrix - An Asset To The System - Troy Nixey.cbz | … +8,\\Library\Public\5 - Comics\Misc\The Matrix,,,,
S22800,Zippy the Pinhead,2013-2023,11,refused,R-090,F provider-missing,"is there a NUMBERED run behind these books at all, and if so what are its issue count and start year? (our years 2013-2023) — the run wins over a collected-edition record when one exists",,,,a year-by-year strip archive; the catalogs hold Zippy books and the Quarterly,search comics.org and comicvine by the shelf name,Zippy the Pinhead (2013) (DCP Webrips).cbr | Zippy the Pinhead (2014) (DCP Webrips).cbr | Zippy the Pinhead (2015) (DCP Webrips).cbr | … +8,\\Library\Public\5 - Comics\Webcomics and Strips\Zippy the Pinhead,,,,
S374,Achewood,2001-2011,10,refused,R-090,F provider-missing,"is there a NUMBERED run behind these books at all, and if so what are its issue count and start year? (our years 2001-2011) — the run wins over a collected-edition record when one exists",,,,a year-by-year web-strip archive (L-164); only Open Library OL17381849W records the strip,search comics.org and comicvine by the shelf name,Achewood (2001) (Webcomic) (Helga Phugly).cbz | Achewood (2002) (Webcomic) (Helga Phugly).cbz | Achewood (2003) (Webcomic) (Helga Phugly).cbz | … +7,\\Library\Public\5 - Comics\Webcomics and Strips\Achewood (2001),,,,
S7401,Geronimo Stilton Cavemice Series,2013-2016,10,refused,R-081,F provider-missing,"does the candidate's issue list REACH the numbers we hold, and does its start year match? (we hold 10 numbered issue file(s); our years 2013-2016) — a record with fewer issues than we own is not this run",,,,Scholastic's Cavemice line is in neither catalog,search comics.org and comicvine by the shelf name,"Geronimo Stilton Cavemice Series 01 - The Stone of Fire (2013) (jv-DCP).cbr | Geronimo Stilton Cavemice Series 02 - Watch Your Tail! (2013) (jv-DCP).cbr | Geronimo Stilton Cavemice Series 03 - Help, I'm in Hot Lava! (2013) (jv-DCP).cbr | … +7",\\Library\Public\5 - Comics\Graphic Novels\_Schoolastic & Graphix\Geronimo Stilton\Geronimo Stilton Cavemice Series,,,,
S125,3W3M - The Vallars,2023-2023,9,refused,R-090,F provider-missing,"does the candidate's issue list REACH the numbers we hold, and does its start year match? (we hold 9 numbered issue file(s); our years 2023-2023) — a record with fewer issues than we own is not this run",,,,"the 2023 Substack serial ""3W3M - The Vallars"" is in neither catalog; CV 165887 is a different object (count 1 cannot hold a ladder of 9)",search comics.org and comicvine by the shelf name,3W3M - The Vallars 001 (2023) (digital-Empire).cbr | 3W3M - The Vallars 002 (2023) (digital-Empire).cbr | 3W3M - The Vallars 003 (2023) (digital-Empire).cbr | … +6,"\\Library\Public\5 - Comics\Substack, Kickstarters, etc Comics\3 Worlds, 3 Moons (Hickman, Ewing, etc) (2022)\3W3M - The Vallars (2023)",,,,
S7406,Geronimo Stilton Spacemice Series,2014-2017,9,refused,R-081,F provider-missing,"does the candidate's issue list REACH the numbers we hold, and does its start year match? (we hold 9 numbered issue file(s); our years 2014-2017) — a record with fewer issues than we own is not this run",,,,Scholastic's Spacemice line is in neither catalog,search comics.org and comicvine by the shelf name,"Geronimo Stilton Spacemice Series 01 - Alien Escape (2014) (jv-DCP).cbr | Geronimo Stilton Spacemice Series 02 - You're Mine, Captain! (2014) (jv-DCP).cbr | Geronimo Stilton Spacemice Series 03 - Ice Planet Adventure (2015) (jv-DCP).cbr | … +6",\\Library\Public\5 - Comics\Graphic Novels\_Schoolastic & Graphix\Geronimo Stilton\Geronimo Stilton Spacemice (2014),,,,
S23645,MAD Short Cuts,2024-2025,9,refused,R-083,F provider-missing,"does the candidate's issue list REACH the numbers we hold, and does its start year match? (we hold 2 numbered issue file(s); our years 2024-2025) — a record with fewer issues than we own is not this run",,,,"neither leg holds MAD's 2024-2025 ""Short Cuts"" web strips — probed ""Short Cuts"" and ""Mad"" 2023-2025 --contains",search comics.org and comicvine by the shelf name,MAD Short Cuts - A Fairy Tale We'd Like to See - Goldilocks (2024) (digital-mobile) (Son of Ultron-Empire).cbr | MAD Short Cuts - Brown Bear 001 (2024) (digital-mobile) (Son of Ultron-Empire).cbr | MAD Short Cuts - Good Enough! (2025) (digital-mobile) (Son of Ultron-Empire).cbr | … +6,\\Library\Public\5 - Comics\Magazines\MAD Magazine\MAD Short Cuts (2024),,,,
S18969,The Little King,,9,refused,R-090,F provider-missing,"is there a NUMBERED run behind these books at all, and if so what are its issue count and start year? (our years 1934-1934) — the run wins over a collected-edition record when one exists",,,,no record for The Little King's Sunday pages on either leg,search comics.org and comicvine by the shelf name,The Little King (1947 Sundays) (DCP Webrips).cbr | The Little King (1948 Sundays) (DCP Webrips).cbr | The Little King (1950 Sundays) (51) (DCP Webrips).cbr | … +6,\\Library\Public\5 - Comics\Webcomics and Strips\The Little King,,,,
S95078,Angel v2 (2021),2022-2022,8,needs-web,C-005,F needs-web,"does the candidate's issue list REACH the numbers we hold, and does its start year match? (we hold 8 numbered issue file(s); our years 2007-2022) — a record with fewer issues than we own is not this run",,"179059, 180433",,no BOOM! 2022 Angel CV volume found in the packet's candidates,https://www.comics.org/series/179059/ | https://www.comics.org/series/180433/,Angel 001 (2022) (Digital) (Kileko-Empire).cbr | Angel 002 (2022) (Digital) (Kileko-Empire).cbz | Angel 003 (2022) (Digital) (Kileko-Empire).cbz | … +5,\\Library\Public\5 - Comics\Boom Studios\Buffy the Vampire Slayer (2019)\Angel v2 (2021),,,,
S36404,Batman - One Bad Day,2023-2023,8,refused,R-072,R-072: R,which run (ComicVine volume / GCD series) are these books? — or say it is not a run,,,,"R 36404 | eight standalone ""Batman - One Bad Day"" books, each its own record, no spanning run: the per-title CV volumes are 144574 Riddler, 145157 Two-Face, 145624 Penguin, 146176 Mr. Freeze, 147492 Bane, 147597 Catwoman, 148478 Clayface, 148930 Ra's al Ghul; the only 8-count records are Panini Verlag's German 150452 and Urban's French 200208; our files (2023, 80-88pp) are DC's 2023 hardcover editions (96pp GCD rows), each collecting its 68pp one-shot || N 36404 C-012's ""no candidate"" for items 62541/62542/62544/62545 is superseded: all eight now have CV and GCD records (I and C lines below)",,01 Batman - One Bad Day - The Riddler (2023) (digital) (Son of Ultron-Empire).cbr | 02 Batman - One Bad Day - Two-Face (2023) (digital) (Son of Ultron-Empire).cbr | 03 Batman - One Bad Day - Penguin (2023) (digital) (Son of Ultron-Empire).cbr | … +5,\\Library\Public\5 - Comics\DC\_Batman\_Miniseries and One-shots\Batman - One Bad Day (2022),,,,
S14855,Rugrats,2012-2024,8,refused,R-180,F provider-missing,"is there a NUMBERED run behind these books at all, and if so what are its issue count and start year? (our years 2012-2024) — the run wins over a collected-edition record when one exists",,,,"the Rugrats newspaper strip (yearly compilations 2012-2016, 2022-2024) has no record on either leg; each book's own record is missing too (no I lines possible)",search comics.org and comicvine by the shelf name,Rugrats (2012) (DCP Digital).cbr | Rugrats (2013) (DCP Webrips).cbr | Rugrats (2014) (DCP Webrips).cbr | … +5,\\Library\Public\5 - Comics\Webcomics and Strips\Rugrats (2012),,,,
S3970,Cloak and Dagger,1989-2019,7,needs-web,C-042,F needs-web,"does the candidate's issue list REACH the numbers we hold, and does its start year match? (we hold 2 numbered issue file(s); 3 collected edition(s); our years 1985-2019) — a record with fewer issues than we own is not this run",3475,46026,3475,which specific Cloak & Dagger era each of the five trades collects was not resolved,https://comicvine.gamespot.com/volume/4050-3475/ | https://www.comics.org/series/46026/,018 Cloak and Dagger v3 001 (2010) (Digital) (Cypher-Empire).cbr | Cloak And Dagger - Crime And Punishment (2016) (Digital) (Kileko-Empire).cbr | Cloak And Dagger - Shadows And Light (2017) (digital).cbz | … +4,\\Library\Public\5 - Comics\Marvel\_X-Men\_X-Men Complete Chronology V2\0839 Nation X,,,,
S103839,Essential Judge Dredd (2020),2020-2023,7,refused,R-072,F provider-missing,"is there a NUMBERED run behind these books at all, and if so what are its issue count and start year? (7 collected edition(s); our years 2020-2023) — the run wins over a collected-edition record when one exists",,138393,,no series-level record for the Essential Judge Dredd line on either leg; GCD lacks Vols. 02-06 entirely,https://www.comics.org/series/138393/,Essential Judge Dredd Vol. 01 - America (2020) (digital) (Torquemada).cbr | Essential Judge Dredd Vol. 02 - The Apocalypse War (2021) (digital) (Torquemada).cbr | Essential Judge Dredd Vol. 03 - Origins (2021) (digital) (Torquemada).cbr | … +4,\\Library\Public\5 - Comics\2000AD\Judge Dredd Complete Case Files + TPBs\The Essential Judge Dredd,,,,
S7403,Geronimo Stilton Journey Through Time #3,2014-2021,7,refused,R-081,F provider-missing,"does the candidate's issue list REACH the numbers we hold, and does its start year match? (we hold 7 numbered issue file(s); our years 2014-2021) — a record with fewer issues than we own is not this run",,,,Scholastic's Journey Through Time line is in neither catalog,search comics.org and comicvine by the shelf name,Geronimo Stilton Journey Through Time 01 (2014) (jv-DCP).cbr | Geronimo Stilton Journey Through Time 02 - Back in Time (2015) (jv-DCP).cbr | Geronimo Stilton Journey Through Time 03 - The Race Against Time (2016) (jv-DCP).cbr | … +4,\\Library\Public\5 - Comics\Graphic Novels\_Schoolastic & Graphix\Geronimo Stilton\Geronimo Stilton Journey Through Time (2014),,,,
S7404,Geronimo Stilton Micekings,2016-2018,7,refused,R-081,F provider-missing,"does the candidate's issue list REACH the numbers we hold, and does its start year match? (we hold 7 numbered issue file(s); our years 2016-2018) — a record with fewer issues than we own is not this run",,,,Scholastic's Micekings line is in neither catalog,search comics.org and comicvine by the shelf name,Geronimo Stilton Micekings 01 - Attack of the Dragons (2016) (jv-DCP).cbr | Geronimo Stilton Micekings 02 - The Famouse Fjord Race (2016) (jv-DCP).cbr | Geronimo Stilton Micekings 03 - Pull the Dragon's Tooth! (2016) (jv-DCP).cbr | … +4,\\Library\Public\5 - Comics\Graphic Novels\_Schoolastic & Graphix\Geronimo Stilton\Geronimo Stilton Micekings,,,,
S13165,Office Hours,,7,refused,R-090,F provider-missing,"is there a NUMBERED run behind these books at all, and if so what are its issue count and start year? (7 file(s)) — the run wins over a collected-edition record when one exists",,,,"the ""Office Hours"" daily panel has no series record on either leg",search comics.org and comicvine by the shelf name,Office Hours (1962 Dailies) (DCP Webrips).cbr | Office Hours (1963 Dailies) (309) (DCP Webrips).cbr | Office Hours (1964 Dailies) (DCP Webrips).cbr | … +4,\\Library\Public\5 - Comics\Webcomics and Strips\Office Hours,,,,
S103610,Thea Stilton Special Edition (2012),2012-2017,7,refused,R-081,F provider-missing,"does the candidate's issue list REACH the numbers we hold, and does its start year match? (we hold 7 numbered issue file(s); our years 2012-2017) — a record with fewer issues than we own is not this run",,74183,,Scholastic's Thea Stilton Special Edition line is in neither catalog,https://www.comics.org/series/74183/,Thea Stilton Special Edition 01 - The Journey to Atlantis (2012) (jv-DCP).cbr | Thea Stilton Special Edition 01 - The Journey to Atlantis (2012) (jv-DCP).cbr | Thea Stilton Special Edition 02 - The Secret of the Fairies (2013) (jv-DCP).cbr | … +4,\\Library\Public\5 - Comics\Graphic Novels\_Schoolastic & Graphix\Thea Stilton\Thea Stilton Special Edition (2012),,,,
S21759,Wizard,1995-1998,7,refused,R-083,F provider-missing,"does the candidate's issue list REACH the numbers we hold, and does its start year match? (we hold 7 numbered issue file(s); our years 1971-1998) — a record with fewer issues than we own is not this run",,,,"neither leg holds Wizard Entertainment's monthly magazine as a series — probed ""Wizard: The Guide to Comics"", ""Guide to Comics"" and ""Wizard"" 1994-1996",search comics.org and comicvine by the shelf name,Wizard 046 (1995) (c2c-Empire).cbz | Wizard 047 (1995) (c2c-Empire).cbz | Wizard 051 (1995) (c2c-Empire).cbz | … +4,\\Library\Public\5 - Comics\Magazines\Wizard Magazine,,,,
S7152,GabrielleBell.com Archive,2010-2013,6,refused,R-078,F provider-missing,"does the candidate's issue list REACH the numbers we hold, and does its start year match? (we hold 1 numbered issue file(s); 5 collected edition(s); our years 2010-2013) — a record with fewer issues than we own is not this run",,,,year-by-year web-strip archives are absent from both catalogs (L-164),search comics.org and comicvine by the shelf name,GabrielleBell.com Archive Vol. 01 (2008-2009) (Webrip) (F) (COUNTERpaul).cbr | GabrielleBell.com Archive Vol. 02 (2010) (Webrip) (F) (COUNTERpaul).cbr | GabrielleBell.com Archive Vol. 03 (2011) (Webrip) (F) (COUNTERpaul).cbr | … +3,\\Library\Public\5 - Comics\Graphic Novels\Gabrielle Bell,,,,
S8041,Grimm Fairy Tales Presents 10th Anniversary Special,2015-2015,6,refused,R-092,F provider-missing,"does the candidate's issue list REACH the numbers we hold, and does its start year match? (we hold 6 numbered issue file(s); our years 2015-2015) — a record with fewer issues than we own is not this run",,,,Zenescope's 2015 six-issue 10th Anniversary Special is on neither leg (every spelling above),search comics.org and comicvine by the shelf name,Grimm Fairy Tales Presents 10th Anniversary Special 001(2015)(Digital)(TLK-EMPIRE-HD).cbr | Grimm Fairy Tales Presents 10th Anniversary Special 002(2015)(Digital)(TLK-EMPIRE-HD).cbr | Grimm Fairy Tales Presents 10th Anniversary Special 003(2015)(Digital)(TLK-EMPIRE-HD).cbr | … +3,\\Library\Public\5 - Comics\Zenescope\Grimm Fairy Tales Presents\Grimm Fairy Tales Presents - 10th Anniversary Special (2015),,,,
S20036,Thea Stilton Mouseford Academy,2014-2015,6,refused,R-065,F provider-missing,"does the candidate's issue list REACH the numbers we hold, and does its start year match? (we hold 6 numbered issue file(s); our years 2014-2015) — a record with fewer issues than we own is not this run",,,,Scholastic's Thea Stilton Mouseford Academy line is in neither comics catalog,search comics.org and comicvine by the shelf name,Thea Stilton Mouseford Academy 01 - Drama at Mouseford (2014) (jv-DCP).cbr | Thea Stilton Mouseford Academy 02 - The Missing Diary (2014) (jv-DCP).cbr | Thea Stilton Mouseford Academy 03 - Mouselets in Danger (2014) (jv-DCP).cbr | … +3,\\Library\Public\5 - Comics\Graphic Novels\_Schoolastic & Graphix\Thea Stilton\Thea Stilton Mouseford Academy (2014),,,,
S23599,Kouishou Rajio,,5,refused,R-083,F provider-missing,"does the candidate's issue list REACH the numbers we hold, and does its start year match? (we hold 4 numbered issue file(s); 1 collected edition(s); our years 2010-2010) — a record with fewer issues than we own is not this run",,,,"neither leg holds ""Kouishou Rajio"" — probed three romanisations with --contains",search comics.org and comicvine by the shelf name,Kouishou Rajio Vol.002 Ch.019 042.017NHz [KissManga].cbz | Kouishou Rajio Vol.002 Ch.020 040.006NHz [KissManga].cbz | Kouishou Rajio Vol.002 Ch.021 061.018NHz [KissManga].cbz | … +2,\\Library\Public\5 - Comics\Manga\Kouishou Rajio (2010),,,,
S13210,Olive and Popeye,2022-2024,5,refused,R-090,F provider-missing,"is there a NUMBERED run behind these books at all, and if so what are its issue count and start year? (our years 2022-2024) — the run wins over a collected-edition record when one exists",,,,"the ""Olive & Popeye"" webcomic has no record on either leg",search comics.org and comicvine by the shelf name,Olive & Popeye (2022) (Clark Kent).cbz | Olive & Popeye (2022) (DCP Webrips).cbr | Olive & Popeye (2023) (Clark Kent).cbz | … +2,\\Library\Public\5 - Comics\Webcomics and Strips\Popeye,,,,
S14803,Roderick and the City of Morhil,2024-2024,5,refused,R-072,F provider-missing,"does the candidate's issue list REACH the numbers we hold, and does its start year match? (we hold 5 numbered issue file(s); our years 2024-2024) — a record with fewer issues than we own is not this run",,,,"re-probed ""Morhil"" and ""Roderick"" --contains on both legs: nothing",search comics.org and comicvine by the shelf name,Roderick and the City of Morhil 01 (of 05) (2024) (digital) (Knight Ripper-Empire).cbr | Roderick and the City of Morhil 02 (of 05) (2024) (digital) (Knight Ripper-Empire).cbr | Roderick and the City of Morhil 03 (of 05) (2024) (digital) (Knight Ripper-Empire).cbr | … +2,\\Library\Public\5 - Comics\ComiXology Originals\Roderick and the City of Morhil (2024),,,,
S375,Achewood - Man Why You Even Got to Do a Thing,,4,refused,R-090,F provider-missing,"does the candidate's issue list REACH the numbers we hold, and does its start year match? (we hold 4 numbered issue file(s); our years 2001-2001) — a record with fewer issues than we own is not this run",,,,"Achewood's self-published comic, in neither catalog",search comics.org and comicvine by the shelf name,Achewood - Man Why You Even Got to Do a Thing 001 (PDF Rip) (Helga Phugly).cbz | Achewood - Man Why You Even Got to Do a Thing 002 (PDF Rip) (Helga Phugly).cbz | Achewood - Man Why You Even Got to Do a Thing 003 (PDF Rip) (Helga Phugly).cbz | … +1,\\Library\Public\5 - Comics\Webcomics and Strips\Achewood (2001),,,,
S376,Achewood Chapbook,,4,refused,R-090,F provider-missing,"does the candidate's issue list REACH the numbers we hold, and does its start year match? (we hold 4 numbered issue file(s); our years 2001-2001) — a record with fewer issues than we own is not this run",,,,"Achewood's self-published chapbooks, in neither catalog",search comics.org and comicvine by the shelf name,Achewood Chapbook 001 (PDF Rip) (Helga Phugly).cbz | Achewood Chapbook 002 (PDF Rip) (Helga Phugly).cbz | Achewood Chapbook 003 (PDF Rip) (Helga Phugly).cbz | … +1,\\Library\Public\5 - Comics\Webcomics and Strips\Achewood (2001),,,,
S1928,Batman - Death of the Family,2012-2012,4,refused,R-073,F provider-missing,"is there a NUMBERED run behind these books at all, and if so what are its issue count and start year? (4 collected edition(s); our years 2002-2003) — the run wins over a collected-edition record when one exists",,,,"""Death of the Family"" --contains and --gcd-series ""Death of the Family"" --contains probed: no four-volume collected line on either leg",search comics.org and comicvine by the shelf name,Batman - Death of the Family Vol. 01 (2012) (Digital) (KMFA-Empire).cbr | Batman - Death of the Family Vol. 02 (2012) (Digital) (KMFA-Empire).cbr | Batman - Death of the Family Vol. 03 (2012) (Digital) (KMFA-Empire).cbr | … +1,"\\Library\Public\5 - Comics\DC\_Batman\_Trades, and Graphic Novels\Batman - Death of the Family (2012)",,,,
S11351,Marvel Action Classics: Spider-Man Two-In-One,2019-2021,4,refused,R-084,F provider-missing,"does the candidate's issue list REACH the numbers we hold, and does its start year match? (we hold 4 numbered issue file(s); our years 2018-2021) — a record with fewer issues than we own is not this run",,134768,,"neither leg holds IDW's Marvel Action Classics: Spider-Man Two-In-One (probed ""Marvel Action Classics"", ""Action Classics"", ""Two-In-One"")",https://www.comics.org/series/134768/,Marvel Action Classics - Spider-Man Two-In-One 001 (2019) (Digital) (Zone-Empire).cbr | Marvel Action Classics - Spider-Man Two-in-One 002 (2019) (Digital) (Zone-Empire).cbr | Marvel Action Classics - Spider-Man Two-in-One 003 (2021) (Digital) (Zone-Empire).cbr | … +1,\\Library\Public\5 - Comics\Marvel\Marvel Action (2018)\Marvel Action Classics - Spider-Man Two-In-One (2019),,,,
S12438,Ms. Marvel Mutant Menace,2024-2024,4,needs-web,C-037,F needs-web,"does the candidate's issue list REACH the numbers we hold, and does its start year match? (we hold 4 numbered issue file(s); our years 2016-2016) — a record with fewer issues than we own is not this run",,209647,,"what is ComicVine's own volume id for ""Ms. Marvel: Mutant Menace"" (2024)?",https://www.comics.org/series/209647/,Ms. Marvel Mutant Menace 003 (2024) (Mahmud Asrar Black Costume Variant) (Digital) (MikeNY76).cbz | Ms. Marvel Mutant Menace 003 (2024) (Peach Momoko Variant) (Digital) (MikeNY76).cbz | Ms. Marvel Mutant Menace 003 (2024) (Peach Momoko Variant) (Digital) (MikeNY76).cbz | … +1,\\Library\Public\5 - Comics\Marvel\#MARVEL CURRENT ONGOING TITLES\X-Men (Krakoa) (2019)\2024.03.06 - Ms. Marvel - Mutant Menace v1\Variant Covers,,,,
S18383,The Death Tally,2023-2024,4,refused,R-088,F provider-missing,"does the candidate's issue list REACH the numbers we hold, and does its start year match? (we hold 4 numbered issue file(s); our years 2023-2024) — a record with fewer issues than we own is not this run",,,,"probed ""Death Tally"" --contains on both legs; a self-published mini",search comics.org and comicvine by the shelf name,The Death Tally 001 (2023) (Limited Series) (Self Published) (Digital-HD) (LeDuch).cbz | The Death Tally 002 (2023) (Limited Series) (Self Published) (Digital-HD) (LeDuch).cbz | The Death Tally 003 (2023) (Limited Series) (Self Published) (Digital-HD) (LeDuch).cbz | … +1,\\Library\Public\5 - Comics\Misc\The Death Tally (2023),,,,
S19343,The Perhapanauts,2008-2021,4,refused,R-083,F needs-web,"does the candidate's issue list REACH the numbers we hold, and does its start year match? (we hold 1 numbered issue file(s); 3 collected edition(s); our years 2008-2021) — a record with fewer issues than we own is not this run",21208,,21208,"what ""Dark Days"" (Image 2010, 242pp) and ""Treasure Obscura"" (Image 2012, 133pp) collect — the Dark Horse minis (CV 34429 / 34428) or the Image 2008 run (CV 21208 / GCD 37862); neither leg's row carries a note",https://comicvine.gamespot.com/volume/4050-21208/,The Perhapanauts 2008 Annual (2008) (Digital) (K6-Empire).cbr | The Perhapanauts Vol. 02 - Second Chances (2021) (digital) (Son of Ultron-Empire).cbr | The Perhapanauts Vol. 1 - Dark Days (2012) (Digital TPB) (G85-Empire).cbr | … +1,\\Library\Public\5 - Comics\Image\The Perhapanauts (2008),,,,
S20294,Tokyo Tarareba Girls Returns 2,2024-2024,4,parked 0.7,R-084,"parked at 0.7 — one leg, something unexplained","is there a NUMBERED run behind these books at all, and if so what are its issue count and start year? (4 collected edition(s); our years 2024-2024) — the run wins over a collected-edition record when one exists",,235538,,"kept at 0.7 for a new reason: the re-probe of ""Tarareba"" on both legs finds no ""Returns 2"" record (CV has only the 2020 one-book ""Returns"" 130901 and the Japanese 99792/117535), and GCD 235538 ""Tokyo Tarareba Girls Season 2"" (Kodansha USA 2026-?, 2 rows 2831255/2831256) has NO dates, page counts or",https://www.comics.org/series/235538/,Tokyo Tarareba Girls Returns 2 v01 (2024) (Digital) (XRA-Empire).cbz | Tokyo Tarareba Girls Returns 2 v02 (2024) (Digital) (XRA-Empire).cbz | Tokyo Tarareba Girls Returns 2 v03 (2024) (Digital) (XRA-Empire).cbz | … +1,\\Library\Public\5 - Comics\Manga\Tokyo Tarareba Girls (2014)\Tokyo Tarareba Girls Returns 2 (2024),,,,
S39477,A Gentle Man,,3,refused,R-084,F provider-missing,"is there a NUMBERED run behind these books at all, and if so what are its issue count and start year? (3 file(s)) — the run wins over a collected-edition record when one exists",,,,"untranslated Asano chapters with no catalog record (probed ""Gentle Man"")",search comics.org and comicvine by the shelf name,A Gentle Man - c01.cbz | A Gentle Man - c02 [4chan].cbz | A Gentle Man - c03.cbz,\\Library\Public\5 - Comics\Manga\_Inio Asano\A Gentle Man,,,,
S95045,Amazing Fantasy v1 (1995),1995-1996,3,needs-web,C-038,F needs-web,"does the candidate's issue list REACH the numbers we hold, and does its start year match? (we hold 3 numbered issue file(s); our years 1995-1996) — a record with fewer issues than we own is not this run",,16206,,"what is ComicVine's own volume id for the 1995-1996 Marvel ""Amazing Fantasy"" v1 mini (#16-18)?",https://www.comics.org/series/16206/,Amazing Fantasy 016 (1995) (Digital) (Shadowcat-Empire).cbz | Amazing Fantasy 017 (1996) (Digital) (Shadowcat-Empire).cbz | Amazing Fantasy 018 (1996) (Digital) (Shadowcat-Empire).cbz,\\Library\Public\5 - Comics\Marvel\Amazing Fantasy\Amazing Fantasy v1 (1995),,,,
S2860,Blade Maidens,2021-2022,3,refused,R-086,F provider-missing,"does the candidate's issue list REACH the numbers we hold, and does its start year match? (we hold 3 numbered issue file(s); our years 2021-2022) — a record with fewer issues than we own is not this run",,,,"a webcomic outside both legs (probed ""Blade Maidens"" on series, issue and story titles)",search comics.org and comicvine by the shelf name,Blade Maidens 000 (2021) (blademaidens.com) (digital) (JeffAlbertson-DCP).cbz | Blade Maidens 001 (2021) (blademaidens.com) (digital) (JeffAlbertson-DCP).cbz | Blade Maidens 002 (2022) (blademaidens.com) (digital) (JeffAlbertson-DCP).cbz,\\Library\Public\5 - Comics\Misc\Blade Maidens (2021) (blademaidens.com),,,,
S5375,Demons,2020-2022,3,refused,R-090,F provider-missing,"does the candidate's issue list REACH the numbers we hold, and does its start year match? (we hold 3 numbered issue file(s); our years 2016-2017) — a record with fewer issues than we own is not this run",,,,"Silver Sprocket's ""Demons"" (2020-2022, three books) is in neither catalog: ""Demons"" --year 2016 finds only the Insane Comics volume, --year 2020 nothing, and the GCD dump no Demons row of either",search comics.org and comicvine by the shelf name,Demons 001 - No Romance in Hell (2020) (digital) (DrVink).cbz | Demons 002 - To Earth and Back (2021) (digital) (DrVink).cbz | Demons 003 - Bloodlust (2022) (digital) (DrVink).cbz,\\Library\Public\5 - Comics\Silver Sprocket\Demons (2020),,,,
S5462,Diesel Sweeties,2013-2014,3,refused,R-088,F provider-missing,"is there a NUMBERED run behind these books at all, and if so what are its issue count and start year? (3 collected edition(s); our years 2013-2014) — the run wins over a collected-edition record when one exists",,,,"probed ""Diesel Sweeties"" --contains on both legs: no line series, only per-book records",search comics.org and comicvine by the shelf name,"Diesel Sweeties Vol. 01 - I'm a Rocker. I Rock Out. (2013) (Digital-Empire).cbr | Diesel Sweeties Vol. 02 - Bacon is a Vegetable, Coffee is a Vitamin (2014) (Digital-Empire).cbr | Diesel Sweeties Vol. 03 - There is a Cat on the Internet (2014) (Digital-Empire).cbr",\\Library\Public\5 - Comics\Oni Press\Diesel Sweeties (2013),,,,
S5953,Dweedy and the Bush Cats,2023-2023,3,refused,R-088,F provider-missing,"does the candidate's issue list REACH the numbers we hold, and does its start year match? (we hold 3 numbered issue file(s); our years 2023-2023) — a record with fewer issues than we own is not this run",,,,"probed ""Dweedy"", ""Bush Cats"" (--contains) on both legs: a 2023 Dooney Press series neither catalog holds",search comics.org and comicvine by the shelf name,Dweedy and the Bush Cats 001 (2023) (digital) (DrVink-DCP).cbz | Dweedy and the Bush Cats 002 (2023) (digital) (DrVink-DCP).cbz | Dweedy and the Bush Cats 003 (2023) (digital) (DrVink-DCP).cbz,\\Library\Public\5 - Comics\Misc\Dweedy and the Bush Cats (2023),,,,
S6265,Everything Dies,2011-2012,3,refused,R-088,F provider-missing,"is there a NUMBERED run behind these books at all, and if so what are its issue count and start year? (3 collected edition(s); our years 2011-2012) — the run wins over a collected-edition record when one exists",,,,"probed ""Everything Dies"" --contains on both legs; a self-published Lulu series",search comics.org and comicvine by the shelf name,Everything Dies Vol. 01 - The Great Disappointment (2011).cbz | Everything Dies Vol. 02 - A Heart of Stonework (2012).cbz | Everything Dies Vol. 03 - Walk Like a Sumerian (2011).cbz,\\Library\Public\5 - Comics\Misc\Everything Dies (2011),,,,
S8119,Groupies,2024-2024,3,refused,R-072,F provider-missing,"does the candidate's issue list REACH the numbers we hold, and does its start year match? (we hold 3 numbered issue file(s); our years 2024-2024) — a record with fewer issues than we own is not this run",,,,"re-probed ""Groupies"" --contains on both legs: nothing",search comics.org and comicvine by the shelf name,Groupies 001 (2024) (digital) (Knight Ripper-Empire).cbr | Groupies 002 (2024) (digital) (Knight Ripper-Empire).cbr | Groupies 003 (2024) (digital) (Knight Ripper-Empire).cbr,\\Library\Public\5 - Comics\ComiXology Originals\Groupies (2024),,,,
S8301,Hanaotoko,,3,refused,R-067,F provider-missing,"is there a NUMBERED run behind these books at all, and if so what are its issue count and start year? (3 collected edition(s); our years 1992-1992) — the run wins over a collected-edition record when one exists",,,,"untranslated three-volume Matsumoto work, absent from both catalogs",search comics.org and comicvine by the shelf name,Hanaotoko v01 (MangaScreener).cbr | Hanaotoko v02 (MangaScreener).cbr | Hanaotoko v03 (MangaScreener).cbr,\\Library\Public\5 - Comics\Manga\_Taiyo Matsumoto\Hanaotoko (1992),,,,
S10643,Legalization Nation,2023-2024,3,refused,R-090,F provider-missing,"is there a NUMBERED run behind these books at all, and if so what are its issue count and start year? (our years 2021-2024) — the run wins over a collected-edition record when one exists",,,,a year-by-year webcomic archive; the catalogs hold Box Brown's printed books only,search comics.org and comicvine by the shelf name,Legalization Nation (2021-2022) (Clark Kent).cbz | Legalization Nation (2023) (Clark Kent).cbz | Legalization Nation (2024) (Clark Kent).cbz,\\Library\Public\5 - Comics\Webcomics and Strips\Legalization Nation (Box Brown) (2021),,,,
S15372,Sergio Aragonés Presents a MAD Look at Picnics,2024-2025,3,refused,R-083,F provider-missing,"does the candidate's issue list REACH the numbers we hold, and does its start year match? (we hold 3 numbered issue file(s); our years 2024-2025) — a record with fewer issues than we own is not this run",,,,"as S15370: no 2024-2025 ""MAD Look at"" record in either leg after the R-083 re-probe",search comics.org and comicvine by the shelf name,Sergio Aragonés Presents a MAD Look at Picnics 001 (2024) (digital-mobile) (Son of Ultron-Empire).cbr | Sergio Aragonés Presents a MAD Look at Picnics 002 (2024) (digital-mobile) (Son of Ultron-Empire).cbr | Sergio Aragonés Presents a MAD Look at Picnics 003 (2025) (digital-mobile) (Son of Ultron-Empire).cbr,\\Library\Public\5 - Comics\Magazines\MAD Magazine\Sergio Aragonés Presents a MAD Look at ___ (2024),,,,
S20976,Vanquished - Queen of People,2023-2023,3,refused,R-084,F provider-missing,"is there a NUMBERED run behind these books at all, and if so what are its issue count and start year? (3 collected edition(s); our years 2023-2023) — the run wins over a collected-edition record when one exists",,,,"AAM/Markosia's 2023 ""Queen of {Three} People"" is in neither catalog (probed ""Vanquished"", ""Queen of"", ""Markosia"")",search comics.org and comicvine by the shelf name,Vanquished - Queen of {Three} People - Volume 01 (2023) (digital) (DrVink-DCP).cbz | Vanquished - Queen of {Three} People - Volume 02 (2023) (digital) (DrVink-DCP).cbz | Vanquished - Queen of {Three} People - Volume 03 (2023) (digital) (DrVink-DCP).cbz,\\Library\Public\5 - Comics\Markosia\Vanquished - Queen of {Three} People (2023),,,,
S2366,Be That Way,2023-2023,2,refused,R-078,F provider-missing,"is there a NUMBERED run behind these books at all, and if so what are its issue count and start year? (our years 2023-2023) — the run wins over a collected-edition record when one exists",,,,a 2023 Holiday House / Margaret Ferguson book neither catalog indexes,search comics.org and comicvine by the shelf name,Be That Way (2023) (Ferguson) (Digital) (XRA-Empire).cbz | Be That Way (2023) (digital) (DrVink-DCP).cbz,\\Library\Public\5 - Comics\Graphic Novels\Hope Larson,,,,
S2996,Bloom County,,2,refused,R-090,F provider-missing,"does the candidate's issue list REACH the numbers we hold, and does its start year match? (we hold 2 numbered issue file(s); our years 2015-2015) — a record with fewer issues than we own is not this run",,,,date-range archives of the 2015 revived Bloom County strip have no record on either leg,search comics.org and comicvine by the shelf name,Bloom County 2015 (2015-07-13 to 2015-09-30) (digital) (F).cbr | Bloom County 2015 (2015-10-01 to 2015-12-25) (digital).cbr,\\Library\Public\5 - Comics\Webcomics and Strips\_Berkeley Breathed\Bloom County - The Complete Digital Library (2011),,,,
S3107,Bootleg Spider-Man,2022-2023,2,refused,R-086,F provider-missing,"does the candidate's issue list REACH the numbers we hold, and does its start year match? (we hold 2 numbered issue file(s); our years 2022-2023) — a record with fewer issues than we own is not this run",,,,"an unlicensed parody comic in neither leg (probed ""Bootleg Spider"")",search comics.org and comicvine by the shelf name,Bootleg Spider-Man 01 (2022) (c2c) (phillywilly-Empire).cbr | Bootleg Spider-Man 02 (2023) (c2c) (phillywilly-Empire).cbr,\\Library\Public\5 - Comics\Misc\Bootleg Spider-Man (2022),,,,
S4225,Cook Like Your Ancestors,2023-2023,2,refused,R-088,F provider-missing,"is there a NUMBERED run behind these books at all, and if so what are its issue count and start year? (our years 2023-2023) — the run wins over a collected-edition record when one exists",,,,"probed ""Cook Like"" --contains on both legs",search comics.org and comicvine by the shelf name,Cook Like Your Ancestors (2023) (Silver Sprocket) (digital) (DrVink-HD-DCP).cbz | Cook Like Your Ancestors (2023) (digital) (DrVink-DCP).cbz,\\Library\Public\5 - Comics\Silver Sprocket,,,,
S5005,Day of the Flying Head,2017-2017,2,refused,R-086,F provider-missing,"does the candidate's issue list REACH the numbers we hold, and does its start year match? (we hold 2 numbered issue file(s); our years 2017-2017) — a record with fewer issues than we own is not this run",,,,"Hollow Press is indexed by neither leg (probed ""Flying Head"", ""Hollow Press"")",search comics.org and comicvine by the shelf name,Day of the Flying Head 01 (2017) (Hollow Press) (tunafan).cbr | Day of the Flying Head 02 (2017) (Hollow Press) (tunafan).cbr,\\Library\Public\5 - Comics\Misc\Day of the Flying Head (2017) (Hollow Press),,,,
S103680,Geronimo Stilton Special Edition (2011),2011-2011,2,refused,R-081,F provider-missing,"does the candidate's issue list REACH the numbers we hold, and does its start year match? (we hold 2 numbered issue file(s); our years 2009-2009) — a record with fewer issues than we own is not this run",,225647,,Scholastic's Geronimo Stilton Special Edition books are in neither catalog,https://www.comics.org/series/225647/,Geronimo Stilton Special Edition 01 - A Christmas Tale (2011) (jv-DCP).cbr | Geronimo Stilton Special Edition 02 - Christmas Catastrophe (2011) (jv-DCP).cbr,\\Library\Public\5 - Comics\Graphic Novels\_Schoolastic & Graphix\Geronimo Stilton\Geronimo Stilton Special Edition (2011),,,,
S8413,Harvey Pekar - Kibbitzin' About How Life Got Incorporated part,,2,refused,R-086,F provider-missing,"does the candidate's issue list REACH the numbers we hold, and does its start year match? (we hold 2 numbered issue file(s); our years 2010-2010) — a record with fewer issues than we own is not this run",,,,"a dated web strip, absent from both legs (probed ""Pekar"", ""Pekar Project"", the instalment title)",search comics.org and comicvine by the shelf name,Harvey Pekar - Kibbitzin' About How Life Got Incorporated part 1 (2010-06-22) (Webrip) (Neon Vincent).cbr | Harvey Pekar - Kibbitzin' About How Life Got Incorporated part 2 (2010-12-07) (Webrip) (Neon Vincent).cbr,\\Library\Public\5 - Comics\Misc\American Splendor (1976) (and Misc Harvey Pekar Stuff)\Harvey Pekar Webcomics,,,,
S8414,"Harvey Pekar - Muncie, Indiana part",,2,refused,R-086,F provider-missing,"does the candidate's issue list REACH the numbers we hold, and does its start year match? (we hold 2 numbered issue file(s); our years 2010-2010) — a record with fewer issues than we own is not this run",,,,"a dated web strip, absent from both legs (probed ""Pekar"", ""Pekar Project"", the instalment title)",search comics.org and comicvine by the shelf name,"Harvey Pekar - Muncie, Indiana part 1 (2010-03-10) (Webrip) (Neon Vincent).cbr | Harvey Pekar - Muncie, Indiana part 2 (2010-03-19) (Webrip) (Neon Vincent).cbr",\\Library\Public\5 - Comics\Misc\American Splendor (1976) (and Misc Harvey Pekar Stuff)\Harvey Pekar Webcomics,,,,
S10702,Lego DC Comics Super Heroes - Carnival Capers!,2016-2016,2,refused,R-072,F provider-missing,"is there a NUMBERED run behind these books at all, and if so what are its issue count and start year? (our years 2016-2016) — the run wins over a collected-edition record when one exists",,,,"re-probed ""Carnival Capers"" and ""Lego DC"" on both legs: no titled record; GCD 159610 (2016, one untitled row) cannot be assigned",search comics.org and comicvine by the shelf name,Lego DC Comics Super Heroes - Carnival Capers! (2016) (Digital Rip) (Hourman-DCP).cbr | Lego DC Comics Super Heroes - Carnival Capers! (2016) (Digital Rip) (Hourman-DCP).cbr,\\Library\Public\5 - Comics\DC\#DC TV & Movie Tie-ins\Lego DC,,,,
S10703,Lego DC Comics Super Heroes - Race Around the World!,2016-2016,2,refused,R-072,F provider-missing,"is there a NUMBERED run behind these books at all, and if so what are its issue count and start year? (our years 2016-2016) — the run wins over a collected-edition record when one exists",,,,same finding as S10702,search comics.org and comicvine by the shelf name,Lego DC Comics Super Heroes - Race Around the World! (2016) (Digital Rip) (Hourman-DCP).cbr | Lego DC Comics Super Heroes - Race Around the World! (2016) (Digital Rip) (Hourman-DCP).cbr,\\Library\Public\5 - Comics\DC\#DC TV & Movie Tie-ins\Lego DC,,,,
S10806,LittleForest,,2,refused,R-084,F provider-missing,"is there a NUMBERED run behind these books at all, and if so what are its issue count and start year? (our years 2002-2002) — the run wins over a collected-edition record when one exists",,,,"neither catalog indexes Little Forest in any language (probed ""Little Forest"", ""Igarashi"")",search comics.org and comicvine by the shelf name,LittleForest_v01[Illuminati-Manga][HotCakes].cbz | LittleForest_v02[Illuminati-Manga][HotCakes].cbr,\\Library\Public\5 - Comics\Manga\_Daisuke Igarashi\Little Forest,,,,
S11301,Mark Trail,,2,refused,R-090,F provider-missing,"is there a NUMBERED run behind these books at all, and if so what are its issue count and start year? (our years 1946-1946) — the run wins over a collected-edition record when one exists",,,,year archives of the Mark Trail strip have no record on either leg,search comics.org and comicvine by the shelf name,Mark Trail (1972 Dailies) (DCP Webrips).cbr | Mark Trail (1973 Dailies) (DCP Webrips).cbr,\\Library\Public\5 - Comics\Webcomics and Strips\Mark Trail,,,,
S12099,Milk and Mocha Comics Collection - Our Little Happiness,2023-2023,2,refused,R-078,F provider-missing,"is there a NUMBERED run behind these books at all, and if so what are its issue count and start year? (our years 2023-2023) — the run wins over a collected-edition record when one exists",,,,a 2023 Andrews McMeel webcomic collection neither catalog indexes,search comics.org and comicvine by the shelf name,Milk & Mocha Comics Collection - Our Little Happiness (2023) (Andrews McMeel) (digital) (DrVink-DCP).cbz | Milk & Mocha Comics Collection - Our Little Happiness (2023) (Andrews McNeel) (digital) (DrVink-DCP).cbz,\\Library\Public\5 - Comics\Graphic Novels\_Andrews McMeel,,,,
S66477,Official Handbook of the Ultimate Marvel Universe,2005-2005,2,parked 0.7,R-086,"parked at 0.7 — one leg, something unexplained; F needs-web","does the candidate's issue list REACH the numbers we hold, and does its start year match? (we hold 2 numbered issue file(s); our years 2005-2005) — a record with fewer issues than we own is not this run",65743,19351,,"which 2005 Ultimate handbook do the digital ""v01 001-002"" halves hold — The Ultimates & X-Men 2005 or The Fantastic Four & Spider-Man 2005?",https://comicvine.gamespot.com/volume/4050-65743/ | https://www.comics.org/series/19351/,Official Handbook of the Ultimate Marvel Universe v01 001 (2005) (Digital) (Shadowcat-Empire).cbz | Official Handbook of the Ultimate Marvel Universe v01 002 (2005) (Digital) (Shadowcat-Empire).cbz,\\Library\Public\5 - Comics\Marvel\_Ultimate Comics\Official Handbook of the Ultimate Marvel Universe (2005),,,,
S102669,Official Handbook of the Ultimate Marvel Universe v2 (2005),2005-2005,2,parked 0.7,R-086,"parked at 0.7 — one leg, something unexplained; F needs-web","does the candidate's issue list REACH the numbers we hold, and does its start year match? (we hold 2 numbered issue file(s); our years 2005-2005) — a record with fewer issues than we own is not this run",65739,19350,,"is the digital ""Official Handbook of the Ultimate Marvel Universe v02"" (2005) the Fantastic Four & Spider-Man handbook?",https://comicvine.gamespot.com/volume/4050-65739/ | https://www.comics.org/series/19350/,Official Handbook of the Ultimate Marvel Universe v02 001 (2005) (Digital) (Shadowcat-Empire).cbz | Official Handbook of the Ultimate Marvel Universe v02 002 (2005) (Digital) (Shadowcat-Empire).cbz,\\Library\Public\5 - Comics\Marvel\_Ultimate Comics\Official Handbook of the Ultimate Marvel Universe (2005),,,,
S13959,Popeye's Cartoon Club,2019-2020,2,refused,R-090,F provider-missing,"is there a NUMBERED run behind these books at all, and if so what are its issue count and start year? (our years 2019-2020) — the run wins over a collected-edition record when one exists",,,,"""Popeye's Cartoon Club"" is in neither catalog",search comics.org and comicvine by the shelf name,Popeye's Cartoon Club (2019) (Clark Kent).cbz | Popeye's Cartoon Club (2020) (Clark Kent).cbz,\\Library\Public\5 - Comics\Webcomics and Strips\Popeye,,,,
S14106,Princess Truly,2019-2019,2,refused,R-081,F provider-missing,"does the candidate's issue list REACH the numbers we hold, and does its start year match? (we hold 2 numbered issue file(s); our years 2019-2019) — a record with fewer issues than we own is not this run",,,,Scholastic's Princess Truly readers are in neither catalog,search comics.org and comicvine by the shelf name,Princess Truly 01 - I Am a Super Girl! (2019) (Digital Rip) (Hourman-DCP).cbr | Princess Truly 02 - Off I Go! (2019) (Digital Rip) (Hourman-DCP).cbr,\\Library\Public\5 - Comics\Graphic Novels\_Schoolastic & Graphix\Princess Truly (2019),,,,
S14115,Problematic - Sketchbook Drawings,2012-2012,2,refused,R-075,F provider-missing,"does the candidate's issue list REACH the numbers we hold, and does its start year match? (we hold 2 numbered issue file(s); our years 2012-2012) — a record with fewer issues than we own is not this run",,,,"Woodring's 2012 ""Problematic"" is in neither catalog; the two 321pp files are duplicate rips",search comics.org and comicvine by the shelf name,Problematic - Sketchbook Drawings 2004-2012 (2012) (Digital-Empire).cbr | Problematic - Sketchbook Drawings 2004-2012 (2012) (Digital-Empire).cbr,\\Library\Public\5 - Comics\Fantagraphics,,,,
S15071,Saturday AM Presents Gunhild -The Hunt for Loki,2023-2024,2,refused,R-081,F provider-missing,"is there a NUMBERED run behind these books at all, and if so what are its issue count and start year? (2 collected edition(s); our years 2023-2024) — the run wins over a collected-edition record when one exists",,,,no English record of Quarto/Saturday AM's Gunhild with issues on either leg,search comics.org and comicvine by the shelf name,Saturday AM Presents Gunhild v01 - The New God (2023) (digital) (DrVink-DCP).cbz | Saturday AM Presents Gunhild v02 -The Hunt for Loki (2024) (SD) (Solar Hippo-QuantumDeep).cbz,\\Library\Public\5 - Comics\Graphic Novels\_Saturday AM Presents\Gunhild (2023),,,,
S15072,Saturday AM TANKS,2022-2023,2,refused,R-081,F provider-missing,"is there a NUMBERED run behind these books at all, and if so what are its issue count and start year? (2 collected edition(s); our years 2022-2023) — the run wins over a collected-edition record when one exists",,,,no record of Quarto/Saturday AM's Titan King with issues on either leg,search comics.org and comicvine by the shelf name,Saturday AM Presents Titan King v01 - The Fall Guy (2022) (digital) (DrVink-DCP).cbz | Saturday AM Presents Titan King v02 - The Flame Princess (2023) (digital) (DrVink-DCP).cbz,\\Library\Public\5 - Comics\Graphic Novels\_Saturday AM Presents\Titan King (2022),,,,
S15370,Sergio Aragonés Presents a MAD Look at Food Trucks,2024-2024,2,refused,R-083,F provider-missing,"does the candidate's issue list REACH the numbers we hold, and does its start year match? (we hold 2 numbered issue file(s); our years 2024-2024) — a record with fewer issues than we own is not this run",,,,"neither leg holds the 2024-2025 ""Sergio Aragonés Presents a MAD Look at ___"" web shorts — probed ""Mad Look"", ""Aragones"" and ""Aragonés"" 2023-2025",search comics.org and comicvine by the shelf name,Sergio Aragonés Presents a MAD Look at Food Trucks 001 (2024) (digital-mobile) (Son of Ultron-Empire).cbr | Sergio Aragonés Presents a MAD Look at Food Trucks 002 (2024) (digital-mobile) (Son of Ultron-Empire).cbr,\\Library\Public\5 - Comics\Magazines\MAD Magazine\Sergio Aragonés Presents a MAD Look at ___ (2024),,,,
S15373,Sergio Aragonés Presents a MAD Look at Practical Jokes,2024-2024,2,refused,R-083,F provider-missing,"does the candidate's issue list REACH the numbers we hold, and does its start year match? (we hold 2 numbered issue file(s); our years 2024-2024) — a record with fewer issues than we own is not this run",,,,"as S15370: no 2024 ""MAD Look at"" record in either leg after the R-083 re-probe",search comics.org and comicvine by the shelf name,Sergio Aragonés Presents a MAD Look at Practical Jokes 001 (2024) (digital-mobile) (Son of Ultron-Empire).cbr | Sergio Aragonés Presents a MAD Look at Practical Jokes 002 (2024) (digital-mobile) (Son of Ultron-Empire).cbr,\\Library\Public\5 - Comics\Magazines\MAD Magazine\Sergio Aragonés Presents a MAD Look at ___ (2024),,,,
S15375,Sergio Aragonés Presents a MAD Look at the Future,2024-2024,2,refused,R-083,F provider-missing,"does the candidate's issue list REACH the numbers we hold, and does its start year match? (we hold 2 numbered issue file(s); our years 2024-2024) — a record with fewer issues than we own is not this run",,,,neither leg holds the 2024 web short; the 1978 Warner paperback of the same words is a different book,search comics.org and comicvine by the shelf name,Sergio Aragonés Presents a MAD Look at the Future 001 (2024) (digital-mobile) (Son of Ultron-Empire).cbr | Sergio Aragonés Presents a MAD Look at the Future 002 (2024) (digital-mobile) (Son of Ultron-Empire).cbr,\\Library\Public\5 - Comics\Magazines\MAD Magazine\Sergio Aragonés Presents a MAD Look at ___ (2024),,,,
S15374,Sergio Aragonés Presents a MAD Look at Virtual Reality,2024-2025,2,refused,R-083,F provider-missing,"does the candidate's issue list REACH the numbers we hold, and does its start year match? (we hold 2 numbered issue file(s); our years 2024-2025) — a record with fewer issues than we own is not this run",,,,"as S15370: no 2024-2025 ""MAD Look at"" record in either leg after the R-083 re-probe",search comics.org and comicvine by the shelf name,Sergio Aragonés Presents a MAD Look at Virtual Reality 001 (2024) (digital-mobile) (Son of Ultron-Empire).cbr | Sergio Aragonés Presents a MAD Look at Virtual Reality 002 (2025) (digital-mobile) (Son of Ultron-Empire).cbr,\\Library\Public\5 - Comics\Magazines\MAD Magazine\Sergio Aragonés Presents a MAD Look at ___ (2024),,,,
S15457,Shakti,2023-2023,2,refused,R-078,F provider-missing,"is there a NUMBERED run behind these books at all, and if so what are its issue count and start year? (our years 2023-2023) — the run wins over a collected-edition record when one exists",,,,"no record for the 2023 HarperAlley ""Shakti"" on either leg",search comics.org and comicvine by the shelf name,Shakti (2023) (Harper Alley) (Digital-Empire).cbz | Shakti (2023) (digital) (DrVink).cbz,\\Library\Public\5 - Comics\Graphic Novels\_Harper (All Imprints),,,,
S16901,Strange Fruit,2014-2018,2,refused,R-077,F provider-missing,"is there a NUMBERED run behind these books at all, and if so what are its issue count and start year? (our years 2014-2018) — the run wins over a collected-edition record when one exists",,,,"Fulcrum's ""Strange Fruit"" Vol. I (2014) and Vol. II (2018) are in neither catalog",search comics.org and comicvine by the shelf name,"Strange Fruit, Volume I - Uncelebrated Narratives from Black History (2014) (digital-SD) (fylgja).cbz | Strange Fruit, Volume II - More Uncelebrated Narratives from Black History (2018) (digital+) (SD) (fylgja).cbz",\\Library\Public\5 - Comics\Graphic Novels,,,,
S17901,The Adventures of Hanzo - Wrath of Winter Part,2023-2023,2,refused,R-078,F provider-missing,"does the candidate's issue list REACH the numbers we hold, and does its start year match? (we hold 2 numbered issue file(s); our years 2023-2023) — a record with fewer issues than we own is not this run",,,,"a 2023 Studio JS self-published title neither catalog indexes; the second file is its artbook, not a second issue",search comics.org and comicvine by the shelf name,The Adventures of Hanzo - Wrath of Winter Part 01 (2023) (digital) (DrVink-DCP).cbz | The Adventures of Hanzo - Wrath of Winter Part 01 - Artbook (2023) (digital) (DrVink-DCP).cbz,\\Library\Public\5 - Comics\Graphic Novels\The Adventures of Hanzo (2023),,,,
S19966,The Wondrous Wonders,2020-2020,2,refused,R-065,F provider-missing,"is there a NUMBERED run behind these books at all, and if so what are its issue count and start year? (our years 2022-2022) — the run wins over a collected-edition record when one exists",,,,Camille Jourdy's First Second translation is indexed by neither catalog; the two files are duplicate rips dated 2020 and 2022,search comics.org and comicvine by the shelf name,The Wondrous Wonders (2020) (digital) (DrVink).cbz | The Wondrous Wonders (First Second 2022) (webrip) (MagicMan-DCP).cbr,\\Library\Public\5 - Comics\FirstSecond,,,,
S19987,The Worst Ronin,2024-2024,2,refused,R-078,F provider-missing,"is there a NUMBERED run behind these books at all, and if so what are its issue count and start year? (our years 2024-2024) — the run wins over a collected-edition record when one exists",,,,a 2024 HarperAlley book neither catalog indexes,search comics.org and comicvine by the shelf name,The Worst Ronin (2024) (Harper Alley) (Digital) (XRA-Empire).cbz | The Worst Ronin (2024) (digital) (DrVink-HD-DCP).cbz,\\Library\Public\5 - Comics\Graphic Novels\_Harper (All Imprints),,,,
S20931,Vampirella in Make Up to Break Up,2019-2019,2,refused,R-075,F provider-missing,"is there a NUMBERED run behind these books at all, and if so what are its issue count and start year? (our years 2019-2019) — the run wins over a collected-edition record when one exists",,,,a 6-7pp Dynamite strip with no record of its own on either leg; the two files are duplicate rips,search comics.org and comicvine by the shelf name,Vampirella in Make Up to Break Up (2019) (Digital) (DR & Quinch-Empire).cbr | Vampirella in Make Up to Break Up (2019) (HD) (digital-Empire).cbr,"\\Library\Public\5 - Comics\Dynamite\Vampirella\_Minis, Trades and One-shots",,,,
S21454,What Happens Next,,2,refused,R-075,F provider-missing,"does the candidate's issue list REACH the numbers we hold, and does its start year match? (we hold 2 numbered issue file(s); our years 2023-2023) — a record with fewer issues than we own is not this run",,,,"First Second's 2023 two-book ""What Happens Next"" line is in neither catalog",search comics.org and comicvine by the shelf name,"What Happens Next 001 - Talent Show Troubles (First Second, 2023) (Digital) (Mark Bowen).cbz | What Happens Next 002 - Science Fair Frenzy (First Second, 2023) (Digital) (Mark Bowen).cbz",\\Library\Public\5 - Comics\FirstSecond\What Happens Next (2023),,,,
S22417,X-Men Vote Comic Strips,2021-2022,2,refused,R-086,F provider-missing,"is there a NUMBERED run behind these books at all, and if so what are its issue count and start year? (2 collected edition(s); our years 2021-2022) — the run wins over a collected-edition record when one exists",,,,"Marvel's X-Men vote promo strips are in neither leg (probed ""Vote Comic"", ""X-Men Vote"")",search comics.org and comicvine by the shelf name,X-Men Vote Comic Strips v01 (2021) (digital) (MidnightRider).cbz | X-Men Vote Comic Strips v02 (2022) (digital) (MidnightRider).cbz,\\Library\Public\5 - Comics\Marvel\_X-Men\X-Men Vote Comic Strips (2021),,,,
S32,1999,2012-2012,1,refused,R-075,F needs-web,"does the candidate's issue list REACH the numbers we hold, and does its start year match? (we hold 1 numbered issue file(s); our years 2012-2012) — a record with fewer issues than we own is not this run",,,,"is ""1999 (2012) (Digital) (BlurPixel-Empire)"" 37pp the Retrofit Comics ""1999"" (CV 76579, 2014), and was it released digitally in 2012?",search comics.org and comicvine by the shelf name,1999 (2012) (Digital) (BlurPixel-Empire).cbr,\\Library\Public\5 - Comics\Graphic Novels,,,,
S83,3-Gatsu no Lion Review Guidebook - Beginner,,1,refused,R-084,F provider-missing,"does the candidate's issue list REACH the numbers we hold, and does its start year match? (we hold 1 numbered issue file(s); our years 2007-2007) — a record with fewer issues than we own is not this run",,,,"neither catalog holds the 3-Gatsu no Lion Review Guidebooks (probed ""Gatsu no Lion"", ""March Comes"", ""Guidebook"")",search comics.org and comicvine by the shelf name,3-Gatsu no Lion Review Guidebook - Beginner.cbr,\\Library\Public\5 - Comics\Manga\March Comes in Like a Lion (2007)\3-Gatsu no Lion Review Guidebook,,,,
S84,3-Gatsu no Lion Review Guidebook - Intermediate,,1,refused,R-084,F provider-missing,"does the candidate's issue list REACH the numbers we hold, and does its start year match? (we hold 1 numbered issue file(s); our years 2007-2007) — a record with fewer issues than we own is not this run",,,,"neither catalog holds the 3-Gatsu no Lion Review Guidebooks (probed ""Gatsu no Lion"", ""March Comes"", ""Guidebook"")",search comics.org and comicvine by the shelf name,3-Gatsu no Lion Review Guidebook - Intermediate.cbr,\\Library\Public\5 - Comics\Manga\March Comes in Like a Lion (2007)\3-Gatsu no Lion Review Guidebook,,,,
S111,3W3M - Havo's Wager,2023-2023,1,refused,R-090,F provider-missing,"is there a NUMBERED run behind these books at all, and if so what are its issue count and start year? (our years 2023-2023) — the run wins over a collected-edition record when one exists",,,,a 2023 3W3M Kickstarter/Substack book; neither leg indexes it,search comics.org and comicvine by the shelf name,3W3M - Havo's Wager (2023) (digital-Empire).cbr,"\\Library\Public\5 - Comics\Substack, Kickstarters, etc Comics\3 Worlds, 3 Moons (Hickman, Ewing, etc) (2022)\_TPBs",,,,
S188,A For Effort,2024-2024,1,refused,R-078,F provider-missing,"is there a NUMBERED run behind these books at all, and if so what are its issue count and start year? (our years 2024-2024) — the run wins over a collected-edition record when one exists",,,,a 2024 HarperAlley book neither catalog indexes,search comics.org and comicvine by the shelf name,A For Effort (2024) (Harper Alley) (Digital Rip) (Hourman-DCP).cbr,\\Library\Public\5 - Comics\Graphic Novels\_Harper (All Imprints),,,,
S198,A Great Big Visual Hug,2024-2024,1,refused,R-078,F provider-missing,"is there a NUMBERED run behind these books at all, and if so what are its issue count and start year? (our years 2024-2024) — the run wins over a collected-edition record when one exists",,,,a 2024 Andrews McMeel collection neither catalog indexes,search comics.org and comicvine by the shelf name,A Great Big Visual Hug (2024) (Andrews McMeel) (DCP Webrips).cbr,\\Library\Public\5 - Comics\Graphic Novels\_Andrews McMeel,,,,
S258,A Valentine for Linus!,2018-2018,1,refused,R-090,F provider-missing,"is there a NUMBERED run behind these books at all, and if so what are its issue count and start year? (our years 2018-2018) — the run wins over a collected-edition record when one exists",,,,a Peanuts kids' picture book; only Open Library OL20166033W records it,search comics.org and comicvine by the shelf name,A Valentine for Linus! (2018) (GreenGiant-DCP).cbr,\\Library\Public\5 - Comics\Webcomics and Strips\_Charles Schulz-Peanuts,,,,
S355,Above and Below - The Voyages of Virgilio,2022-2022,1,refused,R-075,F provider-missing,"is there a NUMBERED run behind these books at all, and if so what are its issue count and start year? (our years 2022-2022) — the run wins over a collected-edition record when one exists",,,,"Fantagraphics Underground's 2022 ""Above & Below - The Voyages of Virgilio"" is in neither catalog",search comics.org and comicvine by the shelf name,Above & Below - The Voyages of Virgilio (2022) (Fantagraphics) (digital) (DrVink-DCP).cbz,\\Library\Public\5 - Comics\Fantagraphics,,,,
S505,Age,2024-2024,1,refused,R-078,F provider-missing,"does the candidate's issue list REACH the numbers we hold, and does its start year match? (we hold 1 numbered issue file(s); our years 2024-2024) — a record with fewer issues than we own is not this run",,,,a 2024 Annick Press book neither catalog indexes,search comics.org and comicvine by the shelf name,Age 16 (2024) (Annick Press) (digital) (DrVink-HD-DCP).cbz,\\Library\Public\5 - Comics\Graphic Novels\_Annick Press,,,,
S568,Alabaster - Shelter,,1,refused,R-073,F provider-missing,"is there a NUMBERED run behind these books at all, and if so what are its issue count and start year? (our years 2012-2012) — the run wins over a collected-edition record when one exists",,,,"probed ""Alabaster"", ""Free Comic Book Day 2012"" --contains and --gcd-series ""Free Comic Book Day"" --year 2012",search comics.org and comicvine by the shelf name,Alabaster - Shelter (FCBD 2012) (digital) (Son of Ultron-Empire).cbr,\\Library\Public\5 - Comics\Dark Horse\Alabaster (2012),,,,
S593,Alexandros,2003-2003,1,refused,R-083,F provider-missing,"is there a NUMBERED run behind these books at all, and if so what are its issue count and start year? (our years 2003-2003) — the run wins over a collected-edition record when one exists",,,,"neither leg holds ""Alexandros"" — probed the title and the creator's name with --contains",search comics.org and comicvine by the shelf name,Alexandros (2003) (Hox & HappyScans!) (Waifu2x Upscale).cbz,\\Library\Public\5 - Comics\Manga,,,,
S325,ALIEEEN,2006-2006,1,parked 0.7,R-075,"parked at 0.7 — one leg, something unexplained; F provider-missing","is there a NUMBERED run behind these books at all, and if so what are its issue count and start year? (our years 2006-2006) — the run wins over a collected-edition record when one exists",,140499,,"First Second's 2006 ""ALIEEEN"" (the English original) is in neither catalog; only the French Gallimard and Spanish Kraken editions are",https://www.comics.org/series/140499/,ALIEEEN (2006) (First Second) (deichkind).cbr,\\Library\Public\5 - Comics\FirstSecond,,,,
S663,Aliens - Platinum Edition,,1,refused,R-073,F provider-missing,"is there a NUMBERED run behind these books at all, and if so what are its issue count and start year? (1 file(s)) — the run wins over a collected-edition record when one exists",,,,"probed ""Aliens: Platinum"", ""Platinum Edition"", ""Aliens"" 1992 --contains on both legs",search comics.org and comicvine by the shelf name,[1992] Aliens_-_Platinum_Edition.cbz,\\Library\Public\5 - Comics\Dark Horse\Aliens\Aliens - Platinum,,,,
S704,All Is Nat Lost - A Graphic Novel,2024-2024,1,refused,R-081,F provider-missing,"is there a NUMBERED run behind these books at all, and if so what are its issue count and start year? (our years 2024-2024) — the run wins over a collected-edition record when one exists",,,,a 2024 Graphix book in neither catalog,search comics.org and comicvine by the shelf name,All Is Nat Lost (2024) (Digital Rip) (Hourman-DCP).cbr,\\Library\Public\5 - Comics\Graphic Novels\_Schoolastic & Graphix\All Is Nat Lost (2024),,,,
S772,Alla Prima,2012-2012,1,refused,R-073,F provider-missing,"is there a NUMBERED run behind these books at all, and if so what are its issue count and start year? (our years 2012-2012) — the run wins over a collected-edition record when one exists",,,,"probed ""Alla Prima"", ""Huizenga"" --contains on CV and GCD",search comics.org and comicvine by the shelf name,Alla Prima (Kevin Huizenga) (2012) (webrip) (COUNTERpaul).cbr,\\Library\Public\5 - Comics\Drawn & Quarterly\_Kevin Huizenga,,,,
S813,Always Anthony,2024-2024,1,refused,R-078,F provider-missing,"is there a NUMBERED run behind these books at all, and if so what are its issue count and start year? (1 collected edition(s); our years 2024-2024) — the run wins over a collected-edition record when one exists",,,,the eighth Emmie & Friends book (2024) is in neither catalog,search comics.org and comicvine by the shelf name,Emmie & Friends Book 08 - Always Anthony (2024) (Digital) (XRA-Empire).cbz,\\Library\Public\5 - Comics\Graphic Novels\_Harper (All Imprints)\Emmie & Friends (2017),,,,
S326,AM Stories,2024-2024,1,refused,R-075,F provider-missing,"does the candidate's issue list REACH the numbers we hold, and does its start year match? (we hold 1 numbered issue file(s); our years 2024-2024) — a record with fewer issues than we own is not this run",,,,"Afterlight's 2024 ""333 AM Stories"" is in neither catalog",search comics.org and comicvine by the shelf name,333 AM Stories (2024) (Afterlight Comics) (digital) (DrVink-HD-DCP).cbz,\\Library\Public\5 - Comics\Graphic Novels,,,,
S921,Amber Brown Is Not a Crayon,2024-2024,1,refused,R-081,F provider-missing,"is there a NUMBERED run behind these books at all, and if so what are its issue count and start year? (our years 2024-2024) — the run wins over a collected-edition record when one exists",,,,a 2024 Putnam book in neither catalog,search comics.org and comicvine by the shelf name,Amber Brown Is Not a Crayon (2024) (Digital Rip) (Hourman-DCP).cbr,\\Library\Public\5 - Comics\Graphic Novels\_Penguin (All Imprints),,,,
S970,Amnesia,2019-2019,1,refused,R-075,"R-075: R, F wrong-cv-link",which run (ComicVine volume / GCD series) are these books? — or say it is not a run,,,,"R 970 | re-probed: ""Amnesia"" --contains adds GCD 237378 ""Arcana Studio Presents Amnesia"" (2011, 1) to NBM 2001 (CV 50526 / GCD 51395), Arcana 2011 (CV 44491), the stored Arcana 2014 four-issue CV 71871 and Glénat's 2012 French trilogy (GCD 133651) — a 21pp file dated 2019 with no publisher fits none || F 970 wrong-cv-link | stored CV 71871 ""Amnesia"" (Arcana 2014, 4) matches neither our year nor our length",,Amnesia (2019) (Anomynous).cbz,\\Library\Public\5 - Comics\Graphic Novels,,,,
S1131,Antlers - The Holistic Comics Journal of Joseph Morris,2023-2023,1,refused,R-090,F provider-missing,"is there a NUMBERED run behind these books at all, and if so what are its issue count and start year? (1 collected edition(s); our years 2023-2023) — the run wins over a collected-edition record when one exists",,,,a 2023 TORC Press comics journal absent from both legs,search comics.org and comicvine by the shelf name,Antlers - The Holistic Comics Journal of Joseph Morris v01 (2023) (Torc) (digital) (DrVink-DCP).cbz,\\Library\Public\5 - Comics\Webcomics and Strips,,,,
S1146,Apocalypse Banquet,1989-1989,1,refused,R-084,F provider-missing,"is there a NUMBERED run behind these books at all, and if so what are its issue count and start year? (our years 1989-1989) — the run wins over a collected-edition record when one exists",,,,"untranslated Hino volume, absent from both catalogs (probed title on all five name columns)",search comics.org and comicvine by the shelf name,Apocalypse Banquet (1989) (Hideshi Hino) (Caterpillar).cbr,\\Library\Public\5 - Comics\Manga\_Hideshi Hino,,,,
S1147,Apocalypse Dad,2016-2016,1,refused,R-075,F provider-missing,"is there a NUMBERED run behind these books at all, and if so what are its issue count and start year? (our years 2016-2016) — the run wins over a collected-edition record when one exists",,,,this 45pp 2016 book is in neither catalog,search comics.org and comicvine by the shelf name,Apocalypse Dad (2016) (Digital) (DrDoom-Empire).cbz,\\Library\Public\5 - Comics\Graphic Novels,,,,
S102574,Archie Christmas Spectacular (2018),2018-2018,1,refused,R-072,F needs-web,"is there a NUMBERED run behind these books at all, and if so what are its issue count and start year? (our years 2018-2018) — the run wins over a collected-edition record when one exists",,,,"is Shadowcat's ""Archie Christmas Spectacular (2018)"" the December 2017 book (GCD 119254 = S1228) or the December 2018 book (GCD 135692)?",search comics.org and comicvine by the shelf name,Archie Christmas Spectacular (2018) (Digital) (Shadowcat-Empire).cbz,\\Library\Public\5 - Comics\Archie\_Archie Holiday Books,,,,
S102576,Archie Christmas Spectacular (2020),2020-2020,1,refused,R-095,F needs-web,"is there a NUMBERED run behind these books at all, and if so what are its issue count and start year? (our years 2021-2021) — the run wins over a collected-edition record when one exists",,,,"which 24pp Archie Christmas Spectacular is Forsythe-DCP's ""(2020)"" file — the December 2019 book (GCD 153788 / CV 123424, then a duplicate of S102575) or another? GCD 167909 (36pp) is S1266's book",search comics.org and comicvine by the shelf name,Archie Christmas Spectacular (2020) (Forsythe-DCP).cbr,\\Library\Public\5 - Comics\Archie\_Archie Holiday Books,,,,
S1267,Archie's Colossal Digital Holiday Collection,2024-2024,1,refused,R-072,F provider-missing,"is there a NUMBERED run behind these books at all, and if so what are its issue count and start year? (our years 2024-2024) — the run wins over a collected-edition record when one exists",,,,"re-probed ""Colossal Digital"", ""Holiday Collection"" and ""Colossal"" (2024) on both legs: no Archie record",search comics.org and comicvine by the shelf name,Archie's Colossal Digital Holiday Collection (2024) (Forsythe-DCP).cbr,\\Library\Public\5 - Comics\Archie\_Archie Holiday Books\Trades,,,,
S1336,Art of Atari,2016-2016,1,refused,R-075,F provider-missing,"is there a NUMBERED run behind these books at all, and if so what are its issue count and start year? (our years 2016-2016) — the run wins over a collected-edition record when one exists",,,,"""Art of Atari"" (Dynamite 2016, 330pp) is in neither catalog under any probed spelling",search comics.org and comicvine by the shelf name,Art of Atari (2016) (digital) (d'argh-Empire).cbr,\\Library\Public\5 - Comics\Dynamite\Art of Atari (2016),,,,
S17986,Art of Maya and the Three,2021-2021,1,refused,R-073,F provider-missing,"is there a NUMBERED run behind these books at all, and if so what are its issue count and start year? (our years 2021-2021) — the run wins over a collected-edition record when one exists",,,,"probed ""Maya and the Three"", ""The Art of Maya and the Three"" on CV and GCD",search comics.org and comicvine by the shelf name,The Art of Maya and the Three (2021) (digital) (The Magicians-Empire).cbr,\\Library\Public\5 - Comics\Dark Horse\The Art of Maya and the Three (2021),,,,
S1398,Asterix - Asterix and the Vikings,2006-2006,1,refused,R-086,F provider-missing,"is there a NUMBERED run behind these books at all, and if so what are its issue count and start year? (our years 2006-2006) — the run wins over a collected-edition record when one exists",,,,the 2006 film album has no English record on either leg (probed exact title on every table),search comics.org and comicvine by the shelf name,Asterix - Asterix and the Vikings (2006) (Digital-Empire).cbr,\\Library\Public\5 - Comics\Misc\Asterix (1961)\Miscellany,,,,
S1468,Atomic Love,2019-2019,1,refused,R-083,F provider-missing,"is there a NUMBERED run behind these books at all, and if so what are its issue count and start year? (our years 2019-2019) — the run wins over a collected-edition record when one exists",,,,"neither leg holds Jiro Ishikawa's ""Atomic Love"" — probed the title and the creator's name",search comics.org and comicvine by the shelf name,Atomic Love (Jiro Ishikawa) (2019) (tunafan).cbr,\\Library\Public\5 - Comics\Manga\Atomic Love (Jiro Ishikawa) (2019),,,,
S1523,Avengers - Everyday Heroes,2022-2022,1,refused,R-084,F provider-missing,"does the candidate's issue list REACH the numbers we hold, and does its start year match? (we hold 1 numbered issue file(s); our years 2022-2022) — a record with fewer issues than we own is not this run",,123359,,"promotional/PSA one-shot absent from both catalogs (probed ""Everyday Heroes"" on all five name columns)",https://www.comics.org/series/123359/,Avengers - Everyday Heroes 01 (2022) (Digital) (MidnightRider).cbz,\\Library\Public\5 - Comics\Marvel\_Avengers\_One Shots and Minis,,,,
S1708,Ayako,,1,parked 0.7,R-084,"parked at 0.7 — one leg, something unexplained; F provider-missing","is there a NUMBERED run behind these books at all, and if so what are its issue count and start year? (our years 1972-1972) — the run wins over a collected-edition record when one exists",104146,,,"GCD holds no two-volume Japanese Ayako (only Vertical's English, Delcourt, Uitgeverij L, Veneta and Micro Magazine's 3-volume 197666)",https://comicvine.gamespot.com/volume/4050-104146/,01 Ayako [kickthekitty].cbz,\\Library\Public\5 - Comics\Manga\_Osamu Tezuka,,,,
S1804,Baldwin’s Big Adventure,2022-2022,1,refused,R-075,F provider-missing,"is there a NUMBERED run behind these books at all, and if so what are its issue count and start year? (our years 2023-2023) — the run wins over a collected-edition record when one exists",,,,"Curiosity's 2022 ""Baldwin's Big Adventure"" is in neither catalog",search comics.org and comicvine by the shelf name,Baldwin’s Big Adventure (2022) (Curiosity) (digital) (Salem-Empire).cbr,\\Library\Public\5 - Comics\Graphic Novels,,,,
S1852,Barking,2024-2024,1,refused,R-078,F provider-missing,"is there a NUMBERED run behind these books at all, and if so what are its issue count and start year? (1 collected edition(s); our years 2024-2024) — the run wins over a collected-edition record when one exists",,212845,,"no ComicVine volume and no GCD series for Avery Hill's ""Barking""",https://www.comics.org/series/212845/,Barking (Lucy Sullivan) (2024) (Avery Hill) (Digital-HD) (LeDuch).cbz,\\Library\Public\5 - Comics\Graphic Novels\_Avery Hill,,,,
S1872,Batgirl - New Hero of the Night,2017-2017,1,refused,R-072,F provider-missing,"is there a NUMBERED run behind these books at all, and if so what are its issue count and start year? (our years 2017-2017) — the run wins over a collected-edition record when one exists",,,,"re-probed ""Backstories"" and the subtitle: the DC Backstories line is on neither leg",search comics.org and comicvine by the shelf name,Batgirl - New Hero of the Night (Backstories) (2017) (Digital Rip) (Hourman-DCP).cbr,\\Library\Public\5 - Comics\DC\_Backstories,,,,
S1897,Batman - An Origin Story,2015-2015,1,refused,R-072,F provider-missing,"is there a NUMBERED run behind these books at all, and if so what are its issue count and start year? (our years 2015-2015) — the run wins over a collected-edition record when one exists",,,,"re-probed ""An Origin Story"" --contains on both legs: no Batman edition",search comics.org and comicvine by the shelf name,Batman - An Origin Story (2015) (digital) (Salem-Empire).cbr,"\\Library\Public\5 - Comics\DC\_Batman\_Trades, and Graphic Novels",,,,
S1951,Batman - Gotham City's Guardian,2016-2016,1,refused,R-072,F provider-missing,"is there a NUMBERED run behind these books at all, and if so what are its issue count and start year? (our years 2016-2016) — the run wins over a collected-edition record when one exists",,,,"re-probed ""Backstories"" and the subtitle: the line is on neither leg",search comics.org and comicvine by the shelf name,Batman - Gotham City's Guardian (Backstories) (2016) (Digital Rip) (Hourman-DCP).cbr,\\Library\Public\5 - Comics\DC\_Backstories,,,,
S2094,Batman Dailies and Sundays,,1,refused,R-072,F provider-missing,"is there a NUMBERED run behind these books at all, and if so what are its issue count and start year? (1 file(s)) — the run wins over a collected-edition record when one exists",,,,"re-probed ""Batman Dailies"" and ""Dailies"" on both legs: the 1989-1991 strip has no collected record",search comics.org and comicvine by the shelf name,Batman Dailies and Sundays (1989-1991) (Hefner-Walkabout-DCP).cbz,\\Library\Public\5 - Comics\DC\_Batman\_Completed Series\Batman Dailies and Sundays,,,,
S2120,Batman Returns - One Dark Christmas Eve - The Illustrated Holiday Classic,2022-2022,1,refused,R-073,F provider-missing,"is there a NUMBERED run behind these books at all, and if so what are its issue count and start year? (our years 2022-2022) — the run wins over a collected-edition record when one exists",,,,"probed ""One Dark Christmas Eve"", ""Illustrated Holiday"", ""Batman Returns"" with --contains on both legs: no row for the 2022 illustrated holiday book",search comics.org and comicvine by the shelf name,Batman Returns - One Dark Christmas Eve - The Illustrated Holiday Classic (2022) (digital) (Son of Ultron-Empire).cbr,"\\Library\Public\5 - Comics\DC\_Batman\_Trades, and Graphic Novels",,,,
S2303,Batter Royale,2022-2022,1,refused,R-078,F provider-missing,"is there a NUMBERED run behind these books at all, and if so what are its issue count and start year? (our years 2022-2022) — the run wins over a collected-edition record when one exists",,,,a 2022 Amulet book neither catalog indexes,search comics.org and comicvine by the shelf name,Batter Royale (2022) (Digital) (XRA-Empire).cbz,"\\Library\Public\5 - Comics\Graphic Novels\_Abrams ComicArts (& Amulet, Megascope, Surely)",,,,
S2402,Before 13th,2024-2024,1,refused,R-078,F provider-missing,"is there a NUMBERED run behind these books at all, and if so what are its issue count and start year? (our years 2024-2024) — the run wins over a collected-edition record when one exists",,,,a 2024 Harper/Amistad book neither catalog indexes,search comics.org and comicvine by the shelf name,Before 13th (2024) (Harper-Amistad) (Digital) (XRA-Empire).cbz,\\Library\Public\5 - Comics\Graphic Novels\_Harper (All Imprints),,,,
S2430,Beneath,2024-2024,1,refused,R-072,F provider-missing,"is there a NUMBERED run behind these books at all, and if so what are its issue count and start year? (our years 2024-2024) — the run wins over a collected-edition record when one exists",,,,"re-probed ""Beneath"" --contains on both legs, no ComiXology or Dark Horse print record",search comics.org and comicvine by the shelf name,"Beneath (2024) (digital, SC) (Son of Ultron-Empire).cbr",\\Library\Public\5 - Comics\ComiXology Originals\Beneath (2024),,,,
S2522,Bible John,,1,refused,R-075,F provider-missing,"is there a NUMBERED run behind these books at all, and if so what are its issue count and start year? (1 file(s)) — the run wins over a collected-edition record when one exists",,,,"no record of ""Bible John"" in either catalog",search comics.org and comicvine by the shelf name,Bible John.cbr,\\Library\Public\5 - Comics\Graphic Novels,,,,
S2845,Blackout - Strange Terrain,2013-2013,1,refused,R-073,F provider-missing,"is there a NUMBERED run behind these books at all, and if so what are its issue count and start year? (our years 2013-2013) — the run wins over a collected-edition record when one exists",,,,"probed ""Strange Terrain"" and ""Blackout"" --contains on both legs",search comics.org and comicvine by the shelf name,Blackout - Strange Terrain (2013) (from DHP 24-26) (digital) (Son of Ultron-Empire).cbr,\\Library\Public\5 - Comics\Dark Horse\Blackout (2013),,,,
S2910,Blane Throttle,2016-2016,1,refused,R-075,F provider-missing,"is there a NUMBERED run behind these books at all, and if so what are its issue count and start year? (our years 2016-2016) — the run wins over a collected-edition record when one exists",,,,"""Blane Throttle"" (2016) is in neither catalog",search comics.org and comicvine by the shelf name,Blane Throttle (2016) (Digital) (DrDoom-Empire).cbz,\\Library\Public\5 - Comics\Graphic Novels,,,,
S104071,Bliss (2013),2013-2013,1,refused,R-123,F provider-missing,"is there a NUMBERED run behind these books at all, and if so what are its issue count and start year? (our years 2013-2013) — the run wins over a collected-edition record when one exists",,,,"no ComicVine or GCD record for a 2013 webcomic ""Bliss"" (313pp webrip); per-file CV 20840 ""Bliss Alley"" is a stamp, not a link",search comics.org and comicvine by the shelf name,Bliss (2013) (DCP Webrips).cbr,\\Library\Public\5 - Comics\Webcomics and Strips\Bliss (2013),,,,
S2925,Block'd,2024-2024,1,refused,R-088,F provider-missing,"is there a NUMBERED run behind these books at all, and if so what are its issue count and start year? (1 collected edition(s); our years 2024-2024) — the run wins over a collected-edition record when one exists",,53172,,"probed ""Block'd"", ""Blockd"" (--contains) on both legs; a 2024 Oni graphic novel",https://www.comics.org/series/53172/,Block'd (2024) (Graphic Novel) (Oni Press) (Digital-HD) (LeDuch).cbz,\\Library\Public\5 - Comics\Oni Press,,,,
S2983,Bloodshot World,2024-2024,1,refused,R-084,F provider-missing,"is there a NUMBERED run behind these books at all, and if so what are its issue count and start year? (1 collected edition(s); our years 2024-2024) — the run wins over a collected-edition record when one exists",,,,"Markosia is a GCD hole and the 2024 book is not in the ComicVine rip (probed ""Bloodshot World"", ""Markosia"")",search comics.org and comicvine by the shelf name,Bloodshot World (2024) (Graphic Novel) (Markosia) (Digital-HD) (LeDuch).cbz,\\Library\Public\5 - Comics\Markosia,,,,
S3002,Blossoms and Bones - Drawing a Life Back Together,2020-2020,1,refused,R-078,F provider-missing,"is there a NUMBERED run behind these books at all, and if so what are its issue count and start year? (our years 2020-2020) — the run wins over a collected-edition record when one exists",,,,a 2020 Harper book neither catalog indexes,search comics.org and comicvine by the shelf name,Blossoms and Bones - Drawing a Life Back Together (2020) (digital+) (fylgja).cbz,\\Library\Public\5 - Comics\Graphic Novels\_Harper (All Imprints),,,,
S3131,Boxed (Comixology Originals),2023-2023,1,refused,R-072,F provider-missing,"is there a NUMBERED run behind these books at all, and if so what are its issue count and start year? (our years 2024-2024) — the run wins over a collected-edition record when one exists",,,,"re-probed ""Boxed"" --contains on both legs: nothing",search comics.org and comicvine by the shelf name,Boxed (2023) (digital) (Son of Ultron-Empire).cbr,\\Library\Public\5 - Comics\ComiXology Originals\Boxed (2023),,,,
S3202,Brothers Flick: Impossible Doors,2022-2022,1,refused,R-081,F provider-missing,"is there a NUMBERED run behind these books at all, and if so what are its issue count and start year? (our years 2022-2022) — the run wins over a collected-edition record when one exists",,,,Wonderbound's list is in neither catalog for this title,search comics.org and comicvine by the shelf name,The Brothers Flick - The Impossible Doors (2022) (digital) (Son of Ultron-Empire).cbr,\\Library\Public\5 - Comics\Graphic Novels\_Wonderbound,,,,
S3217,Budding Crisis,2024-2024,1,refused,R-072,F provider-missing,"does the candidate's issue list REACH the numbers we hold, and does its start year match? (we hold 1 numbered issue file(s); our years 2024-2024) — a record with fewer issues than we own is not this run",,,,"re-probed ""Budding"" --contains on both legs: no Budding Crisis",search comics.org and comicvine by the shelf name,Budding Crisis 001 (2024) (digital) (Son of Ultron-Empire).cbr,\\Library\Public\5 - Comics\ComiXology Originals\Budding Crisis (2024),,,,
S3243,Bug Boy,,1,parked 0.7,R-083,"parked at 0.7 — one leg, something unexplained; F provider-missing","is there a NUMBERED run behind these books at all, and if so what are its issue count and start year? (our years 1982-1982) — the run wins over a collected-edition record when one exists",168967,,,"neither leg holds the English ""Bug Boy"" edition our ISBN names, nor the Japanese original under that title",https://comicvine.gamespot.com/volume/4050-168967/,Bug Boy.cbz,\\Library\Public\5 - Comics\Manga\Bug Boy (1982),,,,
S3347,Call Me Iggy,2024-2024,1,refused,R-075,F provider-missing,"is there a NUMBERED run behind these books at all, and if so what are its issue count and start year? (our years 2024-2024) — the run wins over a collected-edition record when one exists",,,,"First Second's 2024 ""Call Me Iggy"" (250pp) is in neither catalog under any probed spelling",search comics.org and comicvine by the shelf name,Call Me Iggy (2024) (First Second) (Digital) (XRA-Empire).cbz,\\Library\Public\5 - Comics\FirstSecond,,,,
S3366,Camp Launchpad,2024-2024,1,refused,R-081,F provider-missing,"is there a NUMBERED run behind these books at all, and if so what are its issue count and start year? (our years 2024-2024) — the run wins over a collected-edition record when one exists",,,,"a 2024 Little, Brown Ink book in neither catalog",search comics.org and comicvine by the shelf name,"Absolute Zeros - Camp Launchpad (2024) (Little, Brown Ink) (Digital Rip) (Hourman-DCP).cbr","\\Library\Public\5 - Comics\Graphic Novels\_Little, Brown",,,,
S3375,Candles Page,2021-2021,1,refused,R-078,F provider-missing,"is there a NUMBERED run behind these books at all, and if so what are its issue count and start year? (our years 2021-2021) — the run wins over a collected-edition record when one exists",,,,a 2021 Cast Iron Books Kickstarter edition neither catalog holds,search comics.org and comicvine by the shelf name,Candles (Kickstarter Edition) (2021) (Cast Iron) (digital) (JeffAlbertson-DCP)_Page_001.cbz,\\Library\Public\5 - Comics\Graphic Novels\_Cast Iron Books,,,,
S3628,Carole - What We Leave Behind,2023-2023,1,refused,R-075,F provider-missing,"is there a NUMBERED run behind these books at all, and if so what are its issue count and start year? (our years 2023-2023) — the run wins over a collected-edition record when one exists",,,,this 2023 Europe Comics album is in neither catalog under its English title or the probed French one,search comics.org and comicvine by the shelf name,Carole - What We Leave Behind (2023) (digital) (Mr Norrell-Empire).cbr,\\Library\Public\5 - Comics\Europe Comics\Carole - What We Leave Behind (2023),,,,
S3643,Cary Nord - Digital Artbook,2023-2023,1,refused,R-090,F provider-missing,"is there a NUMBERED run behind these books at all, and if so what are its issue count and start year? (our years 2023-2023) — the run wins over a collected-edition record when one exists",,,,a 2023 Kickstarter artbook in neither catalog,search comics.org and comicvine by the shelf name,Cary Nord - Digital Artbook (2023) (digital-Empire).cbr,"\\Library\Public\5 - Comics\Substack, Kickstarters, etc Comics\FOL'KLOR (Cary Nord) (2023)",,,,
S3789,Chasse Galerie - The Legend of the Flying Canoe,2019-2019,1,refused,R-075,F provider-missing,"is there a NUMBERED run behind these books at all, and if so what are its issue count and start year? (our years 2019-2019) — the run wins over a collected-edition record when one exists",,,,this 13pp 2019 book is in neither catalog,search comics.org and comicvine by the shelf name,Chasse Galerie - The Legend of the Flying Canoe (2019) (Digital) (DrDoom-Empire).cbz,\\Library\Public\5 - Comics\Graphic Novels,,,,
S4017,Codex Seraphinius,,1,refused,R-086,F provider-missing,"is there a NUMBERED run behind these books at all, and if so what are its issue count and start year? (1 file(s)) — the run wins over a collected-edition record when one exists",,,,"a non-comic art book in neither leg (probed ""Seraphin"", ""Codex Seraphin"")",search comics.org and comicvine by the shelf name,Codex Seraphinius.cbz,\\Library\Public\5 - Comics\Misc\Codex Seraphinianus,,,,
S4037,Collected Animated Cerebus,,1,refused,R-086,F provider-missing,"is there a NUMBERED run behind these books at all, and if so what are its issue count and start year? (our years 1977-1977) — the run wins over a collected-edition record when one exists",,,,"no series or issue row for the Collected Animated Cerebus (probed series, issue and story titles)",search comics.org and comicvine by the shelf name,Collected Animated Cerebus.cbz,\\Library\Public\5 - Comics\Misc\Cerebus (1977)\One-shots & Misc,,,,
S4051,Come Find Me - The Loom,2016-2016,1,refused,R-075,F provider-missing,"does the candidate's issue list REACH the numbers we hold, and does its start year match? (we hold 1 numbered issue file(s); our years 2016-2016) — a record with fewer issues than we own is not this run",,,,this 17pp 2016 book is in neither catalog,search comics.org and comicvine by the shelf name,Come Find Me - The Loom 2003 (2016) (digital) (d'argh-Empire).cbr,\\Library\Public\5 - Comics\Graphic Novels,,,,
S4057,Comic Arf,2008-2008,1,refused,R-075,F provider-missing,"is there a NUMBERED run behind these books at all, and if so what are its issue count and start year? (our years 2008-2008) — the run wins over a collected-edition record when one exists",,,,"Fantagraphics' 2008 ""Comic Arf"" is in neither catalog",search comics.org and comicvine by the shelf name,Comic Arf (2008) (c2c) (fylgja).cbz,\\Library\Public\5 - Comics\Graphic Novels,,,,
S4148,Confetti,2015-2015,1,refused,R-075,F provider-missing,"is there a NUMBERED run behind these books at all, and if so what are its issue count and start year? (our years 2015-2015) — the run wins over a collected-edition record when one exists",,,,"this 184pp 2015 ""Confetti"" is in neither catalog",search comics.org and comicvine by the shelf name,Confetti (2015) (digital) (Minutemen-dask).cbr,\\Library\Public\5 - Comics\Graphic Novels,,,,
S4156,Conspiracy Comics,2024-2024,1,refused,R-088,F provider-missing,"does the candidate's issue list REACH the numbers we hold, and does its start year match? (we hold 1 numbered issue file(s); our years 1991-1991) — a record with fewer issues than we own is not this run",,,,"probed ""Conspiracy Comics"", ""Jim Rugg"" (--contains) on both legs",search comics.org and comicvine by the shelf name,Conspiracy Comics 001 (2024) (digital) (DrVink-HD-DCP).cbz,\\Library\Public\5 - Comics\Misc\_Jim Rugg\Conspiracy Comics (2024),,,,
S4159,"Constantin de Chamberly - Barbarian, Aesthete and Philanthropist",2023-2023,1,refused,R-075,F provider-missing,"is there a NUMBERED run behind these books at all, and if so what are its issue count and start year? (our years 2023-2023) — the run wins over a collected-edition record when one exists",,,,this 2023 scanlated French album is in neither catalog,search comics.org and comicvine by the shelf name,"Constantin de Chamberly - Barbarian, Aesthete and Philanthropist (2023) (Scanlation) (phillywilly).cbr",\\Library\Public\5 - Comics\Graphic Novels,,,,
S4285,Courage to Dream,2023-2023,1,refused,R-081,F provider-missing,"is there a NUMBERED run behind these books at all, and if so what are its issue count and start year? (our years 2023-2023) — the run wins over a collected-edition record when one exists",,,,a 2023 Graphix book in neither catalog,search comics.org and comicvine by the shelf name,Courage to Dream - Tales of Hope in the Holocaust (2023) (digital) (Mr Norrell-Empire).cbr,\\Library\Public\5 - Comics\Graphic Novels\_Schoolastic & Graphix\Courage to Dream - Tales of Hope in the Holocaust (2023),,,,
S4304,Crazy Latte Thing Called Love,2024-2024,1,refused,R-086,F provider-missing,"does the candidate's issue list REACH the numbers we hold, and does its start year match? (we hold 1 numbered issue file(s); our years 2024-2024) — a record with fewer issues than we own is not this run",,,,"a 2024 Pesto Comics one-shot in neither leg (probed ""Crazy Latte"")",search comics.org and comicvine by the shelf name,Crazy Latte Thing Called Love (2024) (One Shot) (Pesto Comics) (Digital-HD) (LeDuch).cbz,\\Library\Public\5 - Comics\Misc\Crazy Latte Thing Called Love (2024) (One Shot) (Pesto Comics),,,,
S4329,Crescent Loop,2018-2018,1,refused,R-075,F provider-missing,"is there a NUMBERED run behind these books at all, and if so what are its issue count and start year? (our years 2018-2018) — the run wins over a collected-edition record when one exists",,,,"Decadence Comics' 2018 ""Crescent Loop"" is in neither catalog",search comics.org and comicvine by the shelf name,Crescent Loop (2018) (Decadence Comics) (Lando) (c2c) (phillywilly-Empire).cbr,\\Library\Public\5 - Comics\Graphic Novels,,,,
S4715,Daddy and the Beanstalk,2023-2023,1,refused,R-081,F provider-missing,"is there a NUMBERED run behind these books at all, and if so what are its issue count and start year? (our years 2023-2023) — the run wins over a collected-edition record when one exists",,,,"a 2023 Little, Brown Ink book in neither catalog",search comics.org and comicvine by the shelf name,Daddy and the Beanstalk (2023) (digital) (DrVink-DCP).cbz,"\\Library\Public\5 - Comics\Graphic Novels\_Little, Brown",,,,
S4968,Darkly She Goes,2023-2023,1,refused,R-081,F provider-missing,"is there a NUMBERED run behind these books at all, and if so what are its issue count and start year? (our years 2023-2023) — the run wins over a collected-edition record when one exists",,,,"NBM's 2023 translation is in neither catalog under this title, and no French original surfaced",search comics.org and comicvine by the shelf name,Darkly She Goes (2023) (NBM) (Digital) (XRA-Empire).cbz,\\Library\Public\5 - Comics\Graphic Novels\_NBM,,,,
S5215,Death Transit Tanager,2021-2021,1,refused,R-090,F provider-missing,"does the candidate's issue list REACH the numbers we hold, and does its start year match? (we hold 1 numbered issue file(s); our years 2021-2021) — a record with fewer issues than we own is not this run",,,,a 2021 self-published web release (karlkerschl.com) absent from both legs,search comics.org and comicvine by the shelf name,Death Transit Tanager 001 (2021) (karlkerschl.com) (digital) (JeffAlbertson-DCP).cbz,"\\Library\Public\5 - Comics\Substack, Kickstarters, etc Comics\Death Transit Tanager (2021) (karlkerschl.com)",,,,
S5286,Decodependence,2023-2023,1,refused,R-075,F provider-missing,"is there a NUMBERED run behind these books at all, and if so what are its issue count and start year? (our years 2023-2023) — the run wins over a collected-edition record when one exists",,,,this 165pp 2023 book is in neither catalog,search comics.org and comicvine by the shelf name,Decodependence (2023) (digital) (DrVink-DCP).cbz,\\Library\Public\5 - Comics\Graphic Novels,,,,
S5371,Demon of Rashomon,1987-1987,1,refused,R-084,F provider-missing,"is there a NUMBERED run behind these books at all, and if so what are its issue count and start year? (our years 1987-1987) — the run wins over a collected-edition record when one exists",,,,"untranslated Hino volume, absent from both catalogs (probed ""Demon of Rashomon"", ""Rashomon"")",search comics.org and comicvine by the shelf name,Demon of Rashomon (1987) (Hideshi Hino) (Caterpillar).cbr,\\Library\Public\5 - Comics\Manga\_Hideshi Hino,,,,
S5441,Devour,2024-2024,1,refused,R-078,F needs-web; F provider-missing,"is there a NUMBERED run behind these books at all, and if so what are its issue count and start year? (our years 2023-2024) — the run wins over a collected-edition record when one exists",162792,,162792,"neither catalog holds an English 2024 ""Devour"" of about 209 pages",https://comicvine.gamespot.com/volume/4050-162792/,Devour (2024) (digital) (Mr Norrell-Empire).cbr,"\\Library\Public\5 - Comics\Graphic Novels\_Abrams ComicArts (& Amulet, Megascope, Surely)",,,,
S66448,Digger Unearthed The Complete Tenth Anniversary Collection,2022-2022,1,refused,R-086,F provider-missing,"is there a NUMBERED run behind these books at all, and if so what are its issue count and start year? (our years 2022-2022) — the run wins over a collected-edition record when one exists",,,,"GCD 226984 is a zero-issue stub and no 2022 edition exists in either leg (probed ""Digger"", ""Digger Unearthed"")",search comics.org and comicvine by the shelf name,Digger Unearthed The Complete Tenth Anniversary Collection (2022) (digital-sd) (Janky).cbz,\\Library\Public\5 - Comics\Misc\Digger Unearthed (),,,,
S5500,Disney Frozen - A Day With Anna,2022-2022,1,refused,R-073,F provider-missing,"is there a NUMBERED run behind these books at all, and if so what are its issue count and start year? (our years 2022-2022) — the run wins over a collected-edition record when one exists",,,,"probed ""A Day With"", ""Day With Anna"" on CV and GCD",search comics.org and comicvine by the shelf name,Disney Frozen - A Day With Anna (2022) (GreenGiant-DCP).cbr,\\Library\Public\5 - Comics\Disney\_Movies+Shows\Frozen,,,,
S45931,Disney Frozen - A Day With Elsa,2023-2023,1,refused,R-073,F provider-missing,"is there a NUMBERED run behind these books at all, and if so what are its issue count and start year? (our years 2023-2023) — the run wins over a collected-edition record when one exists",,,,"probed ""A Day With"", ""Day With Elsa"" on CV and GCD",search comics.org and comicvine by the shelf name,Disney Frozen - A Day With Elsa (2023) (GreenGiant-DCP).cbr,\\Library\Public\5 - Comics\Disney\_Movies+Shows\Frozen,,,,
S45933,Disney Frozen II - My Nature Journal,2023-2023,1,refused,R-073,F provider-missing,"is there a NUMBERED run behind these books at all, and if so what are its issue count and start year? (our years 2023-2023) — the run wins over a collected-edition record when one exists",,,,"probed ""Nature Journal"", ""Frozen II"" on CV and GCD",search comics.org and comicvine by the shelf name,Disney Frozen II - My Nature Journal (2023) (GreenGiant-DCP).cbr,\\Library\Public\5 - Comics\Disney\_Movies+Shows\Frozen,,,,
S5722,Don't Go Without Me,2020-2020,1,refused,R-081,F provider-missing,"is there a NUMBERED run behind these books at all, and if so what are its issue count and start year? (our years 2020-2020) — the run wins over a collected-edition record when one exists",,,,a 2020 ShortBox book in neither catalog,search comics.org and comicvine by the shelf name,Don't Go Without Me (2020) (Shortbox) (digital) (F) (Jeff Albertson-DCP).cbz,\\Library\Public\5 - Comics\Graphic Novels\_Short Box,,,,
S5782,Dracula - A Storybook Portfolio,2024-2024,1,refused,R-083,F provider-missing,"is there a NUMBERED run behind these books at all, and if so what are its issue count and start year? (our years 2024-2024) — the run wins over a collected-edition record when one exists",,,,"neither leg holds Image's 2024 J. H. Williams III Dracula portfolio — probed ""Storybook Portfolio"", ""Dracula"" 2023-2025 and ""J.H. Williams""",search comics.org and comicvine by the shelf name,Dracula - A Storybook Portfolio (JH Williams III) (2024) (Digital) (DR & Quinch-Empire).cbr,\\Library\Public\5 - Comics\Image\Dracula - A Storybook Portfolio (JH Williams III) (2024),,,,
S103111,Dragon Age: Hard in Hightown (2018),2018-2018,1,refused,R-073,F provider-missing,"is there a NUMBERED run behind these books at all, and if so what are its issue count and start year? (our years 2018-2018) — the run wins over a collected-edition record when one exists",,,,"probed ""Hightown"", ""Dragon Age: Hard in Hightown"" --contains on CV and GCD",search comics.org and comicvine by the shelf name,Dragon Age - Hard in Hightown (2018) (digital) (The Magicians II-Empire).cbr,\\Library\Public\5 - Comics\Dark Horse\Dragon Age,,,,
S5881,Dry Cleaning,2022-2022,1,refused,R-075,F provider-missing,"is there a NUMBERED run behind these books at all, and if so what are its issue count and start year? (our years 2022-2022) — the run wins over a collected-edition record when one exists",,,,this 144pp 2022 scanlated album is in neither catalog,search comics.org and comicvine by the shelf name,Dry Cleaning (2022) (Scanlation) (phillywilly).cbr,\\Library\Public\5 - Comics\Graphic Novels,,,,
S5916,Dungeons & Dragons Sampler,2023-2023,1,refused,R-083,F provider-missing,"is there a NUMBERED run behind these books at all, and if so what are its issue count and start year? (our years 2023-2023) — the run wins over a collected-edition record when one exists",,,,"neither leg holds IDW's 2023 D&D sampler — probed ""Dungeons & Dragons"", ""Dungeons and Dragons"" (--contains, 2023) and ""Sampler"" (--contains, 2023)",search comics.org and comicvine by the shelf name,Dungeons & Dragons - Sampler (2023) (Digital-Empire).cbr,\\Library\Public\5 - Comics\IDW\Dungeons & Dragons\_Completed Series,,,,
S5990,Eat Your Heart Out,2024-2024,1,refused,R-088,F provider-missing,"is there a NUMBERED run behind these books at all, and if so what are its issue count and start year? (1 collected edition(s); our years 2024-2024) — the run wins over a collected-edition record when one exists",,,,"probed ""Eat Your Heart Out"" --contains on both legs",search comics.org and comicvine by the shelf name,Eat Your Heart Out v01 (2024) (digital) (Son of Ultron-Empire).cbr,\\Library\Public\5 - Comics\Oni Press\Eat Your Heart Out (2024),,,,
S102615,Eden (2021),2021-2021,1,refused,R-072,F provider-missing,"is there a NUMBERED run behind these books at all, and if so what are its issue count and start year? (our years 2021-2021) — the run wins over a collected-edition record when one exists",,,,no CV record for the 2021 ComiXology Eden; GCD 187984 (Dark Horse 2022) is the only possible print reprint and is unverified,search comics.org and comicvine by the shelf name,Eden (2021) (Digital-Empire).cbr,\\Library\Public\5 - Comics\ComiXology Originals\Eden (2021),,,,
S6188,Enki Bilal - Memories,,1,parked 0.7,R-088,"parked at 0.7 — one leg, something unexplained; F needs-web; F needs-fetch","is there a NUMBERED run behind these books at all, and if so what are its issue count and start year? (1 file(s)) — the run wins over a collected-edition record when one exists",52587,57954,,cv=52587 | CV 52587 is named from the local rip and has no CvVolume row,https://comicvine.gamespot.com/volume/4050-52587/ | https://www.comics.org/series/57954/,Enki Bilal - Memories.cbr,\\Library\Public\5 - Comics\Misc\Enki Bilal\Memories,,,,
S6208,Erdoğan - A Graphic Biography: The Rise of Turkey's Modern Autocrat,,1,refused,R-078,F provider-missing,"is there a NUMBERED run behind these books at all, and if so what are its issue count and start year? (1 file(s)) — the run wins over a collected-edition record when one exists",,,,a 2023 Arsenal Pulp Press translation neither catalog indexes,search comics.org and comicvine by the shelf name,Erdogan - A Graphic Biography (Arsenal 2023) (webrip) (MagicMan-DCP).cbr,\\Library\Public\5 - Comics\Graphic Novels\_Arsenal Pulp Press,,,,
S102617,Evil Spy School the Graphic Novel (2024),2024-2024,1,refused,R-081,F provider-missing,"is there a NUMBERED run behind these books at all, and if so what are its issue count and start year? (1 collected edition(s); our years 2024-2024) — the run wins over a collected-edition record when one exists",,,,neither leg holds the 2024 Evil Spy School: The Graphic Novel,search comics.org and comicvine by the shelf name,Spy School - The Graphic Novel v03 - Evil Spy School (2024) (Digital) (XRA-Empire).cbz,\\Library\Public\5 - Comics\Graphic Novels\_Simon & Schuster\Spy School - The Graphic Novel (2022),,,,
S6323,Exon Depot,1992-1992,1,refused,R-067,F provider-missing,"is there a NUMBERED run behind these books at all, and if so what are its issue count and start year? (our years 1992-1992) — the run wins over a collected-edition record when one exists",,,,"neither catalog holds ""Exon Depot""",search comics.org and comicvine by the shelf name,Exon Depot (1992) (Hoyeru).cbr,\\Library\Public\5 - Comics\Manga\Exon Depot (1992),,,,
S6440,Falling,,1,refused,R-084,F provider-missing,"is there a NUMBERED run behind these books at all, and if so what are its issue count and start year? (1 file(s)) — the run wins over a collected-edition record when one exists",,,,"a 32pp untranslated Ito short with no record in either catalog (probed ""Falling"" exact and as a story title)",search comics.org and comicvine by the shelf name,Falling.cbz,\\Library\Public\5 - Comics\Manga\_Junji Ito\Falling,,,,
S6450,Fangoria Legends Presents,,1,refused,R-075,F provider-missing,"is there a NUMBERED run behind these books at all, and if so what are its issue count and start year? (1 file(s)) — the run wins over a collected-edition record when one exists",,,,the Fangoria Legends Presents specials are in neither catalog,search comics.org and comicvine by the shelf name,Fangoria Legends Presents 002 John Carpenter.cbr,\\Library\Public\5 - Comics\Fangoria,,,,
S6549,Fashion Forecasts,2018-2018,1,refused,R-075,F provider-missing,"is there a NUMBERED run behind these books at all, and if so what are its issue count and start year? (our years 2018-2018) — the run wins over a collected-edition record when one exists",,,,this 75pp 2018 book is in neither catalog,search comics.org and comicvine by the shelf name,Fashion Forecasts (2018) (digital-Empire).cbz,\\Library\Public\5 - Comics\Graphic Novels,,,,
S6693,Finding the Light,2023-2023,1,refused,R-078,F provider-missing,"is there a NUMBERED run behind these books at all, and if so what are its issue count and start year? (our years 2023-2023) — the run wins over a collected-edition record when one exists",,,,a 2023 Andrews McMeel book neither catalog indexes,search comics.org and comicvine by the shelf name,Finding the Light (2023) (digital) (DrVink-DCP).cbz,\\Library\Public\5 - Comics\Graphic Novels\_Andrews McMeel,,,,
S6695,Finger Cakes Volume 1: A Comics Anthology,2023-2023,1,refused,R-081,F provider-missing,"is there a NUMBERED run behind these books at all, and if so what are its issue count and start year? (1 collected edition(s); our years 2023-2023) — the run wins over a collected-edition record when one exists",,,,a 2023 Prone Books anthology in neither catalog,search comics.org and comicvine by the shelf name,Finger Cakes Vol. 01 - A Comics Anthology (2023) (Prone Books) (digital) (DrVink-DCP).cbz,\\Library\Public\5 - Comics\Graphic Novels\__Indie Anthologies,,,,
S6699,Fire Candy,,1,refused,R-072,F needs-web,"is there a NUMBERED run behind these books at all, and if so what are its issue count and start year? (1 collected edition(s); our years 1977-1977) — the run wins over a collected-edition record when one exists",,11289,,"what is ""Fire Candy Vol 1"" — a 2000 AD strip collection, or a manga misfiled into the prog folder? Neither leg names it under any spelling",https://www.comics.org/series/11289/,Fire Candy Vol 1.cbz,\\Library\Public\5 - Comics\2000AD\2000AD (1977)\2000AD (Unsorted)\2000 AD 0000-0249,,,,
S6746,First Test,2024-2024,1,refused,R-081,F provider-missing,"is there a NUMBERED run behind these books at all, and if so what are its issue count and start year? (our years 2024-2024) — the run wins over a collected-edition record when one exists",,,,a 2024 Random House Graphic book in neither catalog,search comics.org and comicvine by the shelf name,First Test (2024) (Digital Rip) (Hourman-DCP).cbr,\\Library\Public\5 - Comics\Graphic Novels\_RH Graphic (All Random House Imprints),,,,
S6757,Fists Raised,,1,refused,R-081,F provider-missing,"is there a NUMBERED run behind these books at all, and if so what are its issue count and start year? (1 file(s)) — the run wins over a collected-edition record when one exists",,,,a 2022 NBM translation in neither catalog under any title probed,search comics.org and comicvine by the shelf name,Fists Raised - 10 Stories of Sports Star Activists (NBM 2022) (webrip) (MagicMan-DCP).cbr,\\Library\Public\5 - Comics\Graphic Novels\_NBM,,,,
S6776,Flash Gordon Adventures!,2024-2024,1,refused,R-088,F provider-missing,"is there a NUMBERED run behind these books at all, and if so what are its issue count and start year? (1 collected edition(s); our years 2024-2024) — the run wins over a collected-edition record when one exists",,,,"probed ""Flash Gordon Adventures"" --contains on both legs",search comics.org and comicvine by the shelf name,Flash Gordon Adventures! v01 (2024) (digital) (Li'l Ultron-Empire).cbr,\\Library\Public\5 - Comics\Papercutz\Flash Gordon Adventures! (2024),,,,
S6839,Flower,,1,refused,R-084,F provider-missing,"is there a NUMBERED run behind these books at all, and if so what are its issue count and start year? (our years 2002-2002) — the run wins over a collected-edition record when one exists",,,,"Matsumoto's Hana/Flower has no row on either leg (probed ""Flower"", ""Hana"", GCD notes naming Matsumoto)",search comics.org and comicvine by the shelf name,Flower (GWR+Hox).cbr,\\Library\Public\5 - Comics\Manga\_Taiyo Matsumoto\Hana (aka Flower) (2002),,,,
S6840,Flower of a New World,2020-2020,1,refused,R-077,F provider-missing,"is there a NUMBERED run behind these books at all, and if so what are its issue count and start year? (our years 2020-2020) — the run wins over a collected-edition record when one exists",,,,"neither catalog indexes ""Flower of a New World"" (2020)",search comics.org and comicvine by the shelf name,Flower of a New World (2020) (digital) (Mr Norrell-Empire).cbr,\\Library\Public\5 - Comics\Graphic Novels,,,,
S6369,FOL'KLOR,2023-2023,1,refused,R-090,F provider-missing,"does the candidate's issue list REACH the numbers we hold, and does its start year match? (we hold 1 numbered issue file(s); our years 2023-2023) — a record with fewer issues than we own is not this run",,,,a 2023 Kickstarter first issue in neither catalog,search comics.org and comicvine by the shelf name,FOL'KLOR 001 (2023) (digital-Empire).cbr,"\\Library\Public\5 - Comics\Substack, Kickstarters, etc Comics\FOL'KLOR (Cary Nord) (2023)",,,,
S6900,Fox Point's Own Gemma Hopper,2023-2023,1,refused,R-081,F provider-missing,"is there a NUMBERED run behind these books at all, and if so what are its issue count and start year? (our years 2023-2023) — the run wins over a collected-edition record when one exists",,,,a 2023 Knopf book in neither catalog,search comics.org and comicvine by the shelf name,Fox Point's Own Gemma Hopper (2023) (Digital) (XRA-Empire).cbz,\\Library\Public\5 - Comics\Graphic Novels\_RH Graphic (All Random House Imprints),,,,
S6935,Frankie and the Beastly Bog Song,2024-2024,1,refused,R-088,F provider-missing,"is there a NUMBERED run behind these books at all, and if so what are its issue count and start year? (our years 2024-2024) — the run wins over a collected-edition record when one exists",,,,"probed ""Frankie and the"", ""Bog Song"" (--contains) on both legs",search comics.org and comicvine by the shelf name,Frankie and the Beastly Bog Song (2024) (digital) (Salem-Empire).cbr,\\Library\Public\5 - Comics\Oni Press,,,,
S6972,Free Shit,2019-2019,1,refused,R-075,F provider-missing,"is there a NUMBERED run behind these books at all, and if so what are its issue count and start year? (our years 2019-2019) — the run wins over a collected-edition record when one exists",,,,"Burns's 2019 Fantagraphics ""Free Shit"" is in neither catalog",search comics.org and comicvine by the shelf name,Free Shit (2019) (Charles Burns) (Fantagraphics) (Neon Vincent).cbr,\\Library\Public\5 - Comics\Fantagraphics,,,,
S6973,Free to be Tough,2021-2021,1,refused,R-077,F provider-missing,"is there a NUMBERED run behind these books at all, and if so what are its issue count and start year? (our years 2021-2021) — the run wins over a collected-edition record when one exists",,,,"""Free to be Tough"" (2021, 44pp) is in neither catalog",search comics.org and comicvine by the shelf name,Free to be Tough (2021) (whocares).cbr,\\Library\Public\5 - Comics\Graphic Novels,,,,
S7022,Frontera,2023-2023,1,refused,R-078,F provider-missing,"is there a NUMBERED run behind these books at all, and if so what are its issue count and start year? (our years 2023-2023) — the run wins over a collected-edition record when one exists",,,,a 2023 HarperAlley book neither catalog indexes,search comics.org and comicvine by the shelf name,Frontera (2023) (Harper Alley) (Digital) (XRA-Empire).cbz,\\Library\Public\5 - Comics\Graphic Novels\_Harper (All Imprints),,,,
S7024,Frontier Sketchbook,2024-2024,1,refused,R-083,F provider-missing,"is there a NUMBERED run behind these books at all, and if so what are its issue count and start year? (our years 2024-2024) — the run wins over a collected-edition record when one exists",,,,"neither leg names a Frontier sketchbook — probed ""Frontier"" 2023-2025 --contains and the file's EAN against both GCD rows",search comics.org and comicvine by the shelf name,Frontier Sketchbook (2024) (Digital).cbz,\\Library\Public\5 - Comics\Magnetic Press\Frontier (2024),,,,
S7028,Frozen,2014-2014,1,refused,R-073,F needs-web,"is there a NUMBERED run behind these books at all, and if so what are its issue count and start year? (our years 2014-2014) — the run wins over a collected-edition record when one exists",,,,"which 2014 Frozen graphic novel of 58 pages this is — Disney's ""Frozen"" GN (CV 75484), Joe Books' 2015 ""Frozen"" (GCD 89067, 52pp) or Joe Books' Cinestory (GCD 84777)",search comics.org and comicvine by the shelf name,Frozen (GN) (2014) (GreenGiant-DCP).cbr,\\Library\Public\5 - Comics\Disney\_Movies+Shows\Frozen,,,,
S66451,Fruits Basket - Complete Anime Natsuki Takaya Illustrations,2023-2023,1,refused,R-083,F provider-missing,"is there a NUMBERED run behind these books at all, and if so what are its issue count and start year? (our years 2023-2023) — the run wins over a collected-edition record when one exists",,,,"neither leg holds the Fruits Basket anime illustration book — probed ""Fruits Basket"" 2022-2024 and ""Natsuki Takaya""",search comics.org and comicvine by the shelf name,Fruits Basket - Complete Anime Natsuki Takaya Illustrations (2023) (Digital) (LuCaZ).cbz,\\Library\Public\5 - Comics\Manga\Fruits Basket (1998),,,,
S7051,Funk Soul Samurai,2014-2014,1,refused,R-077,F provider-missing,"is there a NUMBERED run behind these books at all, and if so what are its issue count and start year? (our years 2014-2014) — the run wins over a collected-edition record when one exists",,,,"""Funk Soul Samurai"" (2014, 24pp) is in neither catalog",search comics.org and comicvine by the shelf name,Funk Soul Samurai (2014) (digital-Empire).cbz,\\Library\Public\5 - Comics\Graphic Novels,,,,
S7189,Gardener,2022-2022,1,refused,R-077,F provider-missing,"is there a NUMBERED run behind these books at all, and if so what are its issue count and start year? (our years 2022-2022) — the run wins over a collected-edition record when one exists",,,,"Matt Emmons's ""Gardener"" (2022) is in neither catalog",search comics.org and comicvine by the shelf name,Gardener (Matt Emmons) (2022) (digital) (JeffAlbertson-DCP).cbz,\\Library\Public\5 - Comics\Graphic Novels,,,,
S7214,Garfield Food for Thought - His 13th Book,2012-2012,1,refused,R-090,F provider-missing,"does the candidate's issue list REACH the numbers we hold, and does its start year match? (we hold 1 numbered issue file(s); our years 2012-2012) — a record with fewer issues than we own is not this run",,,,"""Garfield Food for Thought: His 13th Book"" is in neither catalog; the stored link is already empty",search comics.org and comicvine by the shelf name,13 Garfield Food for Thought - His 13th Book (2012) (GreenGiant-DCP).cbr,\\Library\Public\5 - Comics\Webcomics and Strips\Garfield\Garfield Books (Ballentine Books),,,,
S7240,Garfield Out to Lunch - His 12th Book,2012-2012,1,refused,R-090,F provider-missing,"does the candidate's issue list REACH the numbers we hold, and does its start year match? (we hold 1 numbered issue file(s); our years 2012-2012) — a record with fewer issues than we own is not this run",,,,"""Garfield Out to Lunch: His 12th Book"" is in neither catalog; the stored link is already empty",search comics.org and comicvine by the shelf name,12 Garfield Out to Lunch - His 12th Book (2012) (GreenGiant-DCP).cbr,\\Library\Public\5 - Comics\Webcomics and Strips\Garfield\Garfield Books (Ballentine Books),,,,
S7290,Gateway City - Baby Won't You Please Come Home - Artist's Edition,2021-2021,1,refused,R-078,F provider-missing,"is there a NUMBERED run behind these books at all, and if so what are its issue count and start year? (1 collected edition(s); our years 2021-2021) — the run wins over a collected-edition record when one exists",,,,neither catalog holds the 2021 second volume or its Artist's Edition,search comics.org and comicvine by the shelf name,Gateway City v02 - Baby Won't You Please Come Home - Artist's Edition (2021) (digital-Empire).cbr,\\Library\Public\5 - Comics\Graphic Novels\Gateway City (2018),,,,
S7402,Geronimo Stilton Classic Tales - A Christmas Carol,2019-2019,1,refused,R-081,F provider-missing,"is there a NUMBERED run behind these books at all, and if so what are its issue count and start year? (our years 2019-2019) — the run wins over a collected-edition record when one exists",,,,Scholastic's Classic Tales line is in neither catalog,search comics.org and comicvine by the shelf name,Geronimo Stilton Classic Tales - A Christmas Carol (2019) (jv-DCP).cbr,\\Library\Public\5 - Comics\Graphic Novels\_Schoolastic & Graphix\Geronimo Stilton\Geronimo Stilton Classic Tales (2019),,,,
S7468,Ghost in the Shell - Stand Alone Complex - Official Log,,1,refused,R-084,F provider-missing,"does the candidate's issue list REACH the numbers we hold, and does its start year match? (we hold 1 numbered issue file(s); our years 2011-2011) — a record with fewer issues than we own is not this run",,,,"neither catalog holds the SAC Official Log (probed ""Official Log"", ""Stand Alone Complex"")",search comics.org and comicvine by the shelf name,Ghost in the Shell - Stand Alone Complex - Official Log 1.cbr,\\Library\Public\5 - Comics\Manga\_Masamune Shirow\Ghost in the Shell (1991)\Extras,,,,
S7500,Ghoster Heights,2022-2022,1,refused,R-081,F provider-missing,"is there a NUMBERED run behind these books at all, and if so what are its issue count and start year? (our years 2022-2022) — the run wins over a collected-edition record when one exists",,,,a 2022 Wonderbound book in neither catalog,search comics.org and comicvine by the shelf name,Ghoster Heights (2022) (digital) (Son of Ultron-Empire).cbr,\\Library\Public\5 - Comics\Graphic Novels\_Wonderbound,,,,
S7698,Going Remote: A Teacher's Journey,2023-2023,1,refused,R-077,F provider-missing,"is there a NUMBERED run behind these books at all, and if so what are its issue count and start year? (our years 2023-2023) — the run wins over a collected-edition record when one exists",,,,"Seven Stories Press's 2023 ""Going Remote: A Teacher's Journey"" is in neither catalog",search comics.org and comicvine by the shelf name,Going Remote - A Teacher's Journey (2023) (Seven Stories) (Digital) (XRA-Empire).cbz,\\Library\Public\5 - Comics\Graphic Novels,,,,
S7776,Good - From the Amazon Jungle to Suburbia and Back,,1,refused,R-081,F provider-missing,"is there a NUMBERED run behind these books at all, and if so what are its issue count and start year? (1 file(s)) — the run wins over a collected-edition record when one exists",,,,a 2024 NBM book in neither catalog,search comics.org and comicvine by the shelf name,Good - From the Amazon Jungle to Suburbia and Back (NBM 2024) (webrip) (MagicMan-DCP).cbr,\\Library\Public\5 - Comics\Graphic Novels\_NBM,,,,
S7801,Goro,2019-2019,1,refused,R-088,F provider-missing,"is there a NUMBERED run behind these books at all, and if so what are its issue count and start year? (our years 2019-2019) — the run wins over a collected-edition record when one exists",,,,"probed ""Goro"" --contains on both legs; no 2019 English Goro in either catalog",search comics.org and comicvine by the shelf name,The Complete Goro by Sarah Horrocks (2019)  (Digital) (JeffAlbertson-DCP).cbz,\\Library\Public\5 - Comics\Misc\Goro by Sarah Horrocks (2019),,,,
S7847,Graphic Science - Seven Journeys of Discovery,2017-2017,1,refused,R-081,F provider-missing,"is there a NUMBERED run behind these books at all, and if so what are its issue count and start year? (our years 2017-2017) — the run wins over a collected-edition record when one exists",,,,a 2017 Myriad Editions book in neither catalog,search comics.org and comicvine by the shelf name,Graphic Science - Seven Journeys of Discovery (2017) (digital+) (SD) (fylgja).cbz,\\Library\Public\5 - Comics\Graphic Novels\_Myriad Editions,,,,
S7858,Gravity Falls - Dipper's and Mabel's Guide to Mystery and Nonstop Fun,2014-2014,1,refused,R-073,F provider-missing,"is there a NUMBERED run behind these books at all, and if so what are its issue count and start year? (our years 2014-2014) — the run wins over a collected-edition record when one exists",,,,"probed ""Dipper"", ""Gravity Falls"" --contains on CV and GCD",search comics.org and comicvine by the shelf name,Gravity Falls - Dipper's and Mabel's Guide to Mystery and Nonstop Fun (2014) (Digital) (BillCipher-Empire).cbr,\\Library\Public\5 - Comics\Disney\_Movies+Shows\Gravity Falls (2017),,,,
S7861,Gray Cells,2022-2022,1,refused,R-077,F provider-missing,"is there a NUMBERED run behind these books at all, and if so what are its issue count and start year? (our years 2021-2021) — the run wins over a collected-edition record when one exists",,,,"Markosia's ""Gray Cells"" (2022, 150pp) is in neither catalog",search comics.org and comicvine by the shelf name,Gray Cells (2022) (digital) (DrVink-DCP).cbz,\\Library\Public\5 - Comics\Graphic Novels,,,,
S7862,Gray is Not a Color,2012-2012,1,refused,R-077,F provider-missing,"is there a NUMBERED run behind these books at all, and if so what are its issue count and start year? (our years 2012-2012) — the run wins over a collected-edition record when one exists",,,,"""Gray is Not a Color"" (2012, 37pp) is in neither catalog",search comics.org and comicvine by the shelf name,Gray is Not a Color (2012) (digital-Empire).cbz,\\Library\Public\5 - Comics\Graphic Novels,,,,
S7146,GRIMLAND Ascension,2022-2022,1,refused,R-077,F provider-missing,"is there a NUMBERED run behind these books at all, and if so what are its issue count and start year? (our years 2022-2022) — the run wins over a collected-edition record when one exists",,,,"""GRIMLAND Ascension"" (2022, Swedish-published) is in neither catalog",search comics.org and comicvine by the shelf name,GRIMLAND Ascension (2022) (digital) (DrVink-HD).cbz,\\Library\Public\5 - Comics\Graphic Novels,,,,
S8103,Grog the Frog - The Book of Taurus,2023-2023,1,refused,R-088,F provider-missing,"is there a NUMBERED run behind these books at all, and if so what are its issue count and start year? (our years 2023-2023) — the run wins over a collected-edition record when one exists",,,,"probed ""Grog"" --contains on both legs",search comics.org and comicvine by the shelf name,Grog the Frog - The Book of Taurus (2023) (digital) (DrVink).cbz,\\Library\Public\5 - Comics\Silver Sprocket,,,,
S8187,Gumby's circus,2000-2000,1,refused,R-088,F provider-missing,"is there a NUMBERED run behind these books at all, and if so what are its issue count and start year? (our years 2000-2000) — the run wins over a collected-edition record when one exists",,,,"probed ""Gumby"" --contains and ""Circus"" on both legs; no Gumby's Circus row",search comics.org and comicvine by the shelf name,Gumby's Circus (2000) (c2c) (getfreedregs).cbr,\\Library\Public\5 - Comics\Misc\Gumby\Gumby (2006) (Wildcard),,,,
S8226,Gwent - Art of the Witcher Card Game,2017-2017,1,refused,R-073,F provider-missing,"is there a NUMBERED run behind these books at all, and if so what are its issue count and start year? (our years 2017-2017) — the run wins over a collected-edition record when one exists",,,,"probed ""Gwent"", ""Art of the Witcher"" on CV and GCD",search comics.org and comicvine by the shelf name,Gwent - Art of the Witcher Card Game (2017) (digital) (The Magicians II-Empire).cbr,"\\Library\Public\5 - Comics\Dark Horse\The Witcher (2014)\_Trades, minis & one-shots",,,,
S8242,Hacendado - Honor and Blood,,1,parked 0.7,R-075,"parked at 0.7 — one leg, something unexplained; F provider-missing","is there a NUMBERED run behind these books at all, and if so what are its issue count and start year? (our years 2023-2023) — the run wins over a collected-edition record when one exists",159576,213858,,the Glénat 2023 French original is indexed by neither catalog,https://comicvine.gamespot.com/volume/4050-159576/ | https://www.comics.org/series/213858/,Hacendado - Honor and Blood (Glenat 2023) (Scanlation) (Bamigoreng).cbr,\\Library\Public\5 - Comics\Europe Comics\Hacendado - Honor and Blood (2023) (Glenat),,,,
S8285,Halo Encyclopedia,2022-2022,1,refused,R-073,F provider-missing,"is there a NUMBERED run behind these books at all, and if so what are its issue count and start year? (our years 2022-2022) — the run wins over a collected-edition record when one exists",,,,"probed ""Halo Encyclopedia"" and ""Halo"" 2022 --contains on both legs",search comics.org and comicvine by the shelf name,Halo Encyclopedia (2022) (digital) (The Magicians-Empire).cbr,\\Library\Public\5 - Comics\Dark Horse\Halo,,,,
S8371,Harley Quinn - Wild Card,2016-2016,1,refused,R-072,F provider-missing,"is there a NUMBERED run behind these books at all, and if so what are its issue count and start year? (our years 2016-2016) — the run wins over a collected-edition record when one exists",,,,"re-probed ""Backstories"" and ""Wild Card"" (2016): the line is on neither leg",search comics.org and comicvine by the shelf name,Harley Quinn - Wild Card (Backstories) (2016) (Digital Rip) (Hourman-DCP).cbr,\\Library\Public\5 - Comics\DC\_Backstories,,,,
S62856,Haru,2024-2024,1,refused,R-078,F provider-missing,"is there a NUMBERED run behind these books at all, and if so what are its issue count and start year? (1 collected edition(s); our years 2024-2024) — the run wins over a collected-edition record when one exists",,,,a 2024 book neither catalog indexes,search comics.org and comicvine by the shelf name,Haru - Book 01 - Spring (2024) (digital) (DrVink-HD-DCP).cbz,\\Library\Public\5 - Comics\Graphic Novels\_Andrews McMeel\Haru (2024),,,,
S8402,Haruki Murakami Manga Stories,2023-2023,1,refused,R-077,F provider-missing,"does the candidate's issue list REACH the numbers we hold, and does its start year match? (we hold 1 numbered issue file(s); our years 2023-2023) — a record with fewer issues than we own is not this run",,56736,,"Tuttle's 2023 ""Haruki Murakami Manga Stories"" is in neither catalog",https://www.comics.org/series/56736/,Haruki Murakami Manga Stories (2023) (digital) (DrVink-DCP).cbz,\\Library\Public\5 - Comics\Graphic Novels,,,,
S8405,Harvey Pekar - Aging,,1,refused,R-086,F provider-missing,"is there a NUMBERED run behind these books at all, and if so what are its issue count and start year? (our years 2010-2010) — the run wins over a collected-edition record when one exists",,,,"a dated web strip, absent from both legs (probed ""Pekar"", ""Pekar Project"", the instalment title)",search comics.org and comicvine by the shelf name,Harvey Pekar - Aging (2010-01-13) (Webrip) (Neon Vincent).cbr,\\Library\Public\5 - Comics\Misc\American Splendor (1976) (and Misc Harvey Pekar Stuff)\Harvey Pekar Webcomics,,,,
S8406,Harvey Pekar - Auto Didact,,1,refused,R-086,F provider-missing,"is there a NUMBERED run behind these books at all, and if so what are its issue count and start year? (our years 2010-2010) — the run wins over a collected-edition record when one exists",,,,"a dated web strip, absent from both legs (probed ""Pekar"", ""Pekar Project"", the instalment title)",search comics.org and comicvine by the shelf name,Harvey Pekar - Auto Didact (2010-01-13) (Webrip) (Neon Vincent).cbr,\\Library\Public\5 - Comics\Misc\American Splendor (1976) (and Misc Harvey Pekar Stuff)\Harvey Pekar Webcomics,,,,
S8407,Harvey Pekar - Back in the Day,,1,refused,R-086,F provider-missing,"is there a NUMBERED run behind these books at all, and if so what are its issue count and start year? (our years 2009-2009) — the run wins over a collected-edition record when one exists",,,,"a dated web strip, absent from both legs (probed ""Pekar"", ""Pekar Project"", the instalment title)",search comics.org and comicvine by the shelf name,Harvey Pekar - Back in the Day (2009-09-08) (Webrip) (Neon Vincent).cbr,\\Library\Public\5 - Comics\Misc\American Splendor (1976) (and Misc Harvey Pekar Stuff)\Harvey Pekar Webcomics,,,,
S8408,Harvey Pekar - Garbage Collection Dispute,,1,refused,R-086,F provider-missing,"is there a NUMBERED run behind these books at all, and if so what are its issue count and start year? (our years 2010-2010) — the run wins over a collected-edition record when one exists",,,,"a dated web strip, absent from both legs (probed ""Pekar"", ""Pekar Project"", the instalment title)",search comics.org and comicvine by the shelf name,Harvey Pekar - Garbage Collection Dispute (2010-10-14) (Webrip) (Neon Vincent).cbr,\\Library\Public\5 - Comics\Misc\American Splendor (1976) (and Misc Harvey Pekar Stuff)\Harvey Pekar Webcomics,,,,
S8409,Harvey Pekar - Groping for Answers,,1,refused,R-086,F provider-missing,"is there a NUMBERED run behind these books at all, and if so what are its issue count and start year? (our years 2009-2009) — the run wins over a collected-edition record when one exists",,,,"a dated web strip, absent from both legs (probed ""Pekar"", ""Pekar Project"", the instalment title)",search comics.org and comicvine by the shelf name,Harvey Pekar - Groping for Answers (2009-11-25) (Webrip) (Neon Vincent).cbr,\\Library\Public\5 - Comics\Misc\American Splendor (1976) (and Misc Harvey Pekar Stuff)\Harvey Pekar Webcomics,,,,
S8410,Harvey Pekar - I.Q.,,1,refused,R-086,F provider-missing,"is there a NUMBERED run behind these books at all, and if so what are its issue count and start year? (our years 2009-2009) — the run wins over a collected-edition record when one exists",,,,"a dated web strip, absent from both legs (probed ""Pekar"", ""Pekar Project"", the instalment title)",search comics.org and comicvine by the shelf name,Harvey Pekar - I.Q. (2009-09-08) (Webrip) (Neon Vincent).cbr,\\Library\Public\5 - Comics\Misc\American Splendor (1976) (and Misc Harvey Pekar Stuff)\Harvey Pekar Webcomics,,,,
S8411,Harvey Pekar - Jewish Chops,,1,refused,R-086,F provider-missing,"is there a NUMBERED run behind these books at all, and if so what are its issue count and start year? (our years 2010-2010) — the run wins over a collected-edition record when one exists",,,,"a dated web strip, absent from both legs (probed ""Pekar"", ""Pekar Project"", the instalment title)",search comics.org and comicvine by the shelf name,Harvey Pekar - Jewish Chops (2010-09-08) (Webrip) (Neon Vincent).cbr,\\Library\Public\5 - Comics\Misc\American Splendor (1976) (and Misc Harvey Pekar Stuff)\Harvey Pekar Webcomics,,,,
S8412,Harvey Pekar - Jungle Music,,1,refused,R-086,F provider-missing,"is there a NUMBERED run behind these books at all, and if so what are its issue count and start year? (our years 2009-2009) — the run wins over a collected-edition record when one exists",,,,"a dated web strip, absent from both legs (probed ""Pekar"", ""Pekar Project"", the instalment title)",search comics.org and comicvine by the shelf name,Harvey Pekar - Jungle Music (2009-10-05) (Webrip) (Neon Vincent).cbr,\\Library\Public\5 - Comics\Misc\American Splendor (1976) (and Misc Harvey Pekar Stuff)\Harvey Pekar Webcomics,,,,
S66459,Harvey Pekar - Legendary Vienna,,1,refused,R-086,F provider-missing,"is there a NUMBERED run behind these books at all, and if so what are its issue count and start year? (our years 2009-2009) — the run wins over a collected-edition record when one exists",,,,"a dated web strip, absent from both legs (probed ""Pekar"", ""Pekar Project"", the instalment title)",search comics.org and comicvine by the shelf name,Harvey Pekar - Legendary Vienna (2009-09-21) (Webrip) (Neon Vincent).cbr,\\Library\Public\5 - Comics\Misc\American Splendor (1976) (and Misc Harvey Pekar Stuff)\Harvey Pekar Webcomics,,,,
S8415,Harvey Pekar - Reciprocity,,1,refused,R-086,F provider-missing,"is there a NUMBERED run behind these books at all, and if so what are its issue count and start year? (our years 2009-2009) — the run wins over a collected-edition record when one exists",,,,"a dated web strip, absent from both legs (probed ""Pekar"", ""Pekar Project"", the instalment title)",search comics.org and comicvine by the shelf name,Harvey Pekar - Reciprocity (2009-11-25) (Webrip) (Neon Vincent).cbr,\\Library\Public\5 - Comics\Misc\American Splendor (1976) (and Misc Harvey Pekar Stuff)\Harvey Pekar Webcomics,,,,
S8416,Harvey Pekar - Searchin',,1,refused,R-086,F provider-missing,"is there a NUMBERED run behind these books at all, and if so what are its issue count and start year? (our years 2009-2009) — the run wins over a collected-edition record when one exists",,,,"a dated web strip, absent from both legs (probed ""Pekar"", ""Pekar Project"", the instalment title)",search comics.org and comicvine by the shelf name,Harvey Pekar - Searchin' (2009-09-08) (Webrip) (Neon Vincent).cbr,\\Library\Public\5 - Comics\Misc\American Splendor (1976) (and Misc Harvey Pekar Stuff)\Harvey Pekar Webcomics,,,,
S8417,Harvey Pekar - Sweeping Problem,,1,refused,R-086,F provider-missing,"is there a NUMBERED run behind these books at all, and if so what are its issue count and start year? (our years 2009-2009) — the run wins over a collected-edition record when one exists",,,,"a dated web strip, absent from both legs (probed ""Pekar"", ""Pekar Project"", the instalment title)",search comics.org and comicvine by the shelf name,Harvey Pekar - Sweeping Problem (2009-10-05) (Webrip) (Neon Vincent).cbr,\\Library\Public\5 - Comics\Misc\American Splendor (1976) (and Misc Harvey Pekar Stuff)\Harvey Pekar Webcomics,,,,
S8418,Harvey Pekar - Two Working Stiffs,,1,refused,R-086,F provider-missing,"is there a NUMBERED run behind these books at all, and if so what are its issue count and start year? (our years 2010-2010) — the run wins over a collected-edition record when one exists",,,,"a dated web strip, absent from both legs (probed ""Pekar"", ""Pekar Project"", the instalment title)",search comics.org and comicvine by the shelf name,Harvey Pekar - Two Working Stiffs (2010-02-09) (Webrip) (Neon Vincent).cbr,\\Library\Public\5 - Comics\Misc\American Splendor (1976) (and Misc Harvey Pekar Stuff)\Harvey Pekar Webcomics,,,,
S8419,Harvey Pekar - Untitled,,1,refused,R-086,F provider-missing,"is there a NUMBERED run behind these books at all, and if so what are its issue count and start year? (our years 2010-2010) — the run wins over a collected-edition record when one exists",,,,"a dated web strip, absent from both legs (probed ""Pekar"", ""Pekar Project"")",search comics.org and comicvine by the shelf name,Harvey Pekar - Untitled (2010-08-11) (Webrip) (Neon Vincent).cbr,\\Library\Public\5 - Comics\Misc\American Splendor (1976) (and Misc Harvey Pekar Stuff)\Harvey Pekar Webcomics,,,,
S8420,Harvey Pekar - Zen Comics,,1,refused,R-086,F provider-missing,"is there a NUMBERED run behind these books at all, and if so what are its issue count and start year? (our years 2009-2009) — the run wins over a collected-edition record when one exists",,,,"a dated web strip, absent from both legs (probed ""Pekar"", ""Pekar Project"", ""Zen Comics"")",search comics.org and comicvine by the shelf name,Harvey Pekar - Zen Comics (2009-09-21) (Webrip) (Neon Vincent).cbr,\\Library\Public\5 - Comics\Misc\American Splendor (1976) (and Misc Harvey Pekar Stuff)\Harvey Pekar Webcomics,,,,
S102786,He-Man and the Lost Dragon (1986),1986-1986,1,refused,R-073,F provider-missing,"is there a NUMBERED run behind these books at all, and if so what are its issue count and start year? (our years 1986-1986) — the run wins over a collected-edition record when one exists",,,,"probed ""Lost Dragon"", ""Ladybird"", ""He-Man"" 1986 on both legs",search comics.org and comicvine by the shelf name,Masters of the Universe - He-Man and the Lost Dragon (1986) (Ladybird) (pdf-rip) (TheRastaCrew).cbr,\\Library\Public\5 - Comics\Dark Horse\Masters of the Universe,,,,
S8507,Heathcliff - America's Craziest Cat!,,1,refused,R-090,F provider-missing,"is there a NUMBERED run behind these books at all, and if so what are its issue count and start year? (1 file(s)) — the run wins over a collected-edition record when one exists",,,,"Windmill Books' 1981 ""Heathcliff - America's Craziest Cat!"" is in neither catalog",search comics.org and comicvine by the shelf name,Heathcliff - America's Craziest Cat! (Windmill 1981).cbr,\\Library\Public\5 - Comics\Webcomics and Strips\Heathcliff,,,,
S8702,Heavy Metal-Diamantha-Arno And Jodorowsky,,1,needs-web,R-081,F needs-web,"is there a NUMBERED run behind these books at all, and if so what are its issue count and start year? (our years 1977-1977) — the run wins over a collected-edition record when one exists",,,,"which English edition is this 55pp ""Diamantha"" (a Heavy Metal serialisation of Alef-Thau #1?) — neither leg holds an English Alef-Thau",search comics.org and comicvine by the shelf name,Heavy_Metal-Diamantha-Arno_And_Jodorowsky.cbz,\\Library\Public\5 - Comics\Heavy Metal\Heavy Metal Magazine (1977)\Related_Publications,,,,
S35496,Heavy Metal-Moebius-Stories,,1,refused,R-081,F provider-missing,"is there a NUMBERED run behind these books at all, and if so what are its issue count and start year? (our years 1977-1977) — the run wins over a collected-edition record when one exists",,,,"neither catalog holds a 113pp Heavy Metal ""Moebius Stories""",search comics.org and comicvine by the shelf name,Heavy_Metal-Moebius-Stories.cbr,\\Library\Public\5 - Comics\Heavy Metal\Heavy Metal Magazine (1977)\Related_Publications,,,,
S8714,Heavy Metal-Simon Bisley-F A K K,,1,parked 0.7,R-081,"parked at 0.7 — one leg, something unexplained; F provider-missing","is there a NUMBERED run behind these books at all, and if so what are its issue count and start year? (our years 1977-1977) — the run wins over a collected-edition record when one exists",,188422,,no English record of Bisley's F.A.K.K.2 album on either leg; which Éditions USA printing corresponds is still the web lane's question (D-010's N stands),https://www.comics.org/series/188422/,Heavy_Metal-Simon_Bisley-F_A_K_K_2_Album.cbr,\\Library\Public\5 - Comics\Heavy Metal\Heavy Metal Magazine (1977)\Related_Publications,,,,
S13648,Here Comes the Easter Beagle! (Peanuts),2018-2018,1,refused,R-090,F provider-missing,"is there a NUMBERED run behind these books at all, and if so what are its issue count and start year? (our years 2018-2018) — the run wins over a collected-edition record when one exists",,,,a Peanuts kids' holiday book; only Open Library OL31995739W records it,search comics.org and comicvine by the shelf name,Peanuts - Here Comes the Easter Beagle! (2018) (GreenGiant-DCP).cbr,\\Library\Public\5 - Comics\Webcomics and Strips\_Charles Schulz-Peanuts,,,,
S8980,Horror of the Monster,1980-1980,1,refused,R-084,F provider-missing,"is there a NUMBERED run behind these books at all, and if so what are its issue count and start year? (our years 1980-1980) — the run wins over a collected-edition record when one exists",,,,"untranslated Hino volume, absent from both catalogs (probed title on all five name columns)",search comics.org and comicvine by the shelf name,Horror of the Monster (1980) (Hideshi Hino) (Caterpillar).cbr,\\Library\Public\5 - Comics\Manga\_Hideshi Hino,,,,
S9002,House of Delusion,2021-2021,1,refused,R-077,F provider-missing,"is there a NUMBERED run behind these books at all, and if so what are its issue count and start year? (our years 2021-2021) — the run wins over a collected-edition record when one exists",,,,"""House of Delusion"" (2021) is in neither catalog",search comics.org and comicvine by the shelf name,House of Delusion (2021) (digital) (fylgja).cbz,\\Library\Public\5 - Comics\Graphic Novels,,,,
S9038,Houses with a Story,2023-2023,1,refused,R-078,F provider-missing,"is there a NUMBERED run behind these books at all, and if so what are its issue count and start year? (our years 2023-2023) — the run wins over a collected-edition record when one exists",,,,a 2023 Amulet translation of Seiji Yoshida's art book; neither comics catalog indexes it,search comics.org and comicvine by the shelf name,Houses with a Story (2023) (digital) (DrVink-DCP).cbz,"\\Library\Public\5 - Comics\Graphic Novels\_Abrams ComicArts (& Amulet, Megascope, Surely)",,,,
S9039,How Could You?,2024-2024,1,refused,R-088,F provider-missing,"is there a NUMBERED run behind these books at all, and if so what are its issue count and start year? (our years 2024-2024) — the run wins over a collected-edition record when one exists",,,,"probed ""How Could You"" --contains on both legs",search comics.org and comicvine by the shelf name,How Could You (2024) (digital) (Mr Norrell-Empire).cbr,\\Library\Public\5 - Comics\Oni Press,,,,
S9044,How Not to Get into Heaven,2021-2021,1,refused,R-078,F provider-missing,"is there a NUMBERED run behind these books at all, and if so what are its issue count and start year? (our years 2021-2021) — the run wins over a collected-edition record when one exists",,,,a 2021 Andrews McMeel collection neither catalog indexes,search comics.org and comicvine by the shelf name,How Not to Get into Heaven (2021) (Andrews McMeel) (digital) (DrVink-DCP).cbz,\\Library\Public\5 - Comics\Graphic Novels\_Andrews McMeel,,,,
S9127,Human Chair,,1,refused,R-084,F provider-missing,"is there a NUMBERED run behind these books at all, and if so what are its issue count and start year? (our years 2007-2007) — the run wins over a collected-edition record when one exists",,,,"a 30pp untranslated Ito short with no record in either catalog (probed ""Human Chair"", ""Ningen Isu"")",search comics.org and comicvine by the shelf name,Human Chair.cbr,\\Library\Public\5 - Comics\Manga\_Junji Ito\Human Chair (2007),,,,
S9137,Humanity Lost volume one,2023-2023,1,refused,R-078,F provider-missing,"is there a NUMBERED run behind these books at all, and if so what are its issue count and start year? (1 collected edition(s); our years 2023-2023) — the run wins over a collected-edition record when one exists",,,,a 2023 title neither catalog indexes,search comics.org and comicvine by the shelf name,Humanity Lost v01 (2023) (digital) (DrVink-DCP).cbz,\\Library\Public\5 - Comics\Graphic Novels\Humanity Lost (2023),,,,
S9141,Hungry Ghost,2023-2023,1,refused,R-075,F provider-missing,"is there a NUMBERED run behind these books at all, and if so what are its issue count and start year? (our years 2023-2023) — the run wins over a collected-edition record when one exists",,,,"Victoria Ying's 2023 First Second ""Hungry Ghost"" is in neither catalog",search comics.org and comicvine by the shelf name,Hungry Ghost (2023) (Digital) (XRA-Empire).cbz,\\Library\Public\5 - Comics\FirstSecond,,,,
S9208,I Must Be Dreaming,2023-2023,1,refused,R-078,F provider-missing,"is there a NUMBERED run behind these books at all, and if so what are its issue count and start year? (our years 2023-2023) — the run wins over a collected-edition record when one exists",,,,a 2023 Bloomsbury book neither catalog indexes,search comics.org and comicvine by the shelf name,I Must Be Dreaming (2023) (digital) (DrVink-DCP).cbz,\\Library\Public\5 - Comics\Graphic Novels\Roz Chast,,,,
S9242,"I, Witness",2012-2012,1,refused,R-077,F provider-missing,"is there a NUMBERED run behind these books at all, and if so what are its issue count and start year? (our years 2012-2012) — the run wins over a collected-edition record when one exists",,,,"Orca Book Publishers' ""I, Witness"" (2012, 146pp) is in neither catalog",search comics.org and comicvine by the shelf name,"I, Witness (2012) (digital) (DrVink).cbz",\\Library\Public\5 - Comics\Graphic Novels,,,,
S9278,If You Traveled on the Underground Railroad,2022-2022,1,refused,R-081,F provider-missing,"is there a NUMBERED run behind these books at all, and if so what are its issue count and start year? (our years 2022-2022) — the run wins over a collected-edition record when one exists",,,,a 2022 Scholastic Press book in neither catalog,search comics.org and comicvine by the shelf name,If You Traveled on the Underground Railroad (2022) (Digital Rip) (Hourman-DCP).cbr,\\Library\Public\5 - Comics\Graphic Novels\_Schoolastic & Graphix\If You Traveled on the Underground Railroad (2022),,,,
S9296,Immortal Coil,2024-2024,1,refused,R-090,F provider-missing,"does the candidate's issue list REACH the numbers we hold, and does its start year match? (we hold 1 numbered issue file(s); our years 2024-2024) — a record with fewer issues than we own is not this run",,,,a 2024 self-published Kickstarter issue absent from both legs,search comics.org and comicvine by the shelf name,Immortal Coil 001 (2024) (Digital-HD) (LeDuch).cbz,"\\Library\Public\5 - Comics\Substack, Kickstarters, etc Comics\Immortal Coil (2024) (KS)",,,,
S9406,Incubation,2015-2015,1,refused,R-077,F provider-missing,"is there a NUMBERED run behind these books at all, and if so what are its issue count and start year? (our years 2015-2015) — the run wins over a collected-edition record when one exists",,,,"Charles Burns's ""Incubation"" (Pigeon Press 2015, 41pp) is in neither catalog",search comics.org and comicvine by the shelf name,Incubation (2015) (Charles Burns) (Pigeon Press) (Neon Vincent).cbr,\\Library\Public\5 - Comics\Graphic Novels,,,,
S9459,Influenca,2024-2024,1,refused,R-088,F provider-missing,"is there a NUMBERED run behind these books at all, and if so what are its issue count and start year? (our years 2024-2024) — the run wins over a collected-edition record when one exists",,,,"probed ""Influenca"" --contains on both legs",search comics.org and comicvine by the shelf name,Influenca (2024) (digital) (DrVink-DCP).cbz,\\Library\Public\5 - Comics\Silver Sprocket,,,,
S9494,Ink Girls,2023-2023,1,refused,R-078,F provider-missing,"is there a NUMBERED run behind these books at all, and if so what are its issue count and start year? (our years 2023-2023) — the run wins over a collected-edition record when one exists",,,,a 2023 HarperAlley book neither catalog indexes,search comics.org and comicvine by the shelf name,Ink Girls (2023) (Harper Alley) (Digital) (XRA-Empire).cbz,\\Library\Public\5 - Comics\Graphic Novels\_Harper (All Imprints),,,,
S9499,Innocent Rouge Gaiden,,1,refused,R-083,F provider-missing,"is there a NUMBERED run behind these books at all, and if so what are its issue count and start year? (our years 2013-2013) — the run wins over a collected-edition record when one exists",,,,neither leg holds the gaiden as its own record,search comics.org and comicvine by the shelf name,Innocent Rouge Gaiden [HWMN] (Waifu2x Upscale).cbz,\\Library\Public\5 - Comics\Manga\Innocent (2013),,,,
S9555,Iphigenia in Aulis,2022-2022,1,refused,R-083,F provider-missing,"is there a NUMBERED run behind these books at all, and if so what are its issue count and start year? (our years 2022-2022) — the run wins over a collected-edition record when one exists",,,,"neither leg holds ""Iphigenia in Aulis"" — probed ""Iphigenia"", ""Aulis"", ""Shanower"" (--contains) and the Age of Bronze lines' issue titles",search comics.org and comicvine by the shelf name,Iphigenia in Aulis (2022) (digital) (Son of Ultron-Empire).cbr,\\Library\Public\5 - Comics\Image\Age of Bronze (1998),,,,
S9663,Island of Colors,1976-1976,1,refused,R-084,F provider-missing,"is there a NUMBERED run behind these books at all, and if so what are its issue count and start year? (our years 1976-1976) — the run wins over a collected-edition record when one exists",,,,"untranslated Hino volume, absent from both catalogs (probed ""Island of Color"")",search comics.org and comicvine by the shelf name,Island of Colors (1976) (Hideshi Hino) (Caterpillar).cbr,\\Library\Public\5 - Comics\Manga\_Hideshi Hino,,,,
S9689,"It's a new world, Charlie Brown!",2016-2016,1,refused,R-090,F provider-missing,"is there a NUMBERED run behind these books at all, and if so what are its issue count and start year? (our years 2016-2016) — the run wins over a collected-edition record when one exists",,,,a Peanuts kids' tie-in picture book; only Open Library OL22317589W records it,search comics.org and comicvine by the shelf name,"It's a New World, Charlie Brown! (2016) (digital-Empire).cbr",\\Library\Public\5 - Comics\Webcomics and Strips\_Charles Schulz-Peanuts,,,,
S9686,"It's Springtime, Snoopy!",2021-2021,1,refused,R-090,F provider-missing,"is there a NUMBERED run behind these books at all, and if so what are its issue count and start year? (our years 2021-2021) — the run wins over a collected-edition record when one exists",,,,a Simon Spotlight Peanuts picture book; only Open Library OL22033559W records it,search comics.org and comicvine by the shelf name,"It's Springtime, Snoopy! (2021) (GreenGiant-DCP).cbr",\\Library\Public\5 - Comics\Webcomics and Strips\_Charles Schulz-Peanuts,,,,
S9691,Itou Junji's Dog Diary,,1,refused,R-084,F provider-missing,"is there a NUMBERED run behind these books at all, and if so what are its issue count and start year? (1 file(s)) — the run wins over a collected-edition record when one exists",,,,"a 10pp untranslated Ito short with no record in either catalog (probed ""Dog Diary"")",search comics.org and comicvine by the shelf name,Itou Junji's Dog Diary [Itou Junji].cbz,\\Library\Public\5 - Comics\Manga\_Junji Ito,,,,
S9252,IWF - Intergalactic Wrestling Federation,2024-2024,1,refused,R-088,F provider-missing,"does the candidate's issue list REACH the numbers we hold, and does its start year match? (we hold 1 numbered issue file(s); our years 2024-2024) — a record with fewer issues than we own is not this run",,,,"probed ""IWF"", ""Intergalactic Wrestling"" (--contains) on both legs",search comics.org and comicvine by the shelf name,IWF - Intergalactic Wrestling Federation 001 (2024) (digital) (DrVink-HD-DCP).cbz,\\Library\Public\5 - Comics\Misc\IWF - Intergalactic Wrestling Federation (2024) (Vantage),,,,
S9934,John Kenn Mortensen's Nightmare Factory,2024-2024,1,refused,R-075,F provider-missing,"is there a NUMBERED run behind these books at all, and if so what are its issue count and start year? (our years 2024-2024) — the run wins over a collected-edition record when one exists",,,,Mortensen's 2024 Fantagraphics book is in neither catalog,search comics.org and comicvine by the shelf name,John Kenn Mortensen's Nightmare Factory (2024) (Fantagraphics) (digital) (DrVink-DCP).cbz,\\Library\Public\5 - Comics\Fantagraphics,,,,
S10015,Judge Dredd - Midnight Surfer,,1,refused,R-072,F provider-missing,"is there a NUMBERED run behind these books at all, and if so what are its issue count and start year? (our years 1977-1977) — the run wins over a collected-edition record when one exists",,,,re-probed both legs: no Midnight Surfer book beyond GCD's zero-row stub 3323,search comics.org and comicvine by the shelf name,Judge Dredd - Midnight Surfer.cbr,\\Library\Public\5 - Comics\2000AD\2000AD (1977)\2000AD (Unsorted)\Judge Dredd,,,,
S10182,Justice League vs. Bizarro League,2015-2015,1,refused,R-073,F provider-missing,"is there a NUMBERED run behind these books at all, and if so what are its issue count and start year? (our years 2015-2015) — the run wins over a collected-edition record when one exists",,,,"probed ""Bizarro League"", ""Justice League vs"", ""Lego DC"" --contains on CV and GCD",search comics.org and comicvine by the shelf name,Justice League vs. Bizarro League (2015) (Digital Rip) (Hourman-DCP).cbr,"\\Library\Public\5 - Comics\DC\_Justice League\_Trades, Minis & One-shots",,,,
S10294,Kelpie the Boy Wizard,2024-2024,1,refused,R-072,F provider-missing,"is there a NUMBERED run behind these books at all, and if so what are its issue count and start year? (our years 2024-2024) — the run wins over a collected-edition record when one exists",,,,"re-probed ""Kelpie"" --contains and the full title on both legs: no 2024 Rebellion Kelpie collection",search comics.org and comicvine by the shelf name,Kelpie the Boy Wizard (2024) (digital) (Torquemada).cbr,\\Library\Public\5 - Comics\2000AD\Kelpie the Boy Wizard (1964),,,,
S22933,kh.17 - Rumbling Ch.,,1,refused,R-073,F provider-missing,"does the candidate's issue list REACH the numbers we hold, and does its start year match? (we hold 1 numbered issue file(s)) — a record with fewer issues than we own is not this run",,,,"probed ""Rumbling"", ""Huizenga"", ""kh"" on CV and GCD",search comics.org and comicvine by the shelf name,kh.17 - Rumbling Ch. 2 (Kevin Huizenga) (COUNTERpaul).cbr,\\Library\Public\5 - Comics\Drawn & Quarterly\_Kevin Huizenga\kh,,,,
S10306,"Kick the Football, Charlie Brown!",2016-2016,1,refused,R-090,F provider-missing,"is there a NUMBERED run behind these books at all, and if so what are its issue count and start year? (our years 2016-2016) — the run wins over a collected-edition record when one exists",,,,a Peanuts kids' tie-in picture book absent from both legs,search comics.org and comicvine by the shelf name,"Kick the Football, Charlie Brown! (2016) (GreenGiant-DCP).cbr",\\Library\Public\5 - Comics\Webcomics and Strips\_Charles Schulz-Peanuts,,,,
S18880,King of the Moths,,1,refused,R-072,F provider-missing,"is there a NUMBERED run behind these books at all, and if so what are its issue count and start year? (our years 2023-2023) — the run wins over a collected-edition record when one exists",,,,"re-probed ""King of the Moths"", ""King of Moths"" and ""Moths"" on both legs: no Ablaze record",search comics.org and comicvine by the shelf name,The King Of Moths (Ablaze 2023) (webrip) (MagicMan-DCP).cbr,\\Library\Public\5 - Comics\Ablaze\The King Of Moths (2023),,,,
S10426,Kirby unleashed,,1,refused,R-086,F provider-missing,"is there a NUMBERED run behind these books at all, and if so what are its issue count and start year? (1 file(s)) — the run wins over a collected-edition record when one exists",,,,"neither leg holds the Kirby Unleashed portfolio (probed exact, story titles, issue titles, ""Unleashed"", ""Kirby"")",search comics.org and comicvine by the shelf name,Kirby Unleashed (2004 edition) (digital-Empire).cbr,"\\Library\Public\5 - Comics\Marvel\_Pre-Captain America Kirby, Simon & Lee",,,,
S10427,Kirra Burns,2022-2022,1,refused,R-077,F provider-missing,"is there a NUMBERED run behind these books at all, and if so what are its issue count and start year? (1 collected edition(s); our years 2022-2022) — the run wins over a collected-edition record when one exists",,56736,,"ASAP Comics' ""Kirra Burns"" (2022, 100pp) is in neither catalog",https://www.comics.org/series/56736/,Kirra Burns (2022) (Digital-HD) (LeDuch).cbz,\\Library\Public\5 - Comics\Graphic Novels,,,,
S10569,Lady Snowblood Gaiden,,1,parked 0.7,R-084,"parked at 0.7 — one leg, something unexplained; F provider-missing","is there a NUMBERED run behind these books at all, and if so what are its issue count and start year? (1 collected edition(s); our years 1995-1995) — the run wins over a collected-edition record when one exists",167165,,,"neither catalog holds Lady Snowblood Gaiden in Japanese or English (probed ""Snowblood"", ""Gaiden"")",https://comicvine.gamespot.com/volume/4050-167165/,Lady Snowblood Gaiden v01.cbz,\\Library\Public\5 - Comics\Manga\_Kazuo Koike,,,,
S10581,Larf - Ashley Spires,2012-2012,1,refused,R-077,F provider-missing,"is there a NUMBERED run behind these books at all, and if so what are its issue count and start year? (our years 2012-2012) — the run wins over a collected-edition record when one exists",,,,"Kids Can Press's ""Larf"" (2012, 32pp) is in neither catalog",search comics.org and comicvine by the shelf name,Larf - Ashley Spires (2012) (digital) (DrVink).cbz,\\Library\Public\5 - Comics\Graphic Novels,,,,
S10598,Last On His Feet - Jack Johnson and the Battle of the Century,,1,refused,R-077,F provider-missing,"is there a NUMBERED run behind these books at all, and if so what are its issue count and start year? (1 file(s)) — the run wins over a collected-edition record when one exists",,,,"Liveright's 2023 ""Last On His Feet"" (324pp) is in neither catalog",search comics.org and comicvine by the shelf name,Last On His Feet - Jack Johnson and the Battle of the Century (Liveright 2023) (webrip) (MagicMan-DCP).cbr,\\Library\Public\5 - Comics\Graphic Novels,,,,
S10614,Lavender Clouds - Comics about Neurodivergence and Mental Health,2024-2024,1,refused,R-078,F provider-missing,"is there a NUMBERED run behind these books at all, and if so what are its issue count and start year? (our years 2024-2024) — the run wins over a collected-edition record when one exists",,,,a 2024 Andrews McMeel collection neither catalog indexes,search comics.org and comicvine by the shelf name,Lavender Clouds - Comics about Neurodivergence and Mental Health (2024) (digital) (DrVink-DCP).cbz,\\Library\Public\5 - Comics\Graphic Novels\_Andrews McMeel,,,,
S10648,Legend of the Sun,1976-1976,1,refused,R-084,F provider-missing,"is there a NUMBERED run behind these books at all, and if so what are its issue count and start year? (1 collected edition(s); our years 1976-1976) — the run wins over a collected-edition record when one exists",,,,"untranslated Hino volume, absent from both catalogs (probed ""Legend of the Sun"")",search comics.org and comicvine by the shelf name,Legend of the Sun v1 (1976) (Hideshi Hino) (Caterpillar).cbr,\\Library\Public\5 - Comics\Manga\_Hideshi Hino,,,,
S10762,Lights,2023-2023,1,refused,R-088,F provider-missing,"does the candidate's issue list REACH the numbers we hold, and does its start year match? (we hold 1 numbered issue file(s); our years 2023-2023) — a record with fewer issues than we own is not this run",,,,"probed ""Sheets"" --contains and ""Lights"" --year 2023 on both legs",search comics.org and comicvine by the shelf name,03 Lights (2023) (Digital-Empire).cbz,\\Library\Public\5 - Comics\Oni Press\Sheets Trilogy (2018),,,,
S10786,Little Henri in Sourland,2019-2019,1,refused,R-077,F provider-missing,"is there a NUMBERED run behind these books at all, and if so what are its issue count and start year? (our years 2019-2019) — the run wins over a collected-edition record when one exists",,,,"""Little Henri in Sourland"" (2019, 36pp) is in neither catalog",search comics.org and comicvine by the shelf name,Little Henri in Sourland (2019) (c2c) (fylgja).cbz,\\Library\Public\5 - Comics\Graphic Novels,,,,
S10917,Long Dark Winter,2024-2024,1,refused,R-090,F provider-missing,"does the candidate's issue list REACH the numbers we hold, and does its start year match? (we hold 1 numbered issue file(s); our years 2024-2024) — a record with fewer issues than we own is not this run",,,,"a 2024 Kickstarter first issue; the ""(3 covers)"" is a cover count",search comics.org and comicvine by the shelf name,Long Dark Winter 001 (2024) (3 covers) (digital) (Knight Ripper-Empire).cbr,"\\Library\Public\5 - Comics\Substack, Kickstarters, etc Comics\Long Dark Winter (2024)",,,,
S10926,Look on the Bright Side,2023-2023,1,refused,R-075,F provider-missing,"is there a NUMBERED run behind these books at all, and if so what are its issue count and start year? (our years 2023-2023) — the run wins over a collected-edition record when one exists",,,,"First Second's 2023 ""Look on the Bright Side"" is in neither catalog",search comics.org and comicvine by the shelf name,Look on the Bright Side (2023) (Digital) (XRA-Empire).cbz,\\Library\Public\5 - Comics\FirstSecond,,,,
S10968,Lost Faces,2000-2000,1,refused,R-077,F provider-missing,"is there a NUMBERED run behind these books at all, and if so what are its issue count and start year? (our years 2000-2000) — the run wins over a collected-edition record when one exists",,,,"Mark Beyer's 12pp mini ""Lost Faces"" (2000) is in neither catalog",search comics.org and comicvine by the shelf name,Lost Faces (2000) (Mark Beyer Mini) (whocares).cbr,\\Library\Public\5 - Comics\Graphic Novels,,,,
S11024,Love is Just Another Kind of Hate,2017-2017,1,refused,R-088,F provider-missing,"is there a NUMBERED run behind these books at all, and if so what are its issue count and start year? (our years 2017-2017) — the run wins over a collected-edition record when one exists",,,,"probed ""Love is Just Another"", ""Just Another Kind"" (--contains) on both legs",search comics.org and comicvine by the shelf name,Love is Just Another Kind of Hate (2017) (Sosich).cbr,\\Library\Public\5 - Comics\Misc\Love is Just Another Kind of Hate (2017),,,,
S10996,Love Kills,2023-2023,1,refused,R-090,F provider-missing,"is there a NUMBERED run behind these books at all, and if so what are its issue count and start year? (our years 2023-2023) — the run wins over a collected-edition record when one exists",,,,a 2023 Titan graphic novel absent from both legs,search comics.org and comicvine by the shelf name,Love Kills (2023) (Digital) (DR & Quinch-Empire).cbr,\\Library\Public\5 - Comics\Titan Comics\Love Kills (2023),,,,
S10535,Lsbn,2021-2021,1,refused,R-088,F provider-missing,"is there a NUMBERED run behind these books at all, and if so what are its issue count and start year? (our years 2023-2023) — the run wins over a collected-edition record when one exists",,,,"probed ""LSBN"" --contains on both legs",search comics.org and comicvine by the shelf name,LSBN (2021) (Silver Sprocket) (digital) (DrVink-DCP).cbz,\\Library\Public\5 - Comics\Silver Sprocket,,,,
S11049,Lucky Cap Scouts,2024-2024,1,refused,R-088,F provider-missing,"is there a NUMBERED run behind these books at all, and if so what are its issue count and start year? (our years 2024-2024) — the run wins over a collected-edition record when one exists",,,,"probed ""Lucky Cap"" --contains on both legs",search comics.org and comicvine by the shelf name,Lucky Cap Scouts (2024) (digital) (DrVink-DCP).cbz,\\Library\Public\5 - Comics\Silver Sprocket,,,,
S11079,Lunar Boy,2024-2024,1,refused,R-078,F provider-missing,"is there a NUMBERED run behind these books at all, and if so what are its issue count and start year? (our years 2024-2024) — the run wins over a collected-edition record when one exists",,,,a 2024 HarperAlley book neither catalog indexes,search comics.org and comicvine by the shelf name,Lunar Boy (2024) (Digital) (XRA-Empire).cbz,\\Library\Public\5 - Comics\Graphic Novels\_Harper (All Imprints),,,,
S11167,Madman - For the Record,2009-2009,1,refused,R-083,F provider-missing,"is there a NUMBERED run behind these books at all, and if so what are its issue count and start year? (our years 2009-2009) — the run wins over a collected-edition record when one exists",,,,"neither leg holds the 2009 8pp ""Madman: For the Record"" — probed ""For the Record"" and ""Madman"" 2008-2010 --contains",search comics.org and comicvine by the shelf name,Madman - For the Record (2009) (digital-Empire).cbr,\\Library\Public\5 - Comics\Image\Madman (1990),,,,
S103482,Marvel Action Classics: Hulk (2019),2019-2019,1,refused,R-084,F provider-missing,"does the candidate's issue list REACH the numbers we hold, and does its start year match? (we hold 1 numbered issue file(s); our years 2018-2018) — a record with fewer issues than we own is not this run",,134768,,"neither leg holds IDW's Marvel Action Classics: Hulk (probed ""Marvel Action Classics"", ""Action Classics"")",https://www.comics.org/series/134768/,Marvel Action Classics - Hulk 001 (2019) (Digital) (Zone-Empire).cbr,\\Library\Public\5 - Comics\Marvel\Marvel Action (2018),,,,
S11388,Marvel Avengers - The Greatest Heroes,2018-2018,1,refused,R-084,F provider-missing,"is there a NUMBERED run behind these books at all, and if so what are its issue count and start year? (our years 2018-2018) — the run wins over a collected-edition record when one exists",,,,"neither leg indexes ""Marvel Avengers: The Greatest Heroes"" (probed ""Greatest Heroes"", ""Marvel Avengers"")",search comics.org and comicvine by the shelf name,Marvel Avengers - The Greatest Heroes (2018) (Digital-Empire).cbz,\\Library\Public\5 - Comics\Marvel\_Avengers\_Trades,,,,
S11615,Marvel Tales: Silver Surfer,2020-2020,1,needs-web,C-039,F needs-web,"does the candidate's issue list REACH the numbers we hold, and does its start year match? (we hold 1 numbered issue file(s); our years 2016-2016) — a record with fewer issues than we own is not this run",,157273,,"what is ComicVine's own volume id for ""Marvel Tales: Silver Surfer"" (2020)?",https://www.comics.org/series/157273/,Marvel Tales - Silver Surfer 001 (2020) (Digital) (Zone-Empire).cbr,\\Library\Public\5 - Comics\Marvel\Marvel Tales\Marvel Tales v3 (2019),,,,
S11663,Marvel Vampires Handbook,2010-2010,1,refused,R-067,F provider-missing,the shelf no longer exists — drop this entry,,,,"Marvel Infinity Comics are a total GCD hole — the dump holds no Infinity Comic serial, only the print repackagings",search comics.org and comicvine by the shelf name,Marvel Vampires Handbook (2010) (Digital) (Shadowcat-Empire).cbz,\\Library\Public\5 - Comics\Marvel\Marvel Handbook,,,,
S11705,Marvel's Captain America - The Winter Soldier Infinite Comic,2014-2014,1,refused,R-069,F provider-missing,"does the candidate's issue list REACH the numbers we hold, and does its start year match? (we hold 1 numbered issue file(s); our years 2014-2014) — a record with fewer issues than we own is not this run",,,,Marvel Infinite Comics are absent from GCD and this 2014 Winter Soldier serial is absent from ComicVine too,search comics.org and comicvine by the shelf name,Marvel's Captain America - The Winter Soldier Infinite Comic 001 (2014) (Digital) (Pirate-Empire).cbr,\\Library\Public\5 - Comics\Marvel\_Captain America\Bucky Barnes - The Winter Soldier,,,,
S11827,Masters Of The Universe - Power Of Fear,,1,refused,R-072,F provider-missing,"is there a NUMBERED run behind these books at all, and if so what are its issue count and start year? (1 file(s)) — the run wins over a collected-edition record when one exists",,,,"re-probed ""Power of Fear"" --contains on both legs: nothing; the file is also misfiled under Crossgen",search comics.org and comicvine by the shelf name,Masters Of The Universe - Power Of Fear.cbr,\\Library\Public\5 - Comics\Crossgen\Masters Of The Universe\Masters of the Universe - Power of Fear,,,,
S11847,Match Point!,2023-2023,1,refused,R-075,F provider-missing,"is there a NUMBERED run behind these books at all, and if so what are its issue count and start year? (our years 2023-2023) — the run wins over a collected-edition record when one exists",,,,"First Second's 2023 ""Match Point!"" is in neither catalog",search comics.org and comicvine by the shelf name,Match Point! (2023) (Digital) (XRA-Empire).cbz,\\Library\Public\5 - Comics\FirstSecond,,,,
S11848,Matchmaker,2023-2023,1,refused,R-088,F provider-missing,"is there a NUMBERED run behind these books at all, and if so what are its issue count and start year? (our years 2023-2023) — the run wins over a collected-edition record when one exists",,,,"probed ""Matchmaker"" --contains on both legs",search comics.org and comicvine by the shelf name,Matchmaker (2023) (digital) (DrVink-DCP).cbz,\\Library\Public\5 - Comics\Silver Sprocket,,,,
S11915,Men and 12 Rifles - Indochina 1954,,1,refused,R-078,F provider-missing,"does the candidate's issue list REACH the numbers we hold, and does its start year match? (we hold 1 numbered issue file(s)) — a record with fewer issues than we own is not this run",,,,a 2023 Arsenal Pulp Press translation neither catalog indexes,search comics.org and comicvine by the shelf name,40 Men and 12 Rifles - Indochina 1954 (Arsenal 2023) (webrip) (MagicMan-DCP).cbr,\\Library\Public\5 - Comics\Graphic Novels\_Arsenal Pulp Press,,,,
S12071,Mika and the Howler Vol. 1,2023-2023,1,refused,R-088,F provider-missing,"is there a NUMBERED run behind these books at all, and if so what are its issue count and start year? (our years 2023-2023) — the run wins over a collected-edition record when one exists",,,,"probed ""Mika and the Howler"", ""Howler"" (--contains) on both legs",search comics.org and comicvine by the shelf name,Mika and the Howler (2023) (digital) (DrVink).cbz,\\Library\Public\5 - Comics\Oni Press\Mika and the Howler (2023),,,,
S12125,Milo Manara - Bolero,,1,parked 0.7,R-078,"parked at 0.7 — one leg, something unexplained; F provider-missing; F needs-web","is there a NUMBERED run behind these books at all, and if so what are its issue count and start year? (1 file(s)) — the run wins over a collected-edition record when one exists",144909,,,"is Grifo Edizioni's 1999 ""Bolero"" (ComicVine issue 945526) a Milo Manara book of about 38 pages?",https://comicvine.gamespot.com/volume/4050-144909/,Milo Manara - Bolero (ADULT).cbr,\\Library\Public\5 - Comics\Graphic Novels\Milo Manara,,,,
S12126,Milo Manara - Chanel No.5,,1,refused,R-078,F provider-missing,"does the candidate's issue list REACH the numbers we hold, and does its start year match? (we hold 1 numbered issue file(s)) — a record with fewer issues than we own is not this run",,,,Manara's Chanel advertising comic is indexed by neither catalog,search comics.org and comicvine by the shelf name,Milo Manara - Chanel No.5 (ADULT).cbr,\\Library\Public\5 - Comics\Graphic Novels\Milo Manara,,,,
S12134,Milo Manara Cuentos Fantasticos,,1,refused,R-078,F provider-missing,"is there a NUMBERED run behind these books at all, and if so what are its issue count and start year? (1 file(s)) — the run wins over a collected-edition record when one exists",,,,"neither catalog indexes a Manara ""Cuentos Fantásticos"" collection",search comics.org and comicvine by the shelf name,Milo Manara Cuentos Fantasticos [CRG] [Ravencroft].cbr,\\Library\Public\5 - Comics\Graphic Novels\Milo Manara,,,,
S12151,Mine,,1,parked 0.7,R-077,"parked at 0.7 — one leg, something unexplained; F needs-web; F provider-missing","is there a NUMBERED run behind these books at all, and if so what are its issue count and start year? (1 file(s)) — the run wins over a collected-edition record when one exists",77902,,,"GCD has no ""Mine"" row",https://comicvine.gamespot.com/volume/4050-77902/,"Mine (2008, 2014) (digital-Empire).cbz",\\Library\Public\5 - Comics\Graphic Novels,,,,
S12160,Mingus,2023-2023,1,parked 0.7,R-081,"parked at 0.7 — one leg, something unexplained; F needs-web; F provider-missing","is there a NUMBERED run behind these books at all, and if so what are its issue count and start year? (our years 2023-2023) — the run wins over a collected-edition record when one exists",,202003,,neither leg holds NBM's English edition,https://www.comics.org/series/202003/,Mingus (2023) (NBM) (digital) (DrVink-DCP).cbz,\\Library\Public\5 - Comics\Graphic Novels\_NBM,,,,
S12210,Missing You,2023-2023,1,refused,R-088,F provider-missing,"is there a NUMBERED run behind these books at all, and if so what are its issue count and start year? (our years 2023-2023) — the run wins over a collected-edition record when one exists",,,,"probed ""Missing You"" --contains on both legs",search comics.org and comicvine by the shelf name,Missing You (2023) (digital) (DrVink).cbz,\\Library\Public\5 - Comics\Oni Press\Missing You (2023),,,,
S12240,Mobile Suit Gundam - The Revival of Zeon,,1,refused,R-084,F provider-missing,"is there a NUMBERED run behind these books at all, and if so what are its issue count and start year? (1 file(s)) — the run wins over a collected-edition record when one exists",,,,"neither catalog holds ""Mobile Suit Gundam: The Revival of Zeon"" (probed ""Revival of Zeon"", ""Zeon"")",search comics.org and comicvine by the shelf name,Mobile Suit Gundam - The Revival of Zeon (Complete).cbz,\\Library\Public\5 - Comics\Manga\Mobile Suit Gundam Wing,,,,
S22938,moebius - the Hunted Hunter,2008-2008,1,refused,R-081,F provider-missing,"is there a NUMBERED run behind these books at all, and if so what are its issue count and start year? (our years 2008-2008) — the run wins over a collected-edition record when one exists",,,,a Moebius short in fan translation; neither catalog holds it under any title we can name,search comics.org and comicvine by the shelf name,moebius - the Hunted Hunter (2008) (26XX) (scantilation) (Hoyeru).cbr,\\Library\Public\5 - Comics\Graphic Novels\moebius scanlations,,,,
S12275,Moebius - The Long Tommorow,,1,refused,R-088,F provider-missing,"is there a NUMBERED run behind these books at all, and if so what are its issue count and start year? (1 file(s)) — the run wins over a collected-edition record when one exists",,,,"probed ""Long Tomorrow"" --contains on both legs; no English single-story record",search comics.org and comicvine by the shelf name,Moebius - The Long Tommorow.cbz,\\Library\Public\5 - Comics\Misc\Moebius & Jodorowsky\Moebius\Other Stories,,,,
S22937,moebius - The Major - expanded edition+extras,2018-2018,1,parked 0.7,R-081,"parked at 0.7 — one leg, something unexplained; F needs-web; F provider-missing","is there a NUMBERED run behind these books at all, and if so what are its issue count and start year? (our years 2018-2018) — the run wins over a collected-edition record when one exists",122211,,,no record of the edition scanned; the book's own record is not in our data,https://comicvine.gamespot.com/volume/4050-122211/,moebius - The Major - expanded edition+extras (2018) (c2c) (scan - fylgja) (translated - Hoyeru).cbr,\\Library\Public\5 - Comics\Graphic Novels\moebius scanlations,,,,
S12281,Mondo Vixens,2025-2025,1,refused,R-084,F provider-missing,"is there a NUMBERED run behind these books at all, and if so what are its issue count and start year? (1 collected edition(s); our years 2025-2025) — the run wins over a collected-edition record when one exists",,,,"Markosia is a GCD hole and the 2025 book is not in the ComicVine rip (probed ""Mondo Vixens"", ""Markosia"")",search comics.org and comicvine by the shelf name,Mondo Vixens (2025) (Graphic Novel) (Markosia) (Digital-HD) (LeDuch).cbz,\\Library\Public\5 - Comics\Markosia,,,,
S12301,Monster Circus,1991-1991,1,refused,R-084,F provider-missing,"is there a NUMBERED run behind these books at all, and if so what are its issue count and start year? (our years 1991-1991) — the run wins over a collected-edition record when one exists",,,,"untranslated Hino volume, absent from both catalogs (probed ""Monster Circus"")",search comics.org and comicvine by the shelf name,Monster Circus (1991) (Hideshi Hino) (tunafan-Atelier du Noir).cbr,\\Library\Public\5 - Comics\Manga\_Hideshi Hino,,,,
S12400,Motorossa,2023-2023,1,refused,R-075,F provider-missing,"is there a NUMBERED run behind these books at all, and if so what are its issue count and start year? (our years 2023-2023) — the run wins over a collected-edition record when one exists",,,,this 2023 Europe Comics album is in neither catalog; openlibrary OL38075790W is our only external record,search comics.org and comicvine by the shelf name,Motorossa (2023) (digital) (Mr Norrell-Empire).cbr,\\Library\Public\5 - Comics\Europe Comics\Motorossa (2023),,,,
S103191,Mouse Guard FCBD (2014),2014-2014,1,refused,R-072,F needs-web,"does the candidate's issue list REACH the numbers we hold, and does its start year match? (we hold 1 numbered issue file(s); our years 2014-2014) — a record with fewer issues than we own is not this run",,,,"which Free Comic Book Day book printed the Mouse Guard story a 21pp 2014 digital rip holds — the 2014 anthology hardcover (GCD 80542), the 2013 flip book (GCD 74264) or the 2010 Spring 1153 (GCD 48148)?",search comics.org and comicvine by the shelf name,Mouse Guard - Sping 1132 (FCBD) (2014) (digital-Empire).cbr,\\Library\Public\5 - Comics\Boom Studios\Mouse Guard (2006)\01 Mouse Guard (2006),,,,
S12423,Mr. Muffins : Defender of the Stars,2025-2025,1,refused,R-088,F provider-missing,"is there a NUMBERED run behind these books at all, and if so what are its issue count and start year? (1 collected edition(s); our years 2025-2025) — the run wins over a collected-edition record when one exists",,53172,,"probed ""Mr. Muffins"", ""Muffins"" (--contains) on both legs; a 2025 Oni graphic novel",https://www.comics.org/series/53172/,Mr. Muffins - Defender of the Stars (2025) (Graphic Novel) (Oni Press) (Digital-HD) (LeDuch).cbz,\\Library\Public\5 - Comics\Oni Press,,,,
S12425,Mr. Snoid On Top - Robert Crumb,,1,refused,R-088,F provider-missing,"is there a NUMBERED run behind these books at all, and if so what are its issue count and start year? (1 file(s)) — the run wins over a collected-edition record when one exists",,,,"probed ""Snoid"" --contains on both legs; no English ""Mr. Snoid On Top"" record",search comics.org and comicvine by the shelf name,Mr. Snoid On Top - Robert Crumb.cbr,\\Library\Public\5 - Comics\Misc\R. Crumb,,,,
S12481,Murder Book,2021-2021,1,refused,R-078,F provider-missing,"is there a NUMBERED run behind these books at all, and if so what are its issue count and start year? (our years 2021-2021) — the run wins over a collected-edition record when one exists",,,,no record for the 2021 Andrews McMeel memoir on either leg,search comics.org and comicvine by the shelf name,Murder Book - A Graphic Memoir of a True Crime Obsession (2021) (Digital) (XRA-Empire).cbz,\\Library\Public\5 - Comics\Graphic Novels\_Andrews McMeel,,,,
S12511,My Body Unspooling,2024-2024,1,refused,R-088,F provider-missing,"is there a NUMBERED run behind these books at all, and if so what are its issue count and start year? (our years 2024-2024) — the run wins over a collected-edition record when one exists",,,,"probed ""Unspooling"" --contains on both legs",search comics.org and comicvine by the shelf name,My Body Unspooling (2024) (digital) (DrVink-HD-DCP).cbz,\\Library\Public\5 - Comics\Silver Sprocket,,,,
S12528,My Hero Academia - The Official Easy Illustration Guide,2023-2023,1,refused,R-084,F provider-missing,"is there a NUMBERED run behind these books at all, and if so what are its issue count and start year? (our years 2023-2023) — the run wins over a collected-edition record when one exists",,,,"neither catalog holds Viz's ""My Hero Academia: The Official Easy Illustration Guide"" (probed ""Easy Illustration"", ""Illustration Guide"")",search comics.org and comicvine by the shelf name,My Hero Academia - The Official Easy Illustration Guide (2023) (Digital) (LuCaZ).cbz,\\Library\Public\5 - Comics\Manga\My Hero Academia (2014),,,,
S12713,Naptime,2016-2016,1,refused,R-077,F provider-missing,"is there a NUMBERED run behind these books at all, and if so what are its issue count and start year? (our years 2016-2016) — the run wins over a collected-edition record when one exists",,,,"""Naptime"" (2016, 76pp) is in neither catalog",search comics.org and comicvine by the shelf name,Naptime (2016) (Digital) (DrDoom-Empire).cbz,\\Library\Public\5 - Comics\Graphic Novels,,,,
S12729,National Geographic Readers: Marvel's Spider-Man Bugs Out!,2024-2024,1,refused,R-086,F provider-missing,"is there a NUMBERED run behind these books at all, and if so what are its issue count and start year? (our years 2024-2024) — the run wins over a collected-edition record when one exists",,,,"a licensed non-comic kids' reader in neither leg (probed ""Bugs Out"", ""National Geographic"", story and issue titles)",search comics.org and comicvine by the shelf name,National Geographic Readers - Marvel's Spider-Man Bugs Out (2024) (Digital) (dekabro-Empire).cbz,\\Library\Public\5 - Comics\Marvel\_Spider-Man\_Kids Books,,,,
S12736,Nausicaa Artbook,,1,refused,R-084,F provider-missing,"is there a NUMBERED run behind these books at all, and if so what are its issue count and start year? (1 file(s)) — the run wins over a collected-edition record when one exists",,,,"licensed non-comic art book, absent from both catalogs (probed ""Nausica"", ""Artbook"")",search comics.org and comicvine by the shelf name,Nausicaa Artbook.cbr,\\Library\Public\5 - Comics\Manga\_Hayao Miyazaki\Nausicaa of the Valley of the Wind\Nausicaa of the Valley of the Wind (Original Viz Edition),,,,
S12772,Nemesis The Warlock Deadlock,,1,refused,R-072,F provider-missing,"is there a NUMBERED run behind these books at all, and if so what are its issue count and start year? (1 file(s)) — the run wins over a collected-edition record when one exists",,,,"re-probed ""Deadlock"" --contains and the Nemesis titles on both legs: no Deadlock collection",search comics.org and comicvine by the shelf name,Nemesis The Warlock Deadlock.cbr,\\Library\Public\5 - Comics\2000AD\Nemesis the Warlock Collected,,,,
S12888,Next stop,2024-2024,1,refused,R-081,F provider-missing,"is there a NUMBERED run behind these books at all, and if so what are its issue count and start year? (our years 2024-2024) — the run wins over a collected-edition record when one exists",,,,a 2024 Random House Graphic book in neither catalog,search comics.org and comicvine by the shelf name,Next Stop (2024) (Digital) (dekabro-Empire).cbz,\\Library\Public\5 - Comics\Graphic Novels\_RH Graphic (All Random House Imprints),,,,
S12929,Night and Dana,2023-2023,1,refused,R-078,F provider-missing,"is there a NUMBERED run behind these books at all, and if so what are its issue count and start year? (our years 2023-2023) — the run wins over a collected-edition record when one exists",,,,a 2023 Graphic Universe book neither catalog indexes,search comics.org and comicvine by the shelf name,Night and Dana (2023) (Graphic Universe) (digital) (DrVink-DCP).cbz,\\Library\Public\5 - Comics\Graphic Novels\_Graphic Universe,,,,
S12935,Night of the Were-Elk,2024-2024,1,refused,R-088,F provider-missing,"does the candidate's issue list REACH the numbers we hold, and does its start year match? (we hold 1 numbered issue file(s); our years 2024-2024) — a record with fewer issues than we own is not this run",,,,"probed ""Were-Elk"", ""Were Elk"" (--contains) on both legs; a 2024 small-press mini",search comics.org and comicvine by the shelf name,Night of the Were-Elk 01 (of 06) (2024) (digital) (DrVink-DCP).cbz,\\Library\Public\5 - Comics\Misc\Night of the Were-Elk (2024) (Creepy Ink),,,,
S12978,Nikola Tesla,2021-2021,1,refused,R-072,F provider-missing,"is there a NUMBERED run behind these books at all, and if so what are its issue count and start year? (our years 2021-2021) — the run wins over a collected-edition record when one exists",,,,"re-probed ""Nikola Tesla"" and ""Tesla"" --contains on both legs: no match",search comics.org and comicvine by the shelf name,"Nikola Tesla (2021) (digital, SC-Empire).cbr",\\Library\Public\5 - Comics\ComiXology Originals\Nikola Tesla (2021),,,,
S13149,Occultos,2024-2024,1,refused,R-075,F provider-missing,"is there a NUMBERED run behind these books at all, and if so what are its issue count and start year? (our years 2024-2024) — the run wins over a collected-edition record when one exists",,,,"Laura Pérez's 2024 Fantagraphics ""Occultos"" is in neither catalog",search comics.org and comicvine by the shelf name,Occultos (Laura Perez) (2024) (Fantagraphics) (c2c) (JeffAlbertson-DCP).cbz,\\Library\Public\5 - Comics\Fantagraphics\Laura Perez,,,,
S13158,Odoronbaa,1988-1988,1,refused,R-084,F provider-missing,"is there a NUMBERED run behind these books at all, and if so what are its issue count and start year? (1 collected edition(s); our years 1988-1988) — the run wins over a collected-edition record when one exists",,,,"untranslated Hino volume, absent from both catalogs (probed ""Odoron"")",search comics.org and comicvine by the shelf name,Odoronbaa v1 (1988) (Hideshi Hino) (tunafan).cbr,\\Library\Public\5 - Comics\Manga\_Hideshi Hino,,,,
S13162,Of Thunder and Lightning,2023-2023,1,refused,R-088,F provider-missing,"is there a NUMBERED run behind these books at all, and if so what are its issue count and start year? (our years 2023-2023) — the run wins over a collected-edition record when one exists",,,,"probed ""Thunder and Lightning"", ""Thunder & Lightning"" (--contains) on both legs",search comics.org and comicvine by the shelf name,Of Thunder & Lightning (2023) (digital) (DrVink-DCP).cbz,\\Library\Public\5 - Comics\Silver Sprocket,,,,
S13198,Old City Blues,2012-2012,1,needs-web,C-006,F needs-web,"is there a NUMBERED run behind these books at all, and if so what are its issue count and start year? (1 collected edition(s); our years 2013-2013) — the run wins over a collected-edition record when one exists",,,,no CV volume found for the standalone Vol.01 graphic novel specifically,search comics.org and comicvine by the shelf name,Old City Blues Vol. 01 (2012) (Digital) (Vee-Empire).cbr,\\Library\Public\5 - Comics\Boom Studios\Old City Blues (2012)\Old City Blues Vol. 01 (2012) (Digital) (Vee-Empire),,,,
S13468,Outland,,1,refused,R-090,F provider-missing,"is there a NUMBERED run behind these books at all, and if so what are its issue count and start year? (1 file(s)) — the run wins over a collected-edition record when one exists",,,,a date-range strip archive of Outland; the published collection is S66669's,search comics.org and comicvine by the shelf name,Outland (Jan 1990 - March 1995).cbr,\\Library\Public\5 - Comics\Webcomics and Strips\_Berkeley Breathed,,,,
S13502,Owl Diaries,2015-2015,1,refused,R-065,F provider-missing,"does the candidate's issue list REACH the numbers we hold, and does its start year match? (we hold 1 numbered issue file(s); our years 2015-2015) — a record with fewer issues than we own is not this run",,,,"Scholastic's Branches ""Owl Diaries"" line is in neither comics catalog",search comics.org and comicvine by the shelf name,Owl Diaries 01 - Eva's Treetop Festival (2015) (Digital Rip) (Hourman-DCP).cbr,\\Library\Public\5 - Comics\Graphic Novels\_Schoolastic & Graphix\Owl Diaries (2015),,,,
S13558,Parachute Kids: A Graphic Novel,2023-2023,1,refused,R-081,F provider-missing,"is there a NUMBERED run behind these books at all, and if so what are its issue count and start year? (our years 2023-2023) — the run wins over a collected-edition record when one exists",,,,a 2023 Graphix book in neither catalog,search comics.org and comicvine by the shelf name,Parachute Kids (Betty O. Tang) (2023) (Schoolastic) (Digital) (XRA-Empire).cbz,\\Library\Public\5 - Comics\Graphic Novels\_Schoolastic & Graphix\Parachute Kids (Betty O. Tang) (2023),,,,
S13587,Partisan,2023-2023,1,refused,R-071,F provider-missing,"does the candidate's issue list REACH the numbers we hold, and does its start year match? (we hold 1 numbered issue file(s); our years 2023-2023) — a record with fewer issues than we own is not this run",,,,a 2023 Source Point first issue absent from both catalogs,search comics.org and comicvine by the shelf name,Partisan 001 (2023) (Source Point Press) (digital) (Mistress Galore-QuantumDeep).cbz,\\Library\Public\5 - Comics\Source Point Press\Partisan (2023),,,,
S13641,Peanuts - Adventures with Linus and Friends!,2023-2023,1,refused,R-090,F provider-missing,"is there a NUMBERED run behind these books at all, and if so what are its issue count and start year? (our years 2023-2023) — the run wins over a collected-edition record when one exists",,,,a 2023 Peanuts kids' collection absent from both legs,search comics.org and comicvine by the shelf name,Peanuts - Adventures with Linus and Friends! (2023) (GreenGiant-DCP).cbr,\\Library\Public\5 - Comics\Webcomics and Strips\_Charles Schulz-Peanuts,,,,
S13642,"Peanuts - Be Thankful, Be Giving",2020-2020,1,refused,R-090,F provider-missing,"is there a NUMBERED run behind these books at all, and if so what are its issue count and start year? (our years 2020-2020) — the run wins over a collected-edition record when one exists",,,,a Peanuts kids' reader absent from both legs,search comics.org and comicvine by the shelf name,"Peanuts - Be Thankful, Be Giving (2020) (GreenGiant-DCP).cbr",\\Library\Public\5 - Comics\Webcomics and Strips\_Charles Schulz-Peanuts,,,,
S13647,"Peanuts - Happy Thanksgiving, Snoopy!",2018-2018,1,refused,R-071,F provider-missing,"is there a NUMBERED run behind these books at all, and if so what are its issue count and start year? (our years 2018-2018) — the run wins over a collected-edition record when one exists",,,,a Peanuts kids' holiday picture book absent from both catalogs,search comics.org and comicvine by the shelf name,"Peanuts - Happy Thanksgiving, Snoopy! (2018) (GreenGiant-DCP).cbr",\\Library\Public\5 - Comics\Webcomics and Strips\_Charles Schulz-Peanuts,,,,
S13649,"Peanuts - Hug a Tree, Snoopy!",2022-2022,1,refused,R-090,F provider-missing,"is there a NUMBERED run behind these books at all, and if so what are its issue count and start year? (our years 2022-2022) — the run wins over a collected-edition record when one exists",,,,a Peanuts kids' picture book absent from both legs,search comics.org and comicvine by the shelf name,"Peanuts - Hug a Tree, Snoopy! (2022) (GreenGiant-DCP).cbr",\\Library\Public\5 - Comics\Webcomics and Strips\_Charles Schulz-Peanuts,,,,
S13651,Peanuts - If I Gave the World My Blanket,2021-2021,1,refused,R-090,F provider-missing,"is there a NUMBERED run behind these books at all, and if so what are its issue count and start year? (our years 2021-2021) — the run wins over a collected-edition record when one exists",,,,a Peanuts kids' picture book absent from both legs,search comics.org and comicvine by the shelf name,Peanuts - If I Gave the World My Blanket (2021) (GreenGiant-DCP).cbr,\\Library\Public\5 - Comics\Webcomics and Strips\_Charles Schulz-Peanuts,,,,
S13652,"Peanuts - It's Hockey Time, Franklin!",2017-2017,1,refused,R-090,F provider-missing,"is there a NUMBERED run behind these books at all, and if so what are its issue count and start year? (our years 2017-2017) — the run wins over a collected-edition record when one exists",,,,a Peanuts kids' picture book absent from both legs,search comics.org and comicvine by the shelf name,"Peanuts - It's Hockey Time, Franklin! (2017) (GreenGiant-DCP).cbr",\\Library\Public\5 - Comics\Webcomics and Strips\_Charles Schulz-Peanuts,,,,
S13654,Peanuts - Meet the Easter Beagle!,2017-2017,1,refused,R-090,F provider-missing,"is there a NUMBERED run behind these books at all, and if so what are its issue count and start year? (our years 2017-2017) — the run wins over a collected-edition record when one exists",,,,a Peanuts kids' board-book reader absent from both legs,search comics.org and comicvine by the shelf name,Peanuts - Meet the Easter Beagle! (2017) (GreenGiant-DCP).cbr,\\Library\Public\5 - Comics\Webcomics and Strips\_Charles Schulz-Peanuts,,,,
S13662,Peanuts - Snoopy Goes to School,2020-2020,1,refused,R-090,F provider-missing,"is there a NUMBERED run behind these books at all, and if so what are its issue count and start year? (our years 2020-2020) — the run wins over a collected-edition record when one exists",,,,a Peanuts kids' picture book absent from both legs,search comics.org and comicvine by the shelf name,Peanuts - Snoopy Goes to School (2020) (GreenGiant-DCP).cbr,\\Library\Public\5 - Comics\Webcomics and Strips\_Charles Schulz-Peanuts,,,,
S13663,Peanuts - Snoopy's Book of Joy,2022-2022,1,refused,R-090,F provider-missing,"is there a NUMBERED run behind these books at all, and if so what are its issue count and start year? (our years 2022-2022) — the run wins over a collected-edition record when one exists",,,,a Peanuts kids' gift book absent from both legs,search comics.org and comicvine by the shelf name,Peanuts - Snoopy's Book of Joy (2022) (GreenGiant-DCP).cbr,\\Library\Public\5 - Comics\Webcomics and Strips\_Charles Schulz-Peanuts,,,,
S13664,Peanuts - Snoopy's Christmas Surprise,2018-2018,1,refused,R-092,F provider-missing,"is there a NUMBERED run behind these books at all, and if so what are its issue count and start year? (our years 2018-2018) — the run wins over a collected-edition record when one exists",,,,a 2018 Peanuts kids' reader absent from both legs,search comics.org and comicvine by the shelf name,Peanuts - Snoopy's Christmas Surprise (2018) (GreenGiant-DCP).cbr,\\Library\Public\5 - Comics\Webcomics and Strips\_Charles Schulz-Peanuts,,,,
S13665,Peanuts - Snoopy's Snow Day!,2019-2019,1,refused,R-092,F provider-missing,"is there a NUMBERED run behind these books at all, and if so what are its issue count and start year? (our years 2019-2019) — the run wins over a collected-edition record when one exists",,,,a 2019 Peanuts kids' reader absent from both legs,search comics.org and comicvine by the shelf name,Peanuts - Snoopy's Snow Day! (2019) (GreenGiant-DCP).cbr,\\Library\Public\5 - Comics\Webcomics and Strips\_Charles Schulz-Peanuts,,,,
S13668,Peanuts - Woodstock's Sunny Day,2019-2019,1,refused,R-092,F provider-missing,"is there a NUMBERED run behind these books at all, and if so what are its issue count and start year? (our years 2019-2019) — the run wins over a collected-edition record when one exists",,,,a 2019 Peanuts kids' reader absent from both legs,search comics.org and comicvine by the shelf name,Peanuts - Woodstock's Sunny Day (2019) (GreenGiant-DCP).cbr,\\Library\Public\5 - Comics\Webcomics and Strips\_Charles Schulz-Peanuts,,,,
S13675,Peanuts for Everybody,2024-2024,1,refused,R-072,F provider-missing,"is there a NUMBERED run behind these books at all, and if so what are its issue count and start year? (our years 2024-2024) — the run wins over a collected-edition record when one exists",,,,"the 2024 Titan edition is on neither leg; its content matches GCD 155972 (1970 Crest, 132pp vs our 131pp)",search comics.org and comicvine by the shelf name,Peanuts for Everybody (2024) (GreenGiant-DCP).cbr,\\Library\Public\5 - Comics\Boom Studios\Peanuts (2011),,,,
S104064,Peanuts Strips 1960 (1960),,1,refused,R-122,F provider-missing,"does the candidate's issue list REACH the numbers we hold, and does its start year match? (we hold 1 numbered issue file(s); our years 1960-1960) — a record with fewer issues than we own is not this run",,,,no ComicVine volume or GCD series for a single year of the Peanuts daily strip,search comics.org and comicvine by the shelf name,Peanuts.1960.cbr,\\Library\Public\5 - Comics\Webcomics and Strips\_Charles Schulz-Peanuts\Peanuts (By Year),,,,
S103717,Peanuts.1950,,1,refused,R-092,F provider-missing,"does the candidate's issue list REACH the numbers we hold, and does its start year match? (we hold 1 numbered issue file(s); our years 1950-1950) — a record with fewer issues than we own is not this run",,,,a calendar-year strip archive (1950) — no single-year Peanuts record on either leg (L-164),search comics.org and comicvine by the shelf name,Peanuts 1950.cbz,\\Library\Public\5 - Comics\Webcomics and Strips\_Charles Schulz-Peanuts\Peanuts (By Year),,,,
S13676,Peanuts.1951,,1,refused,R-092,F provider-missing,"does the candidate's issue list REACH the numbers we hold, and does its start year match? (we hold 1 numbered issue file(s); our years 1951-1951) — a record with fewer issues than we own is not this run",,,,a calendar-year strip archive (1951) — no single-year Peanuts record on either leg (L-164),search comics.org and comicvine by the shelf name,Peanuts.1951.cbr,\\Library\Public\5 - Comics\Webcomics and Strips\_Charles Schulz-Peanuts\Peanuts (By Year),,,,
S13677,Peanuts.1952,,1,refused,R-092,F provider-missing,"does the candidate's issue list REACH the numbers we hold, and does its start year match? (we hold 1 numbered issue file(s); our years 1952-1952) — a record with fewer issues than we own is not this run",,,,a calendar-year strip archive (1952) — no single-year Peanuts record on either leg (L-164),search comics.org and comicvine by the shelf name,Peanuts.1952.cbr,\\Library\Public\5 - Comics\Webcomics and Strips\_Charles Schulz-Peanuts\Peanuts (By Year),,,,
S13678,Peanuts.1953,,1,refused,R-092,F provider-missing,"does the candidate's issue list REACH the numbers we hold, and does its start year match? (we hold 1 numbered issue file(s); our years 1953-1953) — a record with fewer issues than we own is not this run",,,,a calendar-year strip archive (1953) — no single-year Peanuts record on either leg (L-164),search comics.org and comicvine by the shelf name,Peanuts.1953.cbr,\\Library\Public\5 - Comics\Webcomics and Strips\_Charles Schulz-Peanuts\Peanuts (By Year),,,,
S13679,Peanuts.1954,,1,refused,R-092,F provider-missing,"does the candidate's issue list REACH the numbers we hold, and does its start year match? (we hold 1 numbered issue file(s); our years 1954-1954) — a record with fewer issues than we own is not this run",,,,a calendar-year strip archive (1954) — no single-year Peanuts record on either leg (L-164),search comics.org and comicvine by the shelf name,Peanuts.1954.cbr,\\Library\Public\5 - Comics\Webcomics and Strips\_Charles Schulz-Peanuts\Peanuts (By Year),,,,
S13680,Peanuts.1955,,1,refused,R-092,F provider-missing,"does the candidate's issue list REACH the numbers we hold, and does its start year match? (we hold 1 numbered issue file(s); our years 1955-1955) — a record with fewer issues than we own is not this run",,,,a calendar-year strip archive (1955) — no single-year Peanuts record on either leg (L-164),search comics.org and comicvine by the shelf name,Peanuts.1955.cbr,\\Library\Public\5 - Comics\Webcomics and Strips\_Charles Schulz-Peanuts\Peanuts (By Year),,,,
S13681,Peanuts.1956,,1,refused,R-092,F provider-missing,"does the candidate's issue list REACH the numbers we hold, and does its start year match? (we hold 1 numbered issue file(s); our years 1956-1956) — a record with fewer issues than we own is not this run",,,,a calendar-year strip archive (1956) — no single-year Peanuts record on either leg (L-164),search comics.org and comicvine by the shelf name,Peanuts.1956.cbr,\\Library\Public\5 - Comics\Webcomics and Strips\_Charles Schulz-Peanuts\Peanuts (By Year),,,,
S13682,Peanuts.1957,,1,refused,R-092,F provider-missing,"does the candidate's issue list REACH the numbers we hold, and does its start year match? (we hold 1 numbered issue file(s); our years 1957-1957) — a record with fewer issues than we own is not this run",,,,a calendar-year strip archive (1957) — no single-year Peanuts record on either leg (L-164),search comics.org and comicvine by the shelf name,Peanuts.1957.cbr,\\Library\Public\5 - Comics\Webcomics and Strips\_Charles Schulz-Peanuts\Peanuts (By Year),,,,
S13683,Peanuts.1958,,1,refused,R-092,F provider-missing,"does the candidate's issue list REACH the numbers we hold, and does its start year match? (we hold 1 numbered issue file(s); our years 1958-1958) — a record with fewer issues than we own is not this run",,,,a calendar-year strip archive (1958) — no single-year Peanuts record on either leg (L-164),search comics.org and comicvine by the shelf name,Peanuts.1958.cbr,\\Library\Public\5 - Comics\Webcomics and Strips\_Charles Schulz-Peanuts\Peanuts (By Year),,,,
S13684,Peanuts.1959,,1,refused,R-092,F provider-missing,"does the candidate's issue list REACH the numbers we hold, and does its start year match? (we hold 1 numbered issue file(s); our years 1959-1959) — a record with fewer issues than we own is not this run",,,,a calendar-year strip archive (1959) — no single-year Peanuts record on either leg (L-164),search comics.org and comicvine by the shelf name,Peanuts.1959.cbr,\\Library\Public\5 - Comics\Webcomics and Strips\_Charles Schulz-Peanuts\Peanuts (By Year),,,,
S13686,Peanuts.1961,,1,refused,R-092,F provider-missing,"does the candidate's issue list REACH the numbers we hold, and does its start year match? (we hold 1 numbered issue file(s); our years 1961-1961) — a record with fewer issues than we own is not this run",,,,a calendar-year strip archive (1961) — no single-year Peanuts record on either leg (L-164),search comics.org and comicvine by the shelf name,Peanuts.1961.cbr,\\Library\Public\5 - Comics\Webcomics and Strips\_Charles Schulz-Peanuts\Peanuts (By Year),,,,
S13687,Peanuts.1962,,1,refused,R-092,F provider-missing,"does the candidate's issue list REACH the numbers we hold, and does its start year match? (we hold 1 numbered issue file(s); our years 1962-1962) — a record with fewer issues than we own is not this run",,,,a calendar-year strip archive (1962) — no single-year Peanuts record on either leg (L-164),search comics.org and comicvine by the shelf name,Peanuts.1962.cbr,\\Library\Public\5 - Comics\Webcomics and Strips\_Charles Schulz-Peanuts\Peanuts (By Year),,,,
S13688,Peanuts.1963,,1,refused,R-092,F provider-missing,"does the candidate's issue list REACH the numbers we hold, and does its start year match? (we hold 1 numbered issue file(s); our years 1963-1963) — a record with fewer issues than we own is not this run",,,,a calendar-year strip archive (1963) — no single-year Peanuts record on either leg (L-164),search comics.org and comicvine by the shelf name,Peanuts.1963.cbr,\\Library\Public\5 - Comics\Webcomics and Strips\_Charles Schulz-Peanuts\Peanuts (By Year),,,,
S13689,Peanuts.1964,,1,refused,R-092,F provider-missing,"does the candidate's issue list REACH the numbers we hold, and does its start year match? (we hold 1 numbered issue file(s); our years 1964-1964) — a record with fewer issues than we own is not this run",,,,a calendar-year strip archive (1964) — no single-year Peanuts record on either leg (L-164),search comics.org and comicvine by the shelf name,Peanuts.1964.cbr,\\Library\Public\5 - Comics\Webcomics and Strips\_Charles Schulz-Peanuts\Peanuts (By Year),,,,
S13690,Peanuts.1965,,1,refused,R-092,F provider-missing,"does the candidate's issue list REACH the numbers we hold, and does its start year match? (we hold 1 numbered issue file(s); our years 1965-1965) — a record with fewer issues than we own is not this run",,,,a calendar-year strip archive (1965) — no single-year Peanuts record on either leg (L-164),search comics.org and comicvine by the shelf name,Peanuts.1965.cbr,\\Library\Public\5 - Comics\Webcomics and Strips\_Charles Schulz-Peanuts\Peanuts (By Year),,,,
S13691,Peanuts.1966,,1,refused,R-092,F provider-missing,"does the candidate's issue list REACH the numbers we hold, and does its start year match? (we hold 1 numbered issue file(s); our years 1966-1966) — a record with fewer issues than we own is not this run",,,,a calendar-year strip archive (1966) — no single-year Peanuts record on either leg (L-164),search comics.org and comicvine by the shelf name,Peanuts.1966.cbr,\\Library\Public\5 - Comics\Webcomics and Strips\_Charles Schulz-Peanuts\Peanuts (By Year),,,,
S13692,Peanuts.1967,,1,refused,R-092,F provider-missing,"does the candidate's issue list REACH the numbers we hold, and does its start year match? (we hold 1 numbered issue file(s); our years 1967-1967) — a record with fewer issues than we own is not this run",,,,a calendar-year strip archive (1967) — no single-year Peanuts record on either leg (L-164),search comics.org and comicvine by the shelf name,Peanuts.1967.cbr,\\Library\Public\5 - Comics\Webcomics and Strips\_Charles Schulz-Peanuts\Peanuts (By Year),,,,
S13693,Peanuts.1968,,1,refused,R-092,F provider-missing,"does the candidate's issue list REACH the numbers we hold, and does its start year match? (we hold 1 numbered issue file(s); our years 1968-1968) — a record with fewer issues than we own is not this run",,,,a calendar-year strip archive (1968) — no single-year Peanuts record on either leg (L-164),search comics.org and comicvine by the shelf name,Peanuts.1968.cbr,\\Library\Public\5 - Comics\Webcomics and Strips\_Charles Schulz-Peanuts\Peanuts (By Year),,,,
S13694,Peanuts.1969,,1,refused,R-092,F provider-missing,"does the candidate's issue list REACH the numbers we hold, and does its start year match? (we hold 1 numbered issue file(s); our years 1969-1969) — a record with fewer issues than we own is not this run",,,,a calendar-year strip archive (1969) — no single-year Peanuts record on either leg (L-164),search comics.org and comicvine by the shelf name,Peanuts.1969.cbr,\\Library\Public\5 - Comics\Webcomics and Strips\_Charles Schulz-Peanuts\Peanuts (By Year),,,,
S13695,Peanuts.1970,,1,refused,R-092,F provider-missing,"does the candidate's issue list REACH the numbers we hold, and does its start year match? (we hold 1 numbered issue file(s); our years 1970-1970) — a record with fewer issues than we own is not this run",,,,a calendar-year strip archive (1970) — no single-year Peanuts record on either leg (L-164),search comics.org and comicvine by the shelf name,Peanuts.1970.cbr,\\Library\Public\5 - Comics\Webcomics and Strips\_Charles Schulz-Peanuts\Peanuts (By Year),,,,
S13696,Peanuts.1971,,1,refused,R-092,F provider-missing,"does the candidate's issue list REACH the numbers we hold, and does its start year match? (we hold 1 numbered issue file(s); our years 1971-1971) — a record with fewer issues than we own is not this run",,,,a calendar-year strip archive (1971) — no single-year Peanuts record on either leg (L-164),search comics.org and comicvine by the shelf name,Peanuts.1971.cbr,\\Library\Public\5 - Comics\Webcomics and Strips\_Charles Schulz-Peanuts\Peanuts (By Year),,,,
S13697,Peanuts.1972,,1,refused,R-092,F provider-missing,"does the candidate's issue list REACH the numbers we hold, and does its start year match? (we hold 1 numbered issue file(s); our years 1972-1972) — a record with fewer issues than we own is not this run",,,,a calendar-year strip archive (1972) — no single-year Peanuts record on either leg (L-164),search comics.org and comicvine by the shelf name,Peanuts.1972.cbr,\\Library\Public\5 - Comics\Webcomics and Strips\_Charles Schulz-Peanuts\Peanuts (By Year),,,,
S13698,Peanuts.1973,,1,refused,R-092,F provider-missing,"does the candidate's issue list REACH the numbers we hold, and does its start year match? (we hold 1 numbered issue file(s); our years 1973-1973) — a record with fewer issues than we own is not this run",,,,a calendar-year strip archive (1973) — no single-year Peanuts record on either leg (L-164),search comics.org and comicvine by the shelf name,Peanuts.1973.cbr,\\Library\Public\5 - Comics\Webcomics and Strips\_Charles Schulz-Peanuts\Peanuts (By Year),,,,
S13699,Peanuts.1974,,1,refused,R-092,F provider-missing,"does the candidate's issue list REACH the numbers we hold, and does its start year match? (we hold 1 numbered issue file(s); our years 1974-1974) — a record with fewer issues than we own is not this run",,,,a calendar-year strip archive (1974) — no single-year Peanuts record on either leg (L-164),search comics.org and comicvine by the shelf name,Peanuts.1974.cbr,\\Library\Public\5 - Comics\Webcomics and Strips\_Charles Schulz-Peanuts\Peanuts (By Year),,,,
S13700,Peanuts.1975,,1,refused,R-092,F provider-missing,"does the candidate's issue list REACH the numbers we hold, and does its start year match? (we hold 1 numbered issue file(s); our years 1975-1975) — a record with fewer issues than we own is not this run",,,,a calendar-year strip archive (1975) — no single-year Peanuts record on either leg (L-164),search comics.org and comicvine by the shelf name,Peanuts.1975.cbr,\\Library\Public\5 - Comics\Webcomics and Strips\_Charles Schulz-Peanuts\Peanuts (By Year),,,,
S13701,Peanuts.1976,,1,refused,R-092,F provider-missing,"does the candidate's issue list REACH the numbers we hold, and does its start year match? (we hold 1 numbered issue file(s); our years 1976-1976) — a record with fewer issues than we own is not this run",,,,a calendar-year strip archive (1976) — no single-year Peanuts record on either leg (L-164),search comics.org and comicvine by the shelf name,Peanuts.1976.cbr,\\Library\Public\5 - Comics\Webcomics and Strips\_Charles Schulz-Peanuts\Peanuts (By Year),,,,
S13702,Peanuts.1977,,1,refused,R-092,F provider-missing,"does the candidate's issue list REACH the numbers we hold, and does its start year match? (we hold 1 numbered issue file(s); our years 1977-1977) — a record with fewer issues than we own is not this run",,,,a calendar-year strip archive (1977) — no single-year Peanuts record on either leg (L-164),search comics.org and comicvine by the shelf name,Peanuts.1977.cbr,\\Library\Public\5 - Comics\Webcomics and Strips\_Charles Schulz-Peanuts\Peanuts (By Year),,,,
S13703,Peanuts.1978,,1,refused,R-092,F provider-missing,"does the candidate's issue list REACH the numbers we hold, and does its start year match? (we hold 1 numbered issue file(s); our years 1978-1978) — a record with fewer issues than we own is not this run",,,,a calendar-year strip archive (1978) — no single-year Peanuts record on either leg (L-164),search comics.org and comicvine by the shelf name,Peanuts.1978.cbr,\\Library\Public\5 - Comics\Webcomics and Strips\_Charles Schulz-Peanuts\Peanuts (By Year),,,,
S13704,Peanuts.1979,,1,refused,R-092,F provider-missing,"does the candidate's issue list REACH the numbers we hold, and does its start year match? (we hold 1 numbered issue file(s); our years 1979-1979) — a record with fewer issues than we own is not this run",,,,a calendar-year strip archive (1979) — no single-year Peanuts record on either leg (L-164),search comics.org and comicvine by the shelf name,Peanuts.1979.cbr,\\Library\Public\5 - Comics\Webcomics and Strips\_Charles Schulz-Peanuts\Peanuts (By Year),,,,
S13705,Peanuts.1980,,1,refused,R-092,F provider-missing,"does the candidate's issue list REACH the numbers we hold, and does its start year match? (we hold 1 numbered issue file(s); our years 1980-1980) — a record with fewer issues than we own is not this run",,,,a calendar-year strip archive (1980) — no single-year Peanuts record on either leg (L-164),search comics.org and comicvine by the shelf name,Peanuts.1980.cbr,\\Library\Public\5 - Comics\Webcomics and Strips\_Charles Schulz-Peanuts\Peanuts (By Year),,,,
S13706,Peanuts.1981,,1,refused,R-092,F provider-missing,"does the candidate's issue list REACH the numbers we hold, and does its start year match? (we hold 1 numbered issue file(s); our years 1981-1981) — a record with fewer issues than we own is not this run",,,,a calendar-year strip archive (1981) — no single-year Peanuts record on either leg (L-164),search comics.org and comicvine by the shelf name,Peanuts.1981.cbr,\\Library\Public\5 - Comics\Webcomics and Strips\_Charles Schulz-Peanuts\Peanuts (By Year),,,,
S13707,Peanuts.1982,,1,refused,R-092,F provider-missing,"does the candidate's issue list REACH the numbers we hold, and does its start year match? (we hold 1 numbered issue file(s); our years 1982-1982) — a record with fewer issues than we own is not this run",,,,a calendar-year strip archive (1982) — no single-year Peanuts record on either leg (L-164),search comics.org and comicvine by the shelf name,Peanuts.1982.cbr,\\Library\Public\5 - Comics\Webcomics and Strips\_Charles Schulz-Peanuts\Peanuts (By Year),,,,
S13708,Peanuts.1983,,1,refused,R-092,F provider-missing,"does the candidate's issue list REACH the numbers we hold, and does its start year match? (we hold 1 numbered issue file(s); our years 1983-1983) — a record with fewer issues than we own is not this run",,,,a calendar-year strip archive (1983) — no single-year Peanuts record on either leg (L-164),search comics.org and comicvine by the shelf name,Peanuts.1983.cbr,\\Library\Public\5 - Comics\Webcomics and Strips\_Charles Schulz-Peanuts\Peanuts (By Year),,,,
S13709,Peanuts.1984,,1,refused,R-092,F provider-missing,"does the candidate's issue list REACH the numbers we hold, and does its start year match? (we hold 1 numbered issue file(s); our years 1984-1984) — a record with fewer issues than we own is not this run",,,,a calendar-year strip archive (1984) — no single-year Peanuts record on either leg (L-164),search comics.org and comicvine by the shelf name,Peanuts.1984.cbr,\\Library\Public\5 - Comics\Webcomics and Strips\_Charles Schulz-Peanuts\Peanuts (By Year),,,,
S13710,Peanuts.1985,,1,refused,R-092,F provider-missing,"does the candidate's issue list REACH the numbers we hold, and does its start year match? (we hold 1 numbered issue file(s); our years 1985-1985) — a record with fewer issues than we own is not this run",,,,a calendar-year strip archive (1985) — no single-year Peanuts record on either leg (L-164),search comics.org and comicvine by the shelf name,Peanuts.1985.cbr,\\Library\Public\5 - Comics\Webcomics and Strips\_Charles Schulz-Peanuts\Peanuts (By Year),,,,
S13711,Peanuts.1986,,1,refused,R-092,F provider-missing,"does the candidate's issue list REACH the numbers we hold, and does its start year match? (we hold 1 numbered issue file(s); our years 1986-1986) — a record with fewer issues than we own is not this run",,,,a calendar-year strip archive (1986) — no single-year Peanuts record on either leg (L-164),search comics.org and comicvine by the shelf name,Peanuts.1986.cbr,\\Library\Public\5 - Comics\Webcomics and Strips\_Charles Schulz-Peanuts\Peanuts (By Year),,,,
S13712,Peanuts.1987,,1,refused,R-092,F provider-missing,"does the candidate's issue list REACH the numbers we hold, and does its start year match? (we hold 1 numbered issue file(s); our years 1987-1987) — a record with fewer issues than we own is not this run",,,,a calendar-year strip archive (1987) — no single-year Peanuts record on either leg (L-164),search comics.org and comicvine by the shelf name,Peanuts.1987.cbr,\\Library\Public\5 - Comics\Webcomics and Strips\_Charles Schulz-Peanuts\Peanuts (By Year),,,,
S13713,Peanuts.1988,,1,refused,R-092,F provider-missing,"does the candidate's issue list REACH the numbers we hold, and does its start year match? (we hold 1 numbered issue file(s); our years 1988-1988) — a record with fewer issues than we own is not this run",,,,a calendar-year strip archive (1988) — no single-year Peanuts record on either leg (L-164),search comics.org and comicvine by the shelf name,Peanuts.1988.cbr,\\Library\Public\5 - Comics\Webcomics and Strips\_Charles Schulz-Peanuts\Peanuts (By Year),,,,
S13714,Peanuts.1989,,1,refused,R-092,F provider-missing,"does the candidate's issue list REACH the numbers we hold, and does its start year match? (we hold 1 numbered issue file(s); our years 1989-1989) — a record with fewer issues than we own is not this run",,,,a calendar-year strip archive (1989) — no single-year Peanuts record on either leg (L-164),search comics.org and comicvine by the shelf name,Peanuts.1989.cbr,\\Library\Public\5 - Comics\Webcomics and Strips\_Charles Schulz-Peanuts\Peanuts (By Year),,,,
S13715,Peanuts.1990,,1,refused,R-092,F provider-missing,"does the candidate's issue list REACH the numbers we hold, and does its start year match? (we hold 1 numbered issue file(s); our years 1990-1990) — a record with fewer issues than we own is not this run",,,,a calendar-year strip archive (1990) — no single-year Peanuts record on either leg (L-164),search comics.org and comicvine by the shelf name,Peanuts.1990.cbr,\\Library\Public\5 - Comics\Webcomics and Strips\_Charles Schulz-Peanuts\Peanuts (By Year),,,,
S13716,Peanuts.1991,,1,refused,R-092,F provider-missing,"does the candidate's issue list REACH the numbers we hold, and does its start year match? (we hold 1 numbered issue file(s); our years 1991-1991) — a record with fewer issues than we own is not this run",,,,a calendar-year strip archive (1991) — no single-year Peanuts record on either leg (L-164),search comics.org and comicvine by the shelf name,Peanuts.1991.cbr,\\Library\Public\5 - Comics\Webcomics and Strips\_Charles Schulz-Peanuts\Peanuts (By Year),,,,
S13717,Peanuts.1992,,1,refused,R-092,F provider-missing,"does the candidate's issue list REACH the numbers we hold, and does its start year match? (we hold 1 numbered issue file(s); our years 1992-1992) — a record with fewer issues than we own is not this run",,,,a calendar-year strip archive (1992) — no single-year Peanuts record on either leg (L-164),search comics.org and comicvine by the shelf name,Peanuts.1992.cbr,\\Library\Public\5 - Comics\Webcomics and Strips\_Charles Schulz-Peanuts\Peanuts (By Year),,,,
S13718,Peanuts.1993,,1,refused,R-092,F provider-missing,"does the candidate's issue list REACH the numbers we hold, and does its start year match? (we hold 1 numbered issue file(s); our years 1993-1993) — a record with fewer issues than we own is not this run",,,,a calendar-year strip archive (1993) — no single-year Peanuts record on either leg (L-164),search comics.org and comicvine by the shelf name,Peanuts.1993.cbr,\\Library\Public\5 - Comics\Webcomics and Strips\_Charles Schulz-Peanuts\Peanuts (By Year),,,,
S13719,Peanuts.1994,,1,refused,R-092,F provider-missing,"does the candidate's issue list REACH the numbers we hold, and does its start year match? (we hold 1 numbered issue file(s); our years 1994-1994) — a record with fewer issues than we own is not this run",,,,a calendar-year strip archive (1994) — no single-year Peanuts record on either leg (L-164),search comics.org and comicvine by the shelf name,Peanuts.1994.cbr,\\Library\Public\5 - Comics\Webcomics and Strips\_Charles Schulz-Peanuts\Peanuts (By Year),,,,
S13720,Peanuts.1995,,1,refused,R-092,F provider-missing,"does the candidate's issue list REACH the numbers we hold, and does its start year match? (we hold 1 numbered issue file(s); our years 1995-1995) — a record with fewer issues than we own is not this run",,,,a calendar-year strip archive (1995) — no single-year Peanuts record on either leg (L-164),search comics.org and comicvine by the shelf name,Peanuts.1995.cbr,\\Library\Public\5 - Comics\Webcomics and Strips\_Charles Schulz-Peanuts\Peanuts (By Year),,,,
S13721,Peanuts.1996,,1,refused,R-092,F provider-missing,"does the candidate's issue list REACH the numbers we hold, and does its start year match? (we hold 1 numbered issue file(s); our years 1996-1996) — a record with fewer issues than we own is not this run",,,,a calendar-year strip archive (1996) — no single-year Peanuts record on either leg (L-164),search comics.org and comicvine by the shelf name,Peanuts.1996.cbr,\\Library\Public\5 - Comics\Webcomics and Strips\_Charles Schulz-Peanuts\Peanuts (By Year),,,,
S13722,Peanuts.1997,,1,refused,R-092,F provider-missing,"does the candidate's issue list REACH the numbers we hold, and does its start year match? (we hold 1 numbered issue file(s); our years 1997-1997) — a record with fewer issues than we own is not this run",,,,a calendar-year strip archive (1997) — no single-year Peanuts record on either leg (L-164),search comics.org and comicvine by the shelf name,Peanuts.1997.cbr,\\Library\Public\5 - Comics\Webcomics and Strips\_Charles Schulz-Peanuts\Peanuts (By Year),,,,
S13723,Peanuts.1998,,1,refused,R-092,F provider-missing,"does the candidate's issue list REACH the numbers we hold, and does its start year match? (we hold 1 numbered issue file(s); our years 1998-1998) — a record with fewer issues than we own is not this run",,,,a calendar-year strip archive (1998) — no single-year Peanuts record on either leg (L-164),search comics.org and comicvine by the shelf name,Peanuts.1998.cbr,\\Library\Public\5 - Comics\Webcomics and Strips\_Charles Schulz-Peanuts\Peanuts (By Year),,,,
S13724,Peanuts.1999,,1,refused,R-092,F provider-missing,"does the candidate's issue list REACH the numbers we hold, and does its start year match? (we hold 1 numbered issue file(s); our years 1999-1999) — a record with fewer issues than we own is not this run",,,,a calendar-year strip archive (1999) — no single-year Peanuts record on either leg (L-164),search comics.org and comicvine by the shelf name,Peanuts.1999.cbr,\\Library\Public\5 - Comics\Webcomics and Strips\_Charles Schulz-Peanuts\Peanuts (By Year),,,,
S13773,Peter Pan of Kensington,2024-2024,1,parked 0.7,R-075,"parked at 0.7 — one leg, something unexplained; F provider-missing","is there a NUMBERED run behind these books at all, and if so what are its issue count and start year? (our years 2024-2024) — the run wins over a collected-edition record when one exists",161008,216812,,the English Europe Comics 2024 edition and the French original are unindexed; only the German licence is,https://comicvine.gamespot.com/volume/4050-161008/ | https://www.comics.org/series/216812/,Peter Pan of Kensington (2024) (Digital) (phillywilly-Empire).cbr,\\Library\Public\5 - Comics\Europe Comics\Peter Pan of Kensington (2024),,,,
S13815,Phoibos,2018-2018,1,refused,R-088,F provider-missing,"does the candidate's issue list REACH the numbers we hold, and does its start year match? (we hold 1 numbered issue file(s); our years 2018-2018) — a record with fewer issues than we own is not this run",,,,"probed ""Phoibos"" --contains on both legs; a self-published 2018 webcomic",search comics.org and comicvine by the shelf name,Phoibos 001 (2018) (WebComic) (Digital) (DrDoom-Empire).cbz,\\Library\Public\5 - Comics\Misc\Phoibos (2018),,,,
S13819,Picnic ruined,2013-2013,1,refused,R-077,F provider-missing,"is there a NUMBERED run behind these books at all, and if so what are its issue count and start year? (our years 2013-2013) — the run wins over a collected-edition record when one exists",,,,"""Picnic Ruined"" (2013, 56pp) is in neither catalog",search comics.org and comicvine by the shelf name,Picnic Ruined (2013) (digital-Empire).cbz,\\Library\Public\5 - Comics\Graphic Novels,,,,
S13826,Pillow Talk,2024-2024,1,refused,R-088,F provider-missing,"is there a NUMBERED run behind these books at all, and if so what are its issue count and start year? (our years 2024-2024) — the run wins over a collected-edition record when one exists",,,,"probed ""Pillow Talk"" --contains on both legs",search comics.org and comicvine by the shelf name,Pillow Talk (2024) (digital) (DrVink-HD-DCP).cbz,\\Library\Public\5 - Comics\Scout Comics (and Black Caravan)\Pulp Bytes (2022),,,,
S13841,Pistolera,2019-2019,1,refused,R-077,F provider-missing,"is there a NUMBERED run behind these books at all, and if so what are its issue count and start year? (our years 2019-2019) — the run wins over a collected-edition record when one exists",,,,"""Pistolera"" (2019, 36pp) is in neither catalog",search comics.org and comicvine by the shelf name,Pistolera (2019) (digital-Empire).cbr,\\Library\Public\5 - Comics\Graphic Novels,,,,
S13870,Planet of the Apes: The Original Topps Trading Card Series,2017-2017,1,refused,R-072,F provider-missing,"is there a NUMBERED run behind these books at all, and if so what are its issue count and start year? (our years 2017-2017) — the run wins over a collected-edition record when one exists",,,,"re-probed ""Topps"", ""Trading Card"" and the full title on both legs: this licensed art book is on neither",search comics.org and comicvine by the shelf name,Planet of the Apes - The Original Topps Trading Card Series (2017) (Digital) (Bean-Empire).cbz,\\Library\Public\5 - Comics\Boom Studios\Planet of the Apes (2011),,,,
S13903,Plato's Allegory of the Cave,2021-2021,1,refused,R-077,F needs-web; F provider-missing,"is there a NUMBERED run behind these books at all, and if so what are its issue count and start year? (our years 2021-2021) — the run wins over a collected-edition record when one exists",,,,GCD has no Plato's Cave / Allegory of the Cave row,search comics.org and comicvine by the shelf name,Plato's Allegory of the Cave (2021) (Digital) (Leifman-Empire).cbz,\\Library\Public\5 - Comics\Graphic Novels,,,,
S13940,Polka Dot Pirate,2016-2016,1,refused,R-077,F provider-missing,"is there a NUMBERED run behind these books at all, and if so what are its issue count and start year? (our years 2016-2016) — the run wins over a collected-edition record when one exists",,,,"Bedside Press's ""Polka Dot Pirate"" (2016, 28pp) is in neither catalog",search comics.org and comicvine by the shelf name,Polka Dot Pirate (2016) (Digital-Empire).cbr,\\Library\Public\5 - Comics\Graphic Novels,,,,
S14175,Punch Up!,2023-2023,1,refused,R-088,F provider-missing,"is there a NUMBERED run behind these books at all, and if so what are its issue count and start year? (1 collected edition(s); our years 2023-2023) — the run wins over a collected-edition record when one exists",,,,"probed ""Punch Up"" --contains on both legs; only Oni's FCBD sampler exists",search comics.org and comicvine by the shelf name,Punch Up! v01 (2023) (DrVink-DCP).cbz,\\Library\Public\5 - Comics\Oni Press\Punch Up! (2023),,,,
S14232,Punk Rock Karaoke,2024-2024,1,refused,R-081,F provider-missing,"is there a NUMBERED run behind these books at all, and if so what are its issue count and start year? (our years 2024-2024) — the run wins over a collected-edition record when one exists",,,,a 2024 Penguin book in neither catalog,search comics.org and comicvine by the shelf name,Punk Rock Karaoke (2024) (digital) (DrVink-DCP).cbz,\\Library\Public\5 - Comics\Graphic Novels\_Penguin (All Imprints),,,,
S22950,punk rock paper scissors,2014-2014,1,refused,R-083,F provider-missing,"is there a NUMBERED run behind these books at all, and if so what are its issue count and start year? (our years 2014-2014) — the run wins over a collected-edition record when one exists",,,,"neither leg holds Image's 2014 ""punk rock paper scissors"" — probed the full title and ""Rock Paper Scissors"" 2013-2015 with --contains",search comics.org and comicvine by the shelf name,punk rock paper scissors (2014) (Digital-Empire).cbr,\\Library\Public\5 - Comics\Image\punk rock paper scissors (2014),,,,
S14252,Putty Pygmalion,2024-2024,1,refused,R-088,F provider-missing,"is there a NUMBERED run behind these books at all, and if so what are its issue count and start year? (our years 2024-2024) — the run wins over a collected-edition record when one exists",,,,"probed ""Putty"" --contains on both legs",search comics.org and comicvine by the shelf name,Putty Pygmalion (2024) (Silver Sprocket) (digital) (DrVink-DCP).cbz,\\Library\Public\5 - Comics\Silver Sprocket,,,,
S14256,Q&A,2024-2024,1,refused,R-073,F provider-missing,"is there a NUMBERED run behind these books at all, and if so what are its issue count and start year? (our years 2024-2024) — the run wins over a collected-edition record when one exists",,,,"probed ""Tomine"", ""Q & A"", ""Q&A"" on CV and GCD",search comics.org and comicvine by the shelf name,Q&A - Adrian Tomine (2024) (D&Q) (Digital) (XRA-Empire).cbz,\\Library\Public\5 - Comics\Drawn & Quarterly\_Adrian Tomine,,,,
S14304,Quinnelope and the Cookie King Catastrophe,2023-2023,1,refused,R-088,F provider-missing,"is there a NUMBERED run behind these books at all, and if so what are its issue count and start year? (1 collected edition(s); our years 2023-2023) — the run wins over a collected-edition record when one exists",,,,"probed ""Quinnelope"" --contains on both legs",search comics.org and comicvine by the shelf name,Quinnelope and The Cookie King Catastrophe (2023) (Graphic Novel) (Oni Press) (Digital-HD) (LeDuch).cbz,\\Library\Public\5 - Comics\Oni Press\Quinnelope (2023),,,,
S14305,Quinnelope and the Mystery of the Missing Moon,2024-2024,1,refused,R-088,F provider-missing,"is there a NUMBERED run behind these books at all, and if so what are its issue count and start year? (1 collected edition(s); our years 2024-2024) — the run wins over a collected-edition record when one exists",,,,"probed ""Quinnelope"" --contains on both legs",search comics.org and comicvine by the shelf name,Quinnelope and The Mystery of the Missing Moon (2024) (Graphic Novel) (Oni Press) (Digital-HD) (LeDuch).cbz,\\Library\Public\5 - Comics\Oni Press\Quinnelope (2023),,,,
S14348,Radlands - Pinups,2020-2020,1,refused,R-088,F provider-missing,"is there a NUMBERED run behind these books at all, and if so what are its issue count and start year? (our years 2020-2020) — the run wins over a collected-edition record when one exists",,,,"probed ""Radlands"" --contains on both legs",search comics.org and comicvine by the shelf name,Radlands - Pinups by El Sub (2020) (digital) (ADULT) (DrVink-DCP).cbz,\\Library\Public\5 - Comics\Silver Sprocket,,,,
S14367,Rainbow!,2024-2024,1,refused,R-081,F provider-missing,"is there a NUMBERED run behind these books at all, and if so what are its issue count and start year? (1 collected edition(s); our years 2024-2024) — the run wins over a collected-edition record when one exists",,,,a 2024 Tapas book in neither catalog,search comics.org and comicvine by the shelf name,Rainbow! v01 (2024) (digital) (DrVink-HD-DCP).cbz,\\Library\Public\5 - Comics\Graphic Novels\_Tapas,,,,
S35838,Red Harvest - A Graphic Novel of the Terror Famine in Soviet Ukraine,,1,refused,R-081,F provider-missing,"is there a NUMBERED run behind these books at all, and if so what are its issue count and start year? (1 file(s)) — the run wins over a collected-edition record when one exists",,,,a 2023 NBM book in neither catalog,search comics.org and comicvine by the shelf name,Red Harvest - A Graphic Novel of the Terror Famine in Soviet Ukraine (NBM 2023) (webrip) (MagicMan-DCP).cbr,\\Library\Public\5 - Comics\Graphic Novels\_NBM,,,,
S14467,Red Leaves,2021-2021,1,refused,R-077,F provider-missing,"is there a NUMBERED run behind these books at all, and if so what are its issue count and start year? (our years 2021-2021) — the run wins over a collected-edition record when one exists",,,,"""Red Leaves"" (2021, 90pp) is in neither catalog",search comics.org and comicvine by the shelf name,Red Leaves (2021) (digital) (DrVink).cbz,\\Library\Public\5 - Comics\Graphic Novels,,,,
S14649,Reynard's Tale - A Story of Love and Mischief,,1,refused,R-075,F provider-missing,"is there a NUMBERED run behind these books at all, and if so what are its issue count and start year? (1 file(s)) — the run wins over a collected-edition record when one exists",,,,"First Second's 2023 ""Reynard's Tale"" is in neither catalog",search comics.org and comicvine by the shelf name,Reynard's Tale - A Story of Love and Mischief (First Second 2023) (webrip) (MagicMan-DCP).cbr,\\Library\Public\5 - Comics\FirstSecond,,,,
S14690,Ripple Effects,2020-2020,1,refused,R-077,F provider-missing,"is there a NUMBERED run behind these books at all, and if so what are its issue count and start year? (our years 2022-2022) — the run wins over a collected-edition record when one exists",,,,"Fanbase Press's ""Ripple Effects"" (2020, 190pp) is in neither catalog",search comics.org and comicvine by the shelf name,Ripple Effects (2020) (digital) (DrVink).cbz,\\Library\Public\5 - Comics\Graphic Novels,,,,
S14706,Rituals,2023-2023,1,refused,R-090,F provider-missing,"is there a NUMBERED run behind these books at all, and if so what are its issue count and start year? (our years 2023-2023) — the run wins over a collected-edition record when one exists",,,,a 2023 Silver Sprocket minicomic (Nicole Goux) absent from both legs,search comics.org and comicvine by the shelf name,Rituals (2023) (digital) (DrVink-DCP).cbz,\\Library\Public\5 - Comics\Silver Sprocket\_Nicole Goux,,,,
S14985,Salvage,2018-2018,1,refused,R-072,F needs-web,"is there a NUMBERED run behind these books at all, and if so what are its issue count and start year? (our years 2018-2018) — the run wins over a collected-edition record when one exists",,,,"is this 54pp ""Salvage (2018)"" AAM/Markosia's Salvage (CV 107665) filed under Boom, or a Boom book neither leg indexes?",search comics.org and comicvine by the shelf name,Salvage (2018) (digital) (d'argh-Empire).cbr,\\Library\Public\5 - Comics\Boom Studios\Salvage (2018),,,,
S15002,Samantha Slade Like A Virgin,,1,refused,R-072,F provider-missing,"is there a NUMBERED run behind these books at all, and if so what are its issue count and start year? (1 file(s)) — the run wins over a collected-edition record when one exists",,,,"re-probed ""Samantha Slade"", ""Like a Virgin"" and ""Robo-Hunter"" --contains on both legs: no ""Like a Virgin"" book",search comics.org and comicvine by the shelf name,Samantha Slade Like A Virgin.cbr,\\Library\Public\5 - Comics\2000AD\Robo-Hunter,,,,
S15049,Santa's Secret Society,2022-2022,1,refused,R-077,F provider-missing,"is there a NUMBERED run behind these books at all, and if so what are its issue count and start year? (our years 2023-2023) — the run wins over a collected-edition record when one exists",,,,"Dynamite/Curiosity's ""Santa's Secret Society"" (2022, 120pp) is in neither catalog",search comics.org and comicvine by the shelf name,Santa's Secret Society (2022) (Curiosity) (digital) (Salem-Empire).cbr,\\Library\Public\5 - Comics\Graphic Novels,,,,
S102542,Saturday AM Annual 2024 (2024),2024-2024,1,refused,R-081,F provider-missing,"does the candidate's issue list REACH the numbers we hold, and does its start year match? (we hold 1 numbered issue file(s); our years 2024-2024) — a record with fewer issues than we own is not this run",,,,neither leg indexes the Saturday AM Annual 2024,search comics.org and comicvine by the shelf name,Saturday AM Annual 2024 (2024) (digital) (DrVink-DCP).cbz,\\Library\Public\5 - Comics\Graphic Novels\_Saturday AM Presents,,,,
S15118,Saving Chupie,2023-2023,1,refused,R-078,F provider-missing,"is there a NUMBERED run behind these books at all, and if so what are its issue count and start year? (our years 2023-2023) — the run wins over a collected-edition record when one exists",,,,a 2023 HarperAlley book neither catalog indexes,search comics.org and comicvine by the shelf name,Saving Chupie (2023) (Harper Alley) (digital) (DrVink-DCP).cbz,\\Library\Public\5 - Comics\Graphic Novels\_Harper (All Imprints),,,,
S15119,Saving Mister Creep,2023-2023,1,refused,R-077,F provider-missing,"is there a NUMBERED run behind these books at all, and if so what are its issue count and start year? (our years 2023-2023) — the run wins over a collected-edition record when one exists",,,,"""Saving Mister Creep"" (2023, 106pp) is in neither catalog",search comics.org and comicvine by the shelf name,Saving Mister Creep (2023) (digital) (DrVink-DCP).cbz,\\Library\Public\5 - Comics\Graphic Novels,,,,
S15121,Sayonara Bye-Bye,,1,refused,R-084,F provider-missing,"is there a NUMBERED run behind these books at all, and if so what are its issue count and start year? (1 file(s)) — the run wins over a collected-edition record when one exists",,,,"untranslated 21pp Asano short with no record in either catalog (probed ""Sayonara Bye"")",search comics.org and comicvine by the shelf name,Sayonara Bye-Bye [M3OW].cbz,\\Library\Public\5 - Comics\Manga\_Inio Asano\Sayonara Bye-Bye,,,,
S103000,Sea of Thieves: The Bonds of Union (2019),2019-2019,1,refused,R-071,F provider-missing,"is there a NUMBERED run behind these books at all, and if so what are its issue count and start year? (our years 2019-2019) — the run wins over a collected-edition record when one exists",,,,Titan's 2019 digital one-shot is in neither catalog,search comics.org and comicvine by the shelf name,Sea of Thieves - The Bonds of Union (2019) (digital) (The Magicians-Empire).cbr,\\Library\Public\5 - Comics\Titan Comics\Sea of Thieves (2018),,,,
S103001,Sea of Thieves: The Price of Gold (2019),2019-2019,1,refused,R-071,F provider-missing,"is there a NUMBERED run behind these books at all, and if so what are its issue count and start year? (our years 2019-2019) — the run wins over a collected-edition record when one exists",,,,Titan's 2019 digital one-shot is in neither catalog,search comics.org and comicvine by the shelf name,Sea of Thieves - The Price of Gold (2019) (digital) (The Magicians-Empire).cbr,\\Library\Public\5 - Comics\Titan Comics\Sea of Thieves (2018),,,,
S103003,Sea of Thieves: The Vision of Order (2019),2019-2019,1,refused,R-071,F provider-missing,"is there a NUMBERED run behind these books at all, and if so what are its issue count and start year? (our years 2019-2019) — the run wins over a collected-edition record when one exists",,,,Titan's 2019 digital one-shot is in neither catalog,search comics.org and comicvine by the shelf name,Sea of Thieves - The Vision of Order (2019) (digital) (The Magicians-Empire).cbr,\\Library\Public\5 - Comics\Titan Comics\Sea of Thieves (2018),,,,
S15371,Sergio Aragonés Presents a MAD Look at Hospitals,2024-2024,1,refused,R-083,F provider-missing,"does the candidate's issue list REACH the numbers we hold, and does its start year match? (we hold 1 numbered issue file(s); our years 2024-2024) — a record with fewer issues than we own is not this run",,,,"as S15370: no 2024 ""MAD Look at"" record in either leg after the R-083 re-probe",search comics.org and comicvine by the shelf name,Sergio Aragonés Presents a MAD Look at Hospitals 001 (2024) (digital-mobile) (Son of Ultron-Empire).cbr,\\Library\Public\5 - Comics\Magazines\MAD Magazine\Sergio Aragonés Presents a MAD Look at ___ (2024),,,,
S15379,Service Area,,1,refused,R-084,F provider-missing,"is there a NUMBERED run behind these books at all, and if so what are its issue count and start year? (1 file(s)) — the run wins over a collected-edition record when one exists",,,,"an untranslated 44pp Asano short with no record in either catalog (probed ""Service Area"")",search comics.org and comicvine by the shelf name,Service Area.cbz,\\Library\Public\5 - Comics\Manga\_Inio Asano,,,,
S15408,Sexy Female Murderesses,2018-2018,1,refused,R-077,F provider-missing,"is there a NUMBERED run behind these books at all, and if so what are its issue count and start year? (our years 2018-2018) — the run wins over a collected-edition record when one exists",,,,"""Sexy Female Murderesses"" (2018, Australian self-published) is in neither catalog",search comics.org and comicvine by the shelf name,Sexy Female Murderesses (2018) (c2c) (fylgja).cbz,\\Library\Public\5 - Comics\Graphic Novels,,,,
S15516,She-Ra Rebel Princess Guide,2019-2019,1,refused,R-065,F provider-missing,"is there a NUMBERED run behind these books at all, and if so what are its issue count and start year? (our years 2019-2019) — the run wins over a collected-edition record when one exists",,,,"licensed non-comics — guides, readers and activity books — are holes in both catalogs",search comics.org and comicvine by the shelf name,She-Ra Rebel Princess Guide (2019) (Tagg-DCP).cbr,\\Library\Public\5 - Comics\Graphic Novels\She-Ra and the Princesses of Power (2020),,,,
S103934,Shi: The Way of the Warrior - Original Art Edition (2024),2024-2024,1,refused,R-091,F provider-missing,"does the candidate's issue list REACH the numbers we hold, and does its start year match? (we hold 1 numbered issue file(s); our years 2017-2017) — a record with fewer issues than we own is not this run",,,,"probed ""Shi: The Way of the Warrior"" --contains, ""Way of the Warrior"" --contains, ""Original Art Edition"" --contains on both legs; no 2024 record",search comics.org and comicvine by the shelf name,Shi - The Way of the Warrior 001 - Original Art Edition (2024) (digital) (Son of Ultron-Empire).cbr,\\Library\Public\5 - Comics\Misc\Shi (1994),,,,
S15715,Skeezix and Uncle Walt,1924-1924,1,refused,R-090,F provider-missing,"is there a NUMBERED run behind these books at all, and if so what are its issue count and start year? (our years 1924-1924) — the run wins over a collected-edition record when one exists",,,,Reilly & Lee's 1920s Gasoline Alley book line is in neither catalog,search comics.org and comicvine by the shelf name,Skeezix and Uncle Walt [Reilly & Lee] (1924).cbz,\\Library\Public\5 - Comics\Webcomics and Strips\Skeezix and Uncle Walt,,,,
S15717,Sketching Guantanamo Court Sketches Of The Military Tribunals 20062012,2013-2013,1,refused,R-075,F provider-missing,"does the candidate's issue list REACH the numbers we hold, and does its start year match? (we hold 1 numbered issue file(s); our years 2013-2013) — a record with fewer issues than we own is not this run",,,,"Fantagraphics' ""Sketching Guantanamo"" (2013) is in neither catalog",search comics.org and comicvine by the shelf name,"Sketching Guantanamo - Court Sketches of the Military Tribunals, 2006-2013 (2013) (Digital-Empire).cbr",\\Library\Public\5 - Comics\Fantagraphics,,,,
S15720,Skin Deep,2024-2024,1,refused,R-088,F provider-missing,"is there a NUMBERED run behind these books at all, and if so what are its issue count and start year? (our years 2024-2024) — the run wins over a collected-edition record when one exists",,,,"probed ""Skin Deep"" --contains on both legs",search comics.org and comicvine by the shelf name,Skin Deep (2024) (Silver Sproket) (digital) (DrVink-DCP).cbz,\\Library\Public\5 - Comics\Silver Sprocket,,,,
S15723,Skip Tracer - Legion,2022-2022,1,refused,R-072,F provider-missing,"is there a NUMBERED run behind these books at all, and if so what are its issue count and start year? (1 collected edition(s); our years 2022-2022) — the run wins over a collected-edition record when one exists",,,,"re-probed ""Skip Tracer"" and ""Legion"" (2022) on both legs: no Rebellion Skip Tracer book",search comics.org and comicvine by the shelf name,Skip Tracer v01 - Legion (2022) (digital) (Torquemada).cbr,\\Library\Public\5 - Comics\2000AD\Skip Tracer,,,,
S15726,Skottie Young - Daily Grind,2014-2014,1,refused,R-088,F provider-missing,"is there a NUMBERED run behind these books at all, and if so what are its issue count and start year? (1 collected edition(s); our years 2014-2014) — the run wins over a collected-edition record when one exists",,,,"probed ""Daily Grind"", ""Skottie Young"" (--contains) on both legs",search comics.org and comicvine by the shelf name,Skottie Young - Daily Grind - v01 (2014) (Digital-Empire).cbz,\\Library\Public\5 - Comics\Misc\_Skottie Young,,,,
S15727,Skottie Young - Stuff,2010-2010,1,refused,R-088,F provider-missing,"is there a NUMBERED run behind these books at all, and if so what are its issue count and start year? (1 collected edition(s); our years 2010-2010) — the run wins over a collected-edition record when one exists",,,,"probed ""Skottie Young"" --contains on both legs",search comics.org and comicvine by the shelf name,Skottie Young - Stuff - v01 (2010) (Digital-Empire).cbz,\\Library\Public\5 - Comics\Misc\_Skottie Young,,,,
S15778,Sliced,2024-2024,1,refused,R-072,F provider-missing,"is there a NUMBERED run behind these books at all, and if so what are its issue count and start year? (our years 2024-2024) — the run wins over a collected-edition record when one exists",,,,"re-probed ""Sliced"" --contains on both legs: no match",search comics.org and comicvine by the shelf name,Sliced (2024) (digital) (Son of Ultron-Empire).cbr,\\Library\Public\5 - Comics\ComiXology Originals\Sliced (2024),,,,
S15799,Smoking Kills,2023-2023,1,refused,R-075,F provider-missing,"is there a NUMBERED run behind these books at all, and if so what are its issue count and start year? (our years 2023-2023) — the run wins over a collected-edition record when one exists",,,,"Fantagraphics Underground's 2023 ""Smoking Kills"" is in neither catalog",search comics.org and comicvine by the shelf name,Smoking Kills (2023) (Fantagraphics Underground) (Digital) (Dipole-Empire).cbz,\\Library\Public\5 - Comics\Fantagraphics,,,,
S15818,Snoopy for President!,2016-2016,1,refused,R-092,F provider-missing,"is there a NUMBERED run behind these books at all, and if so what are its issue count and start year? (our years 2016-2016) — the run wins over a collected-edition record when one exists",,,,a 2016 Peanuts kids' reader absent from both legs,search comics.org and comicvine by the shelf name,Snoopy for President! (2016) (GreenGiant-DCP).cbr,\\Library\Public\5 - Comics\Webcomics and Strips\_Charles Schulz-Peanuts,,,,
S15817,Snoopy Soars to Space - Peanuts Graphic Novels,2023-2023,1,refused,R-092,F provider-missing,"is there a NUMBERED run behind these books at all, and if so what are its issue count and start year? (our years 2023-2023) — the run wins over a collected-edition record when one exists",,,,a 2023 Simon Spotlight Peanuts graphic novel absent from both legs,search comics.org and comicvine by the shelf name,Snoopy Soars to Space - Peanuts Graphic Novels (2023) (GreenGiant-DCP).cbr,\\Library\Public\5 - Comics\Webcomics and Strips\_Charles Schulz-Peanuts,,,,
S15828,Snow Woman,1987-1987,1,refused,R-084,F provider-missing,"is there a NUMBERED run behind these books at all, and if so what are its issue count and start year? (our years 1987-1987) — the run wins over a collected-edition record when one exists",,,,"untranslated Hino volume, absent from both catalogs (probed ""Snow Woman"", ""Yuki-onna"", ""Yuki Onna"")",search comics.org and comicvine by the shelf name,Snow Woman (1987) (Hideshi Hino) (Caterpillar).cbr,\\Library\Public\5 - Comics\Manga\_Hideshi Hino,,,,
S15842,Socrates,2019-2019,1,refused,R-072,F needs-web,"is there a NUMBERED run behind these books at all, and if so what are its issue count and start year? (our years 2019-2019) — the run wins over a collected-edition record when one exists",118454,,118454,"is the ComiXology Original ""Socrates"" (2019, 142pp) the same book as CV 118454 ""POLIS: The Trial of Socrates"", or a comic neither leg indexes?",https://comicvine.gamespot.com/volume/4050-118454/,Socrates (2019) (digital-Empire).cbr,\\Library\Public\5 - Comics\ComiXology Originals\Socrates (2019),,,,
S15849,Solace,2024-2024,1,refused,R-077,F provider-missing,"is there a NUMBERED run behind these books at all, and if so what are its issue count and start year? (1 collected edition(s); our years 1999-1999) — the run wins over a collected-edition record when one exists",,56736,,"Monolith of Minds' 2024 ""Solace"" is in neither catalog",https://www.comics.org/series/56736/,Solace (2024) (Graphic Novel) (Monolith of Minds) (Digital-HD) (LeDuch).cbz,\\Library\Public\5 - Comics\Graphic Novels,,,,
S15872,Something Awful,,1,refused,R-088,F provider-missing,"is there a NUMBERED run behind these books at all, and if so what are its issue count and start year? (1 file(s)) — the run wins over a collected-edition record when one exists",,,,"probed ""Something Awful"" --contains on both legs",search comics.org and comicvine by the shelf name,Something Awful.cbz,\\Library\Public\5 - Comics\Misc\Something Awful,,,,
S15898,Sonic The Hedgehog: Knuckles' Greatest Hits,2023-2023,1,refused,R-083,F provider-missing,"is there a NUMBERED run behind these books at all, and if so what are its issue count and start year? (1 collected edition(s); our years 2024-2024) — the run wins over a collected-edition record when one exists",,,,"neither leg holds IDW's ""Sonic the Hedgehog: Knuckles' Greatest Hits"" — probed the subtitle with and without the apostrophe, ""Greatest Hits"" and ""Sonic"" 2022-2024",search comics.org and comicvine by the shelf name,Sonic the Hedgehog - Knuckles' Greatest Hits (2023) (digital-Empire).cbr,"\\Library\Public\5 - Comics\IDW\Sonic The Hedgehog (2018)\_Trades, minis and one-shots",,,,
S15964,Space Story,2022-2022,1,refused,R-077,F needs-web; F provider-missing,"is there a NUMBERED run behind these books at all, and if so what are its issue count and start year? (our years 2022-2022) — the run wins over a collected-edition record when one exists",,,,"ComicVine has no ""Space Story"" volume",search comics.org and comicvine by the shelf name,Space Story (2022) (Digital) (XRA-Empire).cbz,\\Library\Public\5 - Comics\Graphic Novels,,,,
S15965,Space Trash Vol. 1,2022-2022,1,refused,R-088,F provider-missing,"is there a NUMBERED run behind these books at all, and if so what are its issue count and start year? (1 collected edition(s); our years 2022-2022) — the run wins over a collected-edition record when one exists",,,,"probed ""Space Trash"" --contains on both legs",search comics.org and comicvine by the shelf name,Space Trash v01 (2022) (digital) (DrVink).cbz,\\Library\Public\5 - Comics\Oni Press\Space Trash (2022),,,,
S15973,Spaghetti Midwestern Bricked,2018-2018,1,refused,R-077,F provider-missing,"is there a NUMBERED run behind these books at all, and if so what are its issue count and start year? (our years 2018-2018) — the run wins over a collected-edition record when one exists",,,,"""Spaghetti Midwestern Bricked"" (2018, 169pp) is in neither catalog",search comics.org and comicvine by the shelf name,Spaghetti Midwestern Bricked (2018) (Digital) (DrDoom-Empre).cbz,\\Library\Public\5 - Comics\Graphic Novels,,,,
S16181,Spider-Man in Amazing Adventures,1996-1996,1,refused,R-086,F provider-missing,"is there a NUMBERED run behind these books at all, and if so what are its issue count and start year? (our years 1996-1996) — the run wins over a collected-edition record when one exists",,,,"neither leg holds a 1996 ""Spider-Man in Amazing Adventures"" (probed series, issue and story titles)",search comics.org and comicvine by the shelf name,Spider-Man in Amazing Adventures (1996).cbr,"\\Library\Public\5 - Comics\Marvel\_Spider-Man\__OGNs, Minis & One-shots",,,,
S103888,Spider-Man: Cosmic Chaos! (2024),2024-2024,1,refused,R-087,F provider-missing,"does the candidate's issue list REACH the numbers we hold, and does its start year match? (we hold 1 numbered issue file(s); our years 2019-2019) — a record with fewer issues than we own is not this run",,,,"probed ""Cosmic Chaos"" --contains, ""Mighty Marvel Team-Up"" --contains and ""Spider-Man: Cosmic Chaos"" on both legs: book #3 of the Abrams line is on neither",search comics.org and comicvine by the shelf name,Spider-Man - Cosmic Chaos! (A Mighty Marvel Team-Up #3) (2024) (Digital) (dekabro-Empire).cbz,\\Library\Public\5 - Comics\Marvel\#MARVEL CURRENT ONGOING TITLES\Mighty Marvel Team-Ups (2023),,,,
S16209,Spider-Man: Far From Home Middle Grade Novel,2019-2019,1,refused,R-069,F provider-missing,"does the candidate's issue list REACH the numbers we hold, and does its start year match? (we hold 1 numbered issue file(s); our years 2019-2019) — a record with fewer issues than we own is not this run",,65039,,this prose middle-grade novel has no CV or GCD record under any probed spelling,https://www.comics.org/series/65039/,Spider-Man - Far From Home Middle Grade Novel (2019) (Digital) (dekabro-Empire).cbz,"\\Library\Public\5 - Comics\Marvel\_Spider-Man\__OGNs, Minis & One-shots",,,,
S16273,Spidey and His Amazing Friends: A Very Spidey Christmas,2021-2021,1,refused,R-069,F provider-missing,"does the candidate's issue list REACH the numbers we hold, and does its start year match? (we hold 1 numbered issue file(s); our years 2021-2021) — a record with fewer issues than we own is not this run",,223152,,no CV or GCD record of this storybook; the per-file GCD 223152 is a round2-folder stamp of the 2024 comic,https://www.comics.org/series/223152/,Spidey and His Amazing Friends - A Very Spidey Christmas (2021) (Digital) (dekabro-Empire).cbz,\\Library\Public\5 - Comics\Marvel\_Spider-Man\Spidey and His Amazing Friends v1 (2022),,,,
S16274,Spidey and His Amazing Friends: Construction Destruction,2022-2022,1,refused,R-069,F provider-missing,"does the candidate's issue list REACH the numbers we hold, and does its start year match? (we hold 1 numbered issue file(s); our years 2022-2022) — a record with fewer issues than we own is not this run",,223152,,no CV or GCD record of this storybook; per-file GCD 223152 is the round2 stamp,https://www.comics.org/series/223152/,Spidey and His Amazing Friends - Construction Destruction (2022) (Digital) (dekabro-Empire).cbz,\\Library\Public\5 - Comics\Marvel\_Spider-Man\Spidey and His Amazing Friends v1 (2022),,,,
S16275,Spidey and His Amazing Friends: Panther Patience,2021-2021,1,refused,R-069,F provider-missing,"does the candidate's issue list REACH the numbers we hold, and does its start year match? (we hold 1 numbered issue file(s); our years 2021-2021) — a record with fewer issues than we own is not this run",,223152,,no CV or GCD record of this storybook; per-file GCD 223152 is the round2 stamp,https://www.comics.org/series/223152/,Spidey and His Amazing Friends - Panther Patience (2021) (Digital) (dekabro-Empire).cbz,\\Library\Public\5 - Comics\Marvel\_Spider-Man\Spidey and His Amazing Friends v1 (2022),,,,
S16276,Spidey and His Amazing Friends: Pirate Plunder Blunder,2023-2023,1,refused,R-069,F provider-missing,"does the candidate's issue list REACH the numbers we hold, and does its start year match? (we hold 1 numbered issue file(s); our years 2023-2023) — a record with fewer issues than we own is not this run",,223152,,no CV or GCD record of this storybook; per-file GCD 223152 is the round2 stamp,https://www.comics.org/series/223152/,Spidey and His Amazing Friends - Pirate Plunder Blunder (2023) (Digital) (dekabro-Empire).cbz,\\Library\Public\5 - Comics\Marvel\_Spider-Man\Spidey and His Amazing Friends v1 (2022),,,,
S16277,Spidey and His Amazing Friends: Sandman Won't Share! (Little Golden Book),2022-2022,1,refused,R-069,F provider-missing,"does the candidate's issue list REACH the numbers we hold, and does its start year match? (we hold 1 numbered issue file(s); our years 2022-2022) — a record with fewer issues than we own is not this run",,223152,,no CV or GCD record of this Little Golden Book; per-file GCD 223152 is the round2 stamp,https://www.comics.org/series/223152/,Spidey and His Amazing Friends - Sandman Won't Share (Little Golden Book) (2022) (Digital) (dekabro-Empire).cbz,\\Library\Public\5 - Comics\Marvel\_Spider-Man\Spidey and His Amazing Friends v1 (2022),,,,
S16278,Spidey and His Amazing Friends: Super Hero Hiccups (World of Reading),2021-2021,1,refused,R-069,F provider-missing,"does the candidate's issue list REACH the numbers we hold, and does its start year match? (we hold 1 numbered issue file(s); our years 2021-2021) — a record with fewer issues than we own is not this run",,223152,,no CV or GCD record of this World of Reading book; per-file GCD 223152 is the round2 stamp,https://www.comics.org/series/223152/,Spidey and His Amazing Friends - Super Hero Hiccups (World of Reading) (2021) (Digital) (dekabro-Empire).cbz,\\Library\Public\5 - Comics\Marvel\_Spider-Man\Spidey and His Amazing Friends v1 (2022),,,,
S16279,Spidey and His Amazing Friends: The Power of Three (Little Golden Book),2021-2021,1,refused,R-069,F provider-missing,"does the candidate's issue list REACH the numbers we hold, and does its start year match? (we hold 1 numbered issue file(s); our years 2021-2021) — a record with fewer issues than we own is not this run",,223152,,no CV or GCD record of this Little Golden Book; per-file GCD 223152 is the round2 stamp,https://www.comics.org/series/223152/,Spidey and His Amazing Friends - The Power of Three (Little Golden Book) (2021) (Digital) (dekabro-Empire).cbz,\\Library\Public\5 - Comics\Marvel\_Spider-Man\Spidey and His Amazing Friends v1 (2022),,,,
S16304,Spirits Flying in The Sky,,1,refused,R-084,F provider-missing,"is there a NUMBERED run behind these books at all, and if so what are its issue count and start year? (1 file(s)) — the run wins over a collected-edition record when one exists",,,,"neither catalog indexes this Igarashi collection (probed English title, ""Sora Tobu"", ""Igarashi"")",search comics.org and comicvine by the shelf name,Spirits Flying in The Sky[Illuminati-Manga].cbz,\\Library\Public\5 - Comics\Manga\_Daisuke Igarashi,,,,
S16330,Spree,2021-2021,1,refused,R-090,F provider-missing,"is there a NUMBERED run behind these books at all, and if so what are its issue count and start year? (1 collected edition(s); our years 2021-2021) — the run wins over a collected-edition record when one exists",,,,"Vault's ""Spree"" (2021) has no record on either leg; the stored link is already empty",search comics.org and comicvine by the shelf name,Spree (2021) (digital) (Son of Ultron-Empire).cbr,\\Library\Public\5 - Comics\Vault\Spree (2021),,,,
S102676,Spy Camp the Graphic Novel (2023),2023-2023,1,refused,R-081,F provider-missing,"is there a NUMBERED run behind these books at all, and if so what are its issue count and start year? (1 collected edition(s); our years 2023-2023) — the run wins over a collected-edition record when one exists",,,,neither leg holds the 2023 Spy Camp: The Graphic Novel,search comics.org and comicvine by the shelf name,Spy School - The Graphic Novel v02 - Spy Camp (2023) (Digital) (XRA-Empire).cbz,\\Library\Public\5 - Comics\Graphic Novels\_Simon & Schuster\Spy School - The Graphic Novel (2022),,,,
S16375,Stan Sakai's Usagi Yojimbo - SDCC,,1,refused,R-073,F provider-missing,"is there a NUMBERED run behind these books at all, and if so what are its issue count and start year? (our years 1987-1987) — the run wins over a collected-edition record when one exists",,,,"probed ""SDCC"", ""Art Gallery"", ""Usagi Yojimbo"" --contains on CV and GCD",search comics.org and comicvine by the shelf name,Stan Sakai's Usagi Yojimbo - SDCC 2015 Art Gallery (digital).cbr,"\\Library\Public\5 - Comics\Dark Horse\Usagi Yojimbo (1987)\_Minis, Art Books and One-shots\Art of Usagi Yojimbo",,,,
S16525,Star Wars - Dawn of Rebellion - The Visual Guide,2023-2023,1,refused,R-067,F provider-missing,"is there a NUMBERED run behind these books at all, and if so what are its issue count and start year? (our years 2023-2023) — the run wins over a collected-edition record when one exists",,,,"a 2023 licensed reference book, absent from both catalogs",search comics.org and comicvine by the shelf name,Star Wars - Dawn of Rebellion - The Visual Guide (2023) (Digital) (Kileko-Empire).cbz,\\Library\Public\5 - Comics\Marvel-IDW Star Wars\_Completed Series and Minis,,,,
S16605,Star Wars - The Last Jedi - The Official Movie Companion,2018-2018,1,refused,R-067,F provider-missing,"is there a NUMBERED run behind these books at all, and if so what are its issue count and start year? (our years 2018-2018) — the run wins over a collected-edition record when one exists",,,,Titan's Star Wars movie companions are absent from both catalogs,search comics.org and comicvine by the shelf name,Star Wars - The Last Jedi - The Official Movie Companion (2018) (Digital) (Kileko-Empire).cbz,\\Library\Public\5 - Comics\Marvel-IDW Star Wars\_Film Adaptations,,,,
S67960,Star Wars Vintage Action Figures - A Guide for Collectors,2003-2003,1,refused,R-084,F provider-missing,"is there a NUMBERED run behind these books at all, and if so what are its issue count and start year? (our years 2003-2003) — the run wins over a collected-edition record when one exists",,,,"a licensed non-comic collector guide, absent from both catalogs (probed ""Vintage Action"", ""Guide for Collectors"")",search comics.org and comicvine by the shelf name,Star Wars Vintage Action Figures - A Guide for Collectors (2003) (b0bafett-Empire).cbr,\\Library\Public\5 - Comics\Marvel-IDW Star Wars\_Completed Series and Minis,,,,
S16826,Steam Punk - Idiosincratica,,1,refused,R-088,F provider-missing,"is there a NUMBERED run behind these books at all, and if so what are its issue count and start year? (1 file(s)) — the run wins over a collected-edition record when one exists",,,,"probed ""Idiosincratica"" --contains on both legs",search comics.org and comicvine by the shelf name,Steam Punk - Idiosincratica.cbz,\\Library\Public\5 - Comics\Misc\SteamPunk,,,,
S16842,Steve Lichman-Dave Raposa-01,,1,refused,R-088,F provider-missing,"does the candidate's issue list REACH the numbers we hold, and does its start year match? (we hold 1 numbered issue file(s)) — a record with fewer issues than we own is not this run",,,,"probed ""Lichman"" --contains on both legs",search comics.org and comicvine by the shelf name,Steve Lichman-Dave Raposa-01.cbz,\\Library\Public\5 - Comics\Misc\Steve Lichman,,,,
S16852,Steven Universe: Art & Origins,2017-2017,1,refused,R-062,F provider-missing,"is there a NUMBERED run behind these books at all, and if so what are its issue count and start year? (our years 2017-2017) — the run wins over a collected-edition record when one exists",,,,re-probed after TODO 30: a 2017 Abrams licensed art book absent from both catalogs,search comics.org and comicvine by the shelf name,Steven Universe - Art & Origins (2017) (digital) (Salem-Empire).cbr,\\Library\Public\5 - Comics\Boom Studios\Steven Universe,,,,
S14925,STEWdio - The Naphic Grovel ARTrilogy of Chuck D,2023-2023,1,refused,R-078,F provider-missing,"is there a NUMBERED run behind these books at all, and if so what are its issue count and start year? (our years 2023-2023) — the run wins over a collected-edition record when one exists",,,,a 2023 Enemy Books art book neither catalog indexes,search comics.org and comicvine by the shelf name,STEWdio - The Naphic Grovel ARTrilogy of Chuck D (2023) (digital) (DrVink-DCP).cbz,\\Library\Public\5 - Comics\Graphic Novels\Chuck D (Public Enemy),,,,
S16978,Strikers - A Graphic Novel,2023-2023,1,refused,R-077,F provider-missing,"is there a NUMBERED run behind these books at all, and if so what are its issue count and start year? (our years 2023-2023) — the run wins over a collected-edition record when one exists",,,,"Graphic Universe's ""Strikers"" (2023, 168pp) is in neither catalog",search comics.org and comicvine by the shelf name,Strikers - A Graphic Novel (2023) (digital) (DrVink-DCP).cbz,\\Library\Public\5 - Comics\Graphic Novels,,,,
S17018,Sugar and Other Stories,2023-2023,1,refused,R-088,F provider-missing,"is there a NUMBERED run behind these books at all, and if so what are its issue count and start year? (our years 2023-2023) — the run wins over a collected-edition record when one exists",,,,"probed ""Sugar and Other"" --contains on both legs",search comics.org and comicvine by the shelf name,Sugar and Other Stories (2023) (digital) (DrVink).cbz,\\Library\Public\5 - Comics\Silver Sprocket,,,,
S17055,Summer of Hamn - Hollowpointlessness Aiding Mass Nihilism,2023-2023,1,refused,R-078,F provider-missing,"is there a NUMBERED run behind these books at all, and if so what are its issue count and start year? (our years 2023-2023) — the run wins over a collected-edition record when one exists",,,,a 2023 Enemy Books title neither catalog indexes,search comics.org and comicvine by the shelf name,Summer of Hamn - Hollowpointlessness Aiding Mass Nihilism (2023) (digital) (DrVink-DCP).cbz,\\Library\Public\5 - Comics\Graphic Novels\Chuck D (Public Enemy),,,,
S17074,Sunhead,2024-2024,1,refused,R-078,F provider-missing,"is there a NUMBERED run behind these books at all, and if so what are its issue count and start year? (our years 2024-2024) — the run wins over a collected-edition record when one exists",,,,a 2024 Harper book neither catalog indexes,search comics.org and comicvine by the shelf name,Sunhead (2024) (digital) (DrVink-HD-DCP).cbz,\\Library\Public\5 - Comics\Graphic Novels\_Harper (All Imprints),,,,
S17076,Sunshine - A Graphic Novel,2023-2023,1,refused,R-081,F provider-missing,"is there a NUMBERED run behind these books at all, and if so what are its issue count and start year? (our years 2023-2023) — the run wins over a collected-edition record when one exists",,,,a 2023 Graphix book in neither catalog,search comics.org and comicvine by the shelf name,Sunshine - A Graphic Novel (2023) (Digital Rip) (Hourman-DCP).cbr,\\Library\Public\5 - Comics\Graphic Novels\_Schoolastic & Graphix\Sunshine - A Graphic Novel (2023),,,,
S17089,Super Mario Bros. Encyclopedia: The Official Guide to the First 30 Years,2018-2018,1,refused,R-073,F provider-missing,"is there a NUMBERED run behind these books at all, and if so what are its issue count and start year? (our years 2018-2018) — the run wins over a collected-edition record when one exists",,,,"probed ""Super Mario Bros. Encyclopedia"", ""Mario Encyclopedia"" --contains on CV and GCD",search comics.org and comicvine by the shelf name,Super Mario Bros. Encyclopedia - The Official Guide to the First 30 Years (2018) (Digital) (Bean-Empire).cbz,\\Library\Public\5 - Comics\Dark Horse\Super Mario Bros,,,,
S17139,Supergirl - Daughter of Krypton,2016-2016,1,refused,R-062,F provider-missing,"is there a NUMBERED run behind these books at all, and if so what are its issue count and start year? (our years 2016-2016) — the run wins over a collected-edition record when one exists",,,,re-probed after TODO 30: neither ComicVine nor the GCD dump holds the DC Backstories line,search comics.org and comicvine by the shelf name,Supergirl - Daughter of Krypton (Backstories) (2016) (Digital Rip) (Hourman-DCP).cbr,\\Library\Public\5 - Comics\DC\_Backstories,,,,
S17352,"Supplementary Volume, Kamen Rider Saber Manga: Kamen Rider Buster",,1,parked 0.7,R-083,"parked at 0.7 — one leg, something unexplained; F provider-missing","does the candidate's issue list REACH the numbers we hold, and does its start year match? (we hold 1 numbered issue file(s); our years 2021-2021) — a record with fewer issues than we own is not this run",157112,,,GCD indexes no Kamen Rider Buster or Saber manga,https://comicvine.gamespot.com/volume/4050-157112/,"Supplementary Volume, Kamen Rider Saber Manga - Kamen Rider Buster, 2021-02-00 (#01) (digital) (scanlation) (GenmCorp).cbz",\\Library\Public\5 - Comics\Manga\Kamen Rider (1971),,,,
S17477,Taarna Elements,2021-2021,1,refused,R-119,F provider-missing,"does the candidate's issue list REACH the numbers we hold, and does its start year match? (we hold 1 numbered issue file(s); our years 2021-2021) — a record with fewer issues than we own is not this run",,120469,,"neither catalog indexes ""Taarna Elements"" (2021), probed as ""Taarna"" --contains on both legs",https://www.comics.org/series/120469/,Taarna Elements (2021) (digital) (Son of Ultron-Empire).cbr,\\Library\Public\5 - Comics\Heavy Metal\Taarna (2018),,,,
S17479,Table Titans Club,2024-2024,1,refused,R-078,F provider-missing,"is there a NUMBERED run behind these books at all, and if so what are its issue count and start year? (our years 2024-2024) — the run wins over a collected-edition record when one exists",,,,a 2024 Holiday House book neither catalog indexes,search comics.org and comicvine by the shelf name,Table Titans Club (2024) (Holiday House) (Digital Rip) (Hourman-DCP).cbr,\\Library\Public\5 - Comics\Graphic Novels\_Holiday House,,,,
S17528,Tales of Terror: A Graphix Book (Marvel's Rocket and Groot),2024-2024,1,refused,R-084,F provider-missing,"is there a NUMBERED run behind these books at all, and if so what are its issue count and start year? (our years 2024-2024) — the run wins over a collected-edition record when one exists",,,,"Scholastic Graphix's licensed Marvel kids' line is in neither catalog (probed ""Rocket and Groot"", ""Tales of Terror"")",search comics.org and comicvine by the shelf name,Marvel's Rocket and Groot - Tales of Terror - A Graphix Book (2024) (Digital) (dekabro-Empire).cbz,\\Library\Public\5 - Comics\Marvel\_Guardians of the Galaxy\_Rocket Raccoon and Groot,,,,
S17591,Tank girl,,1,refused,R-088,F provider-missing,"is there a NUMBERED run behind these books at all, and if so what are its issue count and start year? (our years 1988-1988) — the run wins over a collected-edition record when one exists",,,,"probed ""Coletanea"", ""Tank Girl"" (--contains) on both legs",search comics.org and comicvine by the shelf name,Tank Girl - Coletanea Animal.cbr,\\Library\Public\5 - Comics\Misc\Tank Girl (1988)\09 We Hate Tank Girl (2009),,,,
S17614,Tank Girl GN,,1,parked 0.7,R-088,"parked at 0.7 — one leg, something unexplained","is there a NUMBERED run behind these books at all, and if so what are its issue count and start year? (our years 1988-1988) — the run wins over a collected-edition record when one exists",56274,,,"kept at 0.7 with a NEW doubt: the file ""Tank Girl GN.cbz"" has no readable page count and sits in the subfolder ""Tank Girl Vol. 01 - Color edition"" inside ""01 Tank Girl Classic (2012)""; the folder places it with Titan's 2012 Tank Girl Classic (CV 56274, S17613), but ""Color edition"" equally names Tita",https://comicvine.gamespot.com/volume/4050-56274/,Tank Girl GN.cbz,\\Library\Public\5 - Comics\Misc\Tank Girl (1988)\01 Tank Girl Classic (2012)\Tank Girl Vol. 01 - Color edition,,,,
S17785,Teratoid heights,2003-2003,1,refused,R-077,F provider-missing,"is there a NUMBERED run behind these books at all, and if so what are its issue count and start year? (our years 2003-2003) — the run wins over a collected-edition record when one exists",,,,"Highwater Books' ""Teratoid Heights"" (Mat Brinkman 2003) is in neither catalog",search comics.org and comicvine by the shelf name,Teratoid Heights (2003) (tunafan).cbr,\\Library\Public\5 - Comics\Graphic Novels,,,,
S17920,The All-New Adventures of Magnum P.I.,2020-2020,1,refused,R-088,F provider-missing,"does the candidate's issue list REACH the numbers we hold, and does its start year match? (we hold 1 numbered issue file(s); our years 2020-2020) — a record with fewer issues than we own is not this run",,,,"probed ""Magnum P.I."" --contains and ""Magnum"" --year 2020 on both legs",search comics.org and comicvine by the shelf name,The All-New Adventures of Magnum P.I. 001 (2020) (c2c) (Lusiphur-DCP).cbz,\\Library\Public\5 - Comics\Misc\The All-New Adventures of Magnum P.I. (2020),,,,
S17976,The Art of Goosebumps,2021-2021,1,refused,R-063,F provider-missing,"is there a NUMBERED run behind these books at all, and if so what are its issue count and start year? (our years 2021-2021) — the run wins over a collected-edition record when one exists",,,,re-probed after TODO 30: Dynamite's licensed Goosebumps art book is absent from both catalogs,search comics.org and comicvine by the shelf name,The Art of Goosebumps (2021) (Digital) (DR & Quinch-Empire).cbr,\\Library\Public\5 - Comics\Dynamite\The Art of Goosebumps (2021),,,,
S102550,The Art of Masters of the Universe: Origins and Masterverse (2023),2023-2023,1,refused,R-063,F provider-missing,"is there a NUMBERED run behind these books at all, and if so what are its issue count and start year? (our years 2023-2023) — the run wins over a collected-edition record when one exists",,,,no CV volume and no GCD series for the 2023 Origins and Masterverse art book,search comics.org and comicvine by the shelf name,The Art of Masters of the Universe - Origins and Masterverse (2023) (digital) (The Magicians-Empire).cbr,\\Library\Public\5 - Comics\Dark Horse\Masters of the Universe\_Art Books,,,,
S17988,The Art of Nausicaa,,1,refused,R-084,F provider-missing,"is there a NUMBERED run behind these books at all, and if so what are its issue count and start year? (1 file(s)) — the run wins over a collected-edition record when one exists",,,,"no catalog row matches a 105pp Nausicaä artbook (probed ""Nausica"" on series/issue/story/CV issue names)",search comics.org and comicvine by the shelf name,The Art of Nausicaa.cbr,\\Library\Public\5 - Comics\Manga\_Hayao Miyazaki\Nausicaa of the Valley of the Wind\Nausicaa of the Valley of the Wind (Deluxe Edition),,,,
S17995,The Art of Star Wars,1979-1979,1,refused,R-084,F provider-missing,"is there a NUMBERED run behind these books at all, and if so what are its issue count and start year? (our years 1979-1979) — the run wins over a collected-edition record when one exists",,,,"neither provider indexes Ballantine's 1979 The Art of Star Wars (probed ""Art of Star Wars"")",search comics.org and comicvine by the shelf name,The Art of Star Wars (Ballantine Books) (1979).cbr,\\Library\Public\5 - Comics\Marvel-IDW Star Wars\_The Art of Star Wars,,,,
S17997,The Art of Star Wars - Visions,2022-2022,1,refused,R-084,F provider-missing,"is there a NUMBERED run behind these books at all, and if so what are its issue count and start year? (our years 2022-2022) — the run wins over a collected-edition record when one exists",,,,"neither provider indexes Dark Horse's The Art of Star Wars: Visions (probed ""Art of Star Wars"", ""Visions"")",search comics.org and comicvine by the shelf name,The Art of Star Wars - Visions (2022) (digital) (The Magicians-Empire).cbr,\\Library\Public\5 - Comics\Marvel-IDW Star Wars\_The Art of Star Wars,,,,
S18001,The Art of Tiny Tina's Wonderlands,2023-2023,1,refused,R-063,F provider-missing,"is there a NUMBERED run behind these books at all, and if so what are its issue count and start year? (our years 2023-2023) — the run wins over a collected-edition record when one exists",,,,re-probed after TODO 30: neither catalog indexes this art book,search comics.org and comicvine by the shelf name,The Art of Tiny Tina's Wonderlands (2023) (digital) (DrVink).cbz,\\Library\Public\5 - Comics\Dark Horse\Tiny Tina's Wonderlands,,,,
S18052,The Baker and the Bard - A Cozy Fantasy Adventure,2024-2024,1,refused,R-078,F provider-missing,"is there a NUMBERED run behind these books at all, and if so what are its issue count and start year? (our years 2024-2024) — the run wins over a collected-edition record when one exists",,,,a 2024 book neither catalog indexes,search comics.org and comicvine by the shelf name,The Baker and the Bard - A Cozy Fantasy Adventure (2024) (Digital) (XRA-Empire).cbz,"\\Library\Public\5 - Comics\Graphic Novels\_Henry Holt, MacMillan",,,,
S18073,The Bawk-ness Monster,2023-2023,1,refused,R-075,F provider-missing,"is there a NUMBERED run behind these books at all, and if so what are its issue count and start year? (our years 2023-2023) — the run wins over a collected-edition record when one exists",,,,"First Second's 2023 ""The Bawk-ness Monster (Cryptid Kids)"" is in neither catalog",search comics.org and comicvine by the shelf name,The Bawk-ness Monster (Cryptid Kids) (2023) (digital) (DrVink).cbz,\\Library\Public\5 - Comics\FirstSecond,,,,
S18162,The born loser's guide to life,,1,refused,R-090,F provider-missing,"is there a NUMBERED run behind these books at all, and if so what are its issue count and start year? (1 file(s)) — the run wins over a collected-edition record when one exists",,,,Topper Books' 1990 Born Loser collection is in neither catalog,search comics.org and comicvine by the shelf name,The Born Loser's Guide to Life (Topper 1990).cbr,\\Library\Public\5 - Comics\Webcomics and Strips\The Born Loser,,,,
S18163,The Bowerbird,2013-2013,1,parked 0.7,R-077,"parked at 0.7 — one leg, something unexplained; F needs-web; F provider-missing","is there a NUMBERED run behind these books at all, and if so what are its issue count and start year? (our years 2013-2013) — the run wins over a collected-edition record when one exists",80048,,,"GCD has no ""Bowerbird"" row",https://comicvine.gamespot.com/volume/4050-80048/,The Bowerbird (2013) (digital) (d'argh-Empire).cbr,\\Library\Public\5 - Comics\Graphic Novels,,,,
S18167,The Boy With Nails for Eyes,2022-2022,1,refused,R-078,F provider-missing,"is there a NUMBERED run behind these books at all, and if so what are its issue count and start year? (1 collected edition(s); our years 2022-2022) — the run wins over a collected-edition record when one exists",,,,a 2022 Cast Iron Books title neither catalog indexes,search comics.org and comicvine by the shelf name,The Boy With Nails for Eyes Vol. 01 - Bobby (2022) (Cast Iron Books) (digital) (JeffAlbertson-DCP).cbz,\\Library\Public\5 - Comics\Graphic Novels\_Cast Iron Books,,,,
S18172,The Boys Script Book Volume One,2022-2022,1,refused,R-075,F provider-missing,"is there a NUMBERED run behind these books at all, and if so what are its issue count and start year? (1 collected edition(s); our years 2022-2022) — the run wins over a collected-edition record when one exists",,,,"Dynamite's 2022 ""The Boys - Selected Scripts by Garth Ennis v01"" is in neither catalog; ComicInfo asserts title and publisher only",search comics.org and comicvine by the shelf name,The Boys - Selected Scripts by Garth Ennis v01 (2022) (Digital) (DR & Quinch-Empire).cbr,\\Library\Public\5 - Comics\Dynamite\The Boys (2006),,,,
S18219,The Chromatic Fantasy,2023-2023,1,refused,R-088,F provider-missing,"is there a NUMBERED run behind these books at all, and if so what are its issue count and start year? (our years 2023-2023) — the run wins over a collected-edition record when one exists",,,,"probed ""Chromatic"" --contains on both legs",search comics.org and comicvine by the shelf name,The Chromatic Fantasy (2023) (ADULT) (digital) (DrVink-DCP).cbz,\\Library\Public\5 - Comics\Silver Sprocket,,,,
S18243,The Cold Ever After,,1,refused,R-090,F provider-missing,"is there a NUMBERED run behind these books at all, and if so what are its issue count and start year? (our years 2024-2024) — the run wins over a collected-edition record when one exists",,,,a 2024 Titan graphic novel absent from both legs,search comics.org and comicvine by the shelf name,The Cold Ever After (Titan 2024) (webrip) (MagicMan-DCP).cbr,\\Library\Public\5 - Comics\Titan Comics\The Cold Ever After (2024),,,,
S68137,The Complete Guide to Asterix,1995-1995,1,refused,R-086,F provider-missing,"is there a NUMBERED run behind these books at all, and if so what are its issue count and start year? (our years 1995-1995) — the run wins over a collected-edition record when one exists",,,,"a licensed guide book, absent from both legs (probed ""Guide to Asterix"" everywhere)",search comics.org and comicvine by the shelf name,The Complete Guide to Asterix [Hodder Children's Books] (1995).cbr,\\Library\Public\5 - Comics\Misc\Asterix (1961)\Miscellany,,,,
S18316,The Curse: A Graphic Ballad,2024-2024,1,refused,R-077,F provider-missing,"is there a NUMBERED run behind these books at all, and if so what are its issue count and start year? (1 collected edition(s); our years 2024-2024) — the run wins over a collected-edition record when one exists",,56736,,"the self-published ""The Curse: A Graphic Ballad"" Vol. 01 (2024, 288pp) is in neither catalog",https://www.comics.org/series/56736/,The Curse - A Graphic Ballad Vol. 01 (2024) (Self Published) (Digital-HD) (LeDuch).cbz,\\Library\Public\5 - Comics\Graphic Novels,,,,
S18412,The Design Artbook of Lupin III the Woman Called Fujiko Mine,,1,refused,R-084,F provider-missing,"is there a NUMBERED run behind these books at all, and if so what are its issue count and start year? (1 file(s)) — the run wins over a collected-edition record when one exists",,,,"neither catalog holds the Fujiko Mine design artbook under the full title, ""Fujiko"" or ""Fujiko Mine""",search comics.org and comicvine by the shelf name,The Design Artbook of Lupin III the Woman Called Fujiko Mine.cbr,\\Library\Public\5 - Comics\Manga\Lupin III,,,,
S63687,The Dream Factory,2023-2023,1,refused,R-075,F provider-missing,"does the candidate's issue list REACH the numbers we hold, and does its start year match? (we hold 1 numbered issue file(s); our years 2023-2023) — a record with fewer issues than we own is not this run",,,,"""The Dream Factory Book 01"" (Europe Comics 2023) is in neither catalog",search comics.org and comicvine by the shelf name,The Dream Factory Book 01 (2023) (digital) (Mr Norrell-Empire).cbr,\\Library\Public\5 - Comics\Europe Comics\The Dream Factory (2023),,,,
S18555,The Faint of Heart,2023-2023,1,refused,R-078,F provider-missing,"is there a NUMBERED run behind these books at all, and if so what are its issue count and start year? (our years 2023-2023) — the run wins over a collected-edition record when one exists",,,,a 2023 Greenwillow/HarperAlley book neither catalog indexes,search comics.org and comicvine by the shelf name,The Faint of Heart (2023) (Greenwillow-Harper Alley) (Digital) (XRA-Empire).cbz,\\Library\Public\5 - Comics\Graphic Novels\_Harper (All Imprints),,,,
S18558,The Fall Of The House Of Usher: A Graphic Novel,2023-2023,1,refused,R-072,F provider-missing,"is there a NUMBERED run behind these books at all, and if so what are its issue count and start year? (our years 2023-2023) — the run wins over a collected-edition record when one exists",,,,"re-probed ""House of Usher"", ""Usher"" and ""Fall of the House"" on both legs: no 2023 Ablaze edition",search comics.org and comicvine by the shelf name,The Fall of the House of Usher (2023) (Ablaze) (Digital-Empire).cbz,\\Library\Public\5 - Comics\Ablaze\The Fall of the House of Usher (2023),,,,
S18642,The Fox Maidens,2024-2024,1,refused,R-078,F provider-missing,"is there a NUMBERED run behind these books at all, and if so what are its issue count and start year? (our years 2024-2024) — the run wins over a collected-edition record when one exists",,,,a 2024 HarperAlley book neither catalog indexes,search comics.org and comicvine by the shelf name,The Fox Maidens (2024) (Digital) (XRA-Empire).cbz,\\Library\Public\5 - Comics\Graphic Novels\_Harper (All Imprints),,,,
S18665,The Ghastly Ones and Other Fiendish Frolics,1995-1995,1,refused,R-075,F provider-missing,"is there a NUMBERED run behind these books at all, and if so what are its issue count and start year? (our years 1995-1995) — the run wins over a collected-edition record when one exists",,,,Kitchen Sink's 1995 Richard Sala book is in neither catalog (EAN 9780916397401 unmatched in D-006),search comics.org and comicvine by the shelf name,The Ghastly Ones & Other Fiendish Frolics (Richard Sala) (c2c) (SD) (1995) (fylgja).cbz,\\Library\Public\5 - Comics\Fantagraphics\_Richard Sala,,,,
S18671,The Ghost of Wreckers Cove,2022-2022,1,refused,R-072,F provider-missing,"is there a NUMBERED run behind these books at all, and if so what are its issue count and start year? (our years 2022-2022) — the run wins over a collected-edition record when one exists",,,,"re-probed ""Wreckers"" --contains and the full title on both legs: no match",search comics.org and comicvine by the shelf name,The Ghost of Wreckers Cove (2022) (digital) (Mr Norrell-Empire).cbr,\\Library\Public\5 - Comics\ComiXology Originals\The Ghost of Wreckers Cove (2022),,,,
S18672,The Ghostkeeper,2024-2024,1,refused,R-077,F provider-missing,"is there a NUMBERED run behind these books at all, and if so what are its issue count and start year? (our years 2024-2024) — the run wins over a collected-edition record when one exists",,,,"""The Ghostkeeper"" (2024, 273pp) is in neither catalog",search comics.org and comicvine by the shelf name,The Ghostkeeper (2024) (Digital Rip) (Hourman-DCP).cbr,\\Library\Public\5 - Comics\Graphic Novels,,,,
S18693,The Golden Voice - The Ballad of Cambodian Rock's Lost Queen,,1,refused,R-081,F provider-missing,"is there a NUMBERED run behind these books at all, and if so what are its issue count and start year? (our years 2023-2023) — the run wins over a collected-edition record when one exists",,,,a 2023 Humanoids / Life Drawn book in neither catalog,search comics.org and comicvine by the shelf name,The Golden Voice - The Ballad of Cambodian Rock's Lost Queen (Humanoids 2023) (webrip) (MagicMan-DCP).cbr,\\Library\Public\5 - Comics\Humanoids\The Golden Voice - The Ballad of Cambodian Rock's Lost Queen (2023),,,,
S18694,"The Golem Complex - Art, My Mother, and Me",2024-2024,1,refused,R-075,F provider-missing,"is there a NUMBERED run behind these books at all, and if so what are its issue count and start year? (our years 2024-2024) — the run wins over a collected-edition record when one exists",,,,this 2024 Europe Comics album is in neither catalog,search comics.org and comicvine by the shelf name,"The Golem Complex - Art, My Mother, and Me (2024) (Digital) (Dipole-Empire).cbz","\\Library\Public\5 - Comics\Europe Comics\The Golem Complex - Art, My Mother, and Me (2024)",,,,
S18756,The Harrowing,2024-2024,1,refused,R-078,F provider-missing,"is there a NUMBERED run behind these books at all, and if so what are its issue count and start year? (our years 2024-2024) — the run wins over a collected-edition record when one exists",,,,a 2024 book neither catalog indexes,search comics.org and comicvine by the shelf name,The Harrowing (2024) (digital) (DrVink-DCP).cbz,"\\Library\Public\5 - Comics\Graphic Novels\_Abrams ComicArts (& Amulet, Megascope, Surely)",,,,
S18781,The Hill,2016-2016,1,refused,R-077,F provider-missing,"is there a NUMBERED run behind these books at all, and if so what are its issue count and start year? (our years 2016-2016) — the run wins over a collected-edition record when one exists",,,,"no 2016 ""The Hill"" (131pp) is in either catalog",search comics.org and comicvine by the shelf name,The Hill (2016) (digital) (DrVink).cbz,\\Library\Public\5 - Comics\Graphic Novels,,,,
S18849,The Invisible War - A World War I Tale on Two Scales,2016-2016,1,refused,R-077,F provider-missing,"is there a NUMBERED run behind these books at all, and if so what are its issue count and start year? (our years 2016-2016) — the run wins over a collected-edition record when one exists",,,,"""The Invisible War - A World War I Tale on Two Scales"" (2016, 84pp) is in neither catalog",search comics.org and comicvine by the shelf name,The Invisible War - A World War I Tale on Two Scales (2016) (Digital) (XRA-Empire).cbz,\\Library\Public\5 - Comics\Graphic Novels,,,,
S11840,The Iron Master (Masters of the Universe),1984-1984,1,refused,R-063,F provider-missing,"is there a NUMBERED run behind these books at all, and if so what are its issue count and start year? (our years 1984-1984) — the run wins over a collected-edition record when one exists",,,,re-probed after TODO 30: a licensed Ladybird storybook absent from both catalogs (Open Library OL6828179W is the only record),search comics.org and comicvine by the shelf name,Masters of the Universe - The Iron Master (1984) (Ladybird) (pdf-rip) (TheRastaCrew).cbr,\\Library\Public\5 - Comics\Dark Horse\Masters of the Universe,,,,
S18909,The Last Delivery,2024-2024,1,refused,R-078,F provider-missing,"is there a NUMBERED run behind these books at all, and if so what are its issue count and start year? (our years 2024-2024) — the run wins over a collected-edition record when one exists",,,,a 2024 Iron Circus book neither catalog indexes,search comics.org and comicvine by the shelf name,The Last Delivery (Evan Dahm) (2024) (Iron Circus) (Digital) (Dipole-Empire).cbz,\\Library\Public\5 - Comics\Graphic Novels\_Iron Circus,,,,
S18951,The Lestrygonians : Episode 1,2023-2023,1,refused,R-088,F provider-missing,"does the candidate's issue list REACH the numbers we hold, and does its start year match? (we hold 1 numbered issue file(s); our years 2023-2023) — a record with fewer issues than we own is not this run",,,,"probed ""Lestrygonians"" --contains on both legs",search comics.org and comicvine by the shelf name,The Lestrygonians 001 (2023) (digital) (DrVink-DCP).cbz,\\Library\Public\5 - Comics\Misc\The Lestrygonians (2023),,,,
S18975,The Little Wooden Robot and the Log,2021-2021,1,refused,R-077,F provider-missing,"is there a NUMBERED run behind these books at all, and if so what are its issue count and start year? (our years 2021-2021) — the run wins over a collected-edition record when one exists",,,,"Neal Porter Books' ""The Little Wooden Robot and the Log Princess"" (2021, 40pp) is in neither catalog",search comics.org and comicvine by the shelf name,The Little Wooden Robot and the Log (2021) (digital) (DrVink).cbz,\\Library\Public\5 - Comics\Graphic Novels,,,,
S19176,The Mysteries,2023-2023,1,refused,R-078,F provider-missing,"is there a NUMBERED run behind these books at all, and if so what are its issue count and start year? (our years 2023-2023) — the run wins over a collected-edition record when one exists",,,,Watterson and Kascht's 2023 book is in neither catalog,search comics.org and comicvine by the shelf name,The Mysteries by Bill Watterson & John Kascht (2023) (c2c) (JeffAlbertson-DCP).cbz,\\Library\Public\5 - Comics\Graphic Novels\_Andrews McMeel,,,,
S19180,The Mythmakers - The Remarkable Fellowship of C.S. Lewis and J.R.R. Tolkien,2024-2024,1,refused,R-065,F provider-missing,"is there a NUMBERED run behind these books at all, and if so what are its issue count and start year? (our years 2024-2024) — the run wins over a collected-edition record when one exists",,,,a 2024 Abrams ComicArts book past the ComicVine rip's horizon and absent from the GCD dump,search comics.org and comicvine by the shelf name,The Mythmakers - The Remarkable Fellowship of C.S. Lewis & J.R.R. Tolkien (2024) (digital) (Mr Norrell-Empire).cbr,"\\Library\Public\5 - Comics\Graphic Novels\_Abrams ComicArts (& Amulet, Megascope, Surely)",,,,
S19203,The New Girl: A Graphic Novel,2024-2024,1,refused,R-081,F provider-missing,"is there a NUMBERED run behind these books at all, and if so what are its issue count and start year? (our years 2024-2024) — the run wins over a collected-edition record when one exists",,,,a 2024 Graphix book in neither catalog,search comics.org and comicvine by the shelf name,The New Girl (2024) (Schoolastic) (Digital) (XRA-Empire).cbz,\\Library\Public\5 - Comics\Graphic Novels\_Schoolastic & Graphix\The New Girl (2024),,,,
S19229,The Night Never Ends,2024-2024,1,refused,R-090,F provider-missing,"is there a NUMBERED run behind these books at all, and if so what are its issue count and start year? (our years 2024-2024) — the run wins over a collected-edition record when one exists",,,,"2024 Silver Sprocket book, absent from both legs under the full title and the ""Night Never Ends"" fragment",search comics.org and comicvine by the shelf name,The Night Never Ends (2024) (Silver Sprocket) (digital) (DrVink-DCP).cbz,\\Library\Public\5 - Comics\Silver Sprocket,,,,
S19296,The Order of the Stick - Coloring Book!,2012-2012,1,refused,R-071,F provider-missing,"is there a NUMBERED run behind these books at all, and if so what are its issue count and start year? (our years 2012-2012) — the run wins over a collected-edition record when one exists",,,,the OOTS colouring book is indexed by neither catalog,search comics.org and comicvine by the shelf name,The Order of the Stick - Coloring Book! (2012) (c2c) (Novus Year Four) (Hugh the Huggy Manatee-Novus-HD).cbr,\\Library\Public\5 - Comics\Webcomics and Strips\Order of the Stick,,,,
S19312,The Other Jerusalem,2023-2023,1,refused,R-075,F provider-missing,"is there a NUMBERED run behind these books at all, and if so what are its issue count and start year? (our years 2023-2023) — the run wins over a collected-edition record when one exists",,,,this 2023 Europe Comics album is in neither catalog,search comics.org and comicvine by the shelf name,The Other Jerusalem (2023) (digital) (Son of Ultron-Empire).cbr,\\Library\Public\5 - Comics\Europe Comics\The Other Jerusalem (2023),,,,
S19314,The Other Side of Tomorrow,2024-2024,1,refused,R-078,F provider-missing,"is there a NUMBERED run behind these books at all, and if so what are its issue count and start year? (our years 2024-2024) — the run wins over a collected-edition record when one exists",,,,a 2024 HarperAlley book neither catalog indexes,search comics.org and comicvine by the shelf name,The Other Side of Tomorrow (2024) (Digital) (XRA-Empire).cbz,\\Library\Public\5 - Comics\Graphic Novels\_Harper (All Imprints),,,,
S19327,The Pale Queen,2024-2024,1,refused,R-065,F provider-missing,"is there a NUMBERED run behind these books at all, and if so what are its issue count and start year? (our years 2024-2024) — the run wins over a collected-edition record when one exists",,,,a 2024 HarperAlley book neither catalog indexes,search comics.org and comicvine by the shelf name,The Pale Queen (2024) (Digital) (XRA-Empire).cbz,\\Library\Public\5 - Comics\Graphic Novels\_Harper (All Imprints),,,,
S19424,The Rainbow Catcher,2023-2023,1,refused,R-075,F provider-missing,"is there a NUMBERED run behind these books at all, and if so what are its issue count and start year? (our years 2023-2023) — the run wins over a collected-edition record when one exists",,,,this 2023 Europe Comics album is in neither catalog; openlibrary OL43934672W is our only external record,search comics.org and comicvine by the shelf name,The Rainbow Catcher (2023) (digital) (Mr Norrell-Empire).cbr,\\Library\Public\5 - Comics\Europe Comics\The Rainbow Catcher (2023),,,,
S19457,The Retreat,2010-2010,1,refused,R-077,F provider-missing,"is there a NUMBERED run behind these books at all, and if so what are its issue count and start year? (our years 2010-2010) — the run wins over a collected-edition record when one exists",,,,"no 2010 ""The Retreat"" is in either catalog",search comics.org and comicvine by the shelf name,The Retreat (2010) (digital-Empire).cbz,\\Library\Public\5 - Comics\Graphic Novels,,,,
S19501,The Russian Detective,2024-2024,1,refused,R-078,F provider-missing,"is there a NUMBERED run behind these books at all, and if so what are its issue count and start year? (our years 2024-2024) — the run wins over a collected-edition record when one exists",,,,a 2024 book neither catalog indexes,search comics.org and comicvine by the shelf name,The Russian Detective (2024) (Digital) (phillywilly-Empire).cbz,\\Library\Public\5 - Comics\Graphic Novels\_Jonathan Cape,,,,
S19514,The Sandman Presents - Marquee Moon,,1,refused,R-090,F provider-missing,"is there a NUMBERED run behind these books at all, and if so what are its issue count and start year? (our years 1989-1989) — the run wins over a collected-edition record when one exists",,,,an unpublished Vertigo Sandman Presents book; nothing exists to link,search comics.org and comicvine by the shelf name,The Sandman Presents - Marquee Moon (Unpublished).cbr,\\Library\Public\5 - Comics\Vertigo\Sandman and Death (1989)\The Sandman Presents,,,,
S19552,The Secret History of Black Punk - Record Zero,2023-2023,1,refused,R-090,F provider-missing,"is there a NUMBERED run behind these books at all, and if so what are its issue count and start year? (our years 2023-2023) — the run wins over a collected-edition record when one exists",,,,"""The Secret History of Black Punk - Record Zero"" (Silver Sprocket 2023) has no record on either leg",search comics.org and comicvine by the shelf name,The Secret History of Black Punk - Record Zero (2023) (digital) (DrVink).cbz,\\Library\Public\5 - Comics\Silver Sprocket,,,,
S19616,The Silverwing Trilogy,2023-2023,1,refused,R-081,F provider-missing,"does the candidate's issue list REACH the numbers we hold, and does its start year match? (we hold 1 numbered issue file(s); our years 2023-2023) — a record with fewer issues than we own is not this run",,,,the 2023 Silverwing adaptation is in neither catalog,search comics.org and comicvine by the shelf name,Silverwing - The Graphic Novel (2023) (digital) (DrVink-DCP).cbz,\\Library\Public\5 - Comics\Graphic Novels\_Pegasus Books (Simon & Schuster),,,,
S19620,The Site,,1,refused,R-075,F provider-missing,"is there a NUMBERED run behind these books at all, and if so what are its issue count and start year? (our years 2024-2024) — the run wins over a collected-edition record when one exists",,,,this 2024 Europe Comics album is in neither catalog,search comics.org and comicvine by the shelf name,The Site (Europe Comics 2024) (webrip) (MagicMan-DCP).cbr,\\Library\Public\5 - Comics\Europe Comics\The Site (2024),,,,
S19644,The Snoopy Show - Happiness Is a Dancing Dog,2022-2022,1,refused,R-092,F provider-missing,"is there a NUMBERED run behind these books at all, and if so what are its issue count and start year? (our years 2022-2022) — the run wins over a collected-edition record when one exists",,,,a 2022 The Snoopy Show reader absent from both legs,search comics.org and comicvine by the shelf name,The Snoopy Show - Happiness Is a Dancing Dog (2022) (GreenGiant-DCP).cbr,\\Library\Public\5 - Comics\Webcomics and Strips\_Charles Schulz-Peanuts,,,,
S19701,The Sucker,2023-2023,1,refused,R-090,F provider-missing,"is there a NUMBERED run behind these books at all, and if so what are its issue count and start year? (our years 2023-2023) — the run wins over a collected-edition record when one exists",,,,"Silver Sprocket's 2023 ""The Sucker"" is in neither catalog",search comics.org and comicvine by the shelf name,The Sucker (2023) (digital) (DrVink).cbz,\\Library\Public\5 - Comics\Silver Sprocket,,,,
S19716,The Sweetness Between Us,2024-2024,1,refused,R-077,F provider-missing,"is there a NUMBERED run behind these books at all, and if so what are its issue count and start year? (our years 2024-2024) — the run wins over a collected-edition record when one exists",,,,"Allen & Unwin's ""The Sweetness Between Us"" (2024, 237pp) is in neither catalog",search comics.org and comicvine by the shelf name,The Sweetness Between Us (Sarah Winifred Searle) (2024) (Allen & Unwin) (Digital Rip) (Hourman-DCP).cbr,\\Library\Public\5 - Comics\Graphic Novels,,,,
S19739,The Tell-Tale Heart,,1,refused,R-075,F provider-missing,"is there a NUMBERED run behind these books at all, and if so what are its issue count and start year? (1 file(s)) — the run wins over a collected-edition record when one exists",,,,Breccia's Tell-Tale Heart adaptation has no record of its own on either leg,search comics.org and comicvine by the shelf name,The Tell-Tale Heart by Alberto Breccia (Scanlation).cbr,\\Library\Public\5 - Comics\Fantagraphics\_Alberto Breccia,,,,
S19825,The Tribute,2023-2023,1,refused,R-090,F provider-missing,"is there a NUMBERED run behind these books at all, and if so what are its issue count and start year? (our years 2023-2023) — the run wins over a collected-edition record when one exists",,,,a 2023 Titan graphic novel absent from both legs,search comics.org and comicvine by the shelf name,The Tribute (2023) (Digital) (Dipole-Empire).cbz,\\Library\Public\5 - Comics\Titan Comics\The Tribute (2023),,,,
S19891,The Victory Motel,,1,refused,R-078,F provider-missing,"is there a NUMBERED run behind these books at all, and if so what are its issue count and start year? (1 file(s)) — the run wins over a collected-edition record when one exists",,,,an Avery Hill / Owen D. Pomery book neither catalog indexes,search comics.org and comicvine by the shelf name,"The Victory Motel (2017, 2021) (Owen D. Pomery) (digital) (JeffAlbertson-DCP).cbz",\\Library\Public\5 - Comics\Graphic Novels\_Avery Hill\Owen D. Pomery,,,,
S103968,The Witching Hour (2024),2024-2024,1,refused,R-104,F provider-missing,"is there a NUMBERED run behind these books at all, and if so what are its issue count and start year? (our years 2024-2024) — the run wins over a collected-edition record when one exists",,,,"the 2024 DC Black Label ""The Witching Hour"" anthology (147pp) has no record in the local CV rip or GCD dump",search comics.org and comicvine by the shelf name,The Witching Hour (2024) (digital) (Son of Ultron-Empire).cbr,\\Library\Public\5 - Comics\DC Black Label\The Witching Hour (2024),,,,
S19976,The World of Disney Mirrorverse,2022-2022,1,refused,R-073,F provider-missing,"is there a NUMBERED run behind these books at all, and if so what are its issue count and start year? (our years 2022-2022) — the run wins over a collected-edition record when one exists",,,,"probed ""Mirrorverse"", ""World of Disney Mirrorverse"" on CV and GCD",search comics.org and comicvine by the shelf name,The World of Disney Mirrorverse (2022) (digital) (Salem-Empire).cbr,\\Library\Public\5 - Comics\Disney\Disney Mirrorverse (2022) (Dark Horse),,,,
S103611,Thea Stilton and the Treasure Seekers (2019),2019-2019,1,refused,R-081,F needs-fetch,the shelf no longer exists — drop this entry,18831,,,cv=18831 | named from the rip only; no CvVolume row,https://comicvine.gamespot.com/volume/4050-18831/,Thea Stilton and the Treasure Seekers 01 - The Treasure Seekers (2019) (jv-DCP).cbr,\\Library\Public\5 - Comics\Graphic Novels\_Schoolastic & Graphix\Thea Stilton\Thea Stilton and the Treasure Seekers (2019),,,,
S20050,They Live in Me,,1,refused,R-077,F provider-missing,"is there a NUMBERED run behind these books at all, and if so what are its issue count and start year? (1 file(s)) — the run wins over a collected-edition record when one exists",,,,"Hollow Press's ""They Live in Me"" (Jesse Jacobs 2017, 36pp) is in neither catalog",search comics.org and comicvine by the shelf name,"They Live in Me (Jesse Jacobs) (Hollow Press, 2017) (c2c) (fylgja).cbz",\\Library\Public\5 - Comics\Graphic Novels,,,,
S20145,Threadbare,2019-2019,1,refused,R-077,F provider-missing,"is there a NUMBERED run behind these books at all, and if so what are its issue count and start year? (our years 2019-2019) — the run wins over a collected-edition record when one exists",,,,"Gareth Brookes's ""Threadbare"" (2019) is in neither catalog",search comics.org and comicvine by the shelf name,Threadbare (Gareth Brookes) (2019) (digital) (phillywilly-Empire).cbr,\\Library\Public\5 - Comics\Graphic Novels,,,,
S20159,Through Clouds of Smoke - Freud's Final Days,,1,parked 0.7,R-081,"parked at 0.7 — one leg, something unexplained; F needs-web; F provider-missing","is there a NUMBERED run behind these books at all, and if so what are its issue count and start year? (our years 2023-2023) — the run wins over a collected-edition record when one exists",,199417,,"neither leg holds the English Life Drawn edition (probed ""Clouds of Smoke"", ""Freud"" --contains on both legs, gcd_story titles)",https://www.comics.org/series/199417/,Through Clouds of Smoke - Freud's Final Days (Humanoids 2023) (webrip) (MagicMan-DCP).cbr,\\Library\Public\5 - Comics\Humanoids\Through Clouds of Smoke - Freud's Final Days (2023),,,,
S20171,ThunderCats - Pocket Comic Book,1990-1990,1,refused,R-084,F needs-fetch,the shelf no longer exists — drop this entry,18128,,,"cv=18128 | CV 18128 ""Thunderbolts"" (Marvel 2006, 76) is named from the rip only; no CvVolume row",https://comicvine.gamespot.com/volume/4050-18128/,ThunderCats - Pocket Comic Book (1990) (pdf-rip) (watermarked) (TheRastaCrew).cbr,\\Library\Public\5 - Comics\Marvel\ThunderCats (1987),,,,
S20228,Timeslip - The Coming of the Avengers,,1,refused,R-084,F provider-missing,"is there a NUMBERED run behind these books at all, and if so what are its issue count and start year? (1 file(s)) — the run wins over a collected-edition record when one exists",,,,"Marvel's Timeslip programme is indexed only as the Collection and the Special (probed ""Timeslip"")",search comics.org and comicvine by the shelf name,Timeslip - The Coming of the Avengers.cbr,\\Library\Public\5 - Comics\Marvel\_Avengers\_One Shots and Minis,,,,
S20232,Timing / Luck,2024-2024,1,refused,R-083,F provider-missing,"is there a NUMBERED run behind these books at all, and if so what are its issue count and start year? (our years 2024-2024) — the run wins over a collected-edition record when one exists",,,,"neither leg holds Image's 2024 ""Timing/Luck"" — probed ""Timing"", ""Luck"" (2023-2025, --contains) and ""Timing Luck""",search comics.org and comicvine by the shelf name,Timing-Luck (2024) (Digital) (DR & Quinch-Empire).cbr,\\Library\Public\5 - Comics\Image\Timing-Luck (2024),,,,
S20255,Titans Together,2008-2008,1,refused,R-112,F needs-web,"does the candidate's issue list REACH the numbers we hold, and does its start year match? (we hold 1 numbered issue file(s); our years 2007-2007) — a record with fewer issues than we own is not this run",,48583,,"what is ""Titans Together 001 (2008) (Avalon-DCP)"", 30pp, filed with Titans (2008) Annuals and Specials — a promotional / preview issue of Titans (2008) or a mislabelled Titans (2008) #1 (GCD 30370 #1 is 44pp)?",https://www.comics.org/series/48583/,Titans Together 001 (2008) (Avalon-DCP).cbr,\\Library\Public\5 - Comics\DC\_Titans\Titans v2 (2008)\Annuals and Specials,,,,
S20274,To Mom and Dad with Love,2023-2023,1,refused,R-092,F provider-missing,"is there a NUMBERED run behind these books at all, and if so what are its issue count and start year? (our years 2023-2023) — the run wins over a collected-edition record when one exists",,,,a 2023 Peanuts kids' book absent from both legs,search comics.org and comicvine by the shelf name,Peanuts - To Mom and Dad with Love (2023) (GreenGiant-DCP).cbr,\\Library\Public\5 - Comics\Webcomics and Strips\_Charles Schulz-Peanuts,,,,
S20366,Toy Story Official Movie Magazine,2023-2023,1,refused,R-073,F provider-missing,"is there a NUMBERED run behind these books at all, and if so what are its issue count and start year? (our years 2023-2023) — the run wins over a collected-edition record when one exists",,,,"probed ""Official Movie Magazine"", ""Toy Story"" --contains on CV and GCD: no 27pp English movie magazine",search comics.org and comicvine by the shelf name,Toy Story Official Movie Magazine (2023) (GreenGiant-DCP).cbr,\\Library\Public\5 - Comics\Disney\_Movies+Shows\Toy Story,,,,
S20369,Traces of Madness - A Graphic Memoir,,1,refused,R-077,F provider-missing,"is there a NUMBERED run behind these books at all, and if so what are its issue count and start year? (1 file(s)) — the run wins over a collected-edition record when one exists",,,,"Graphic Mundi's ""Traces of Madness - A Graphic Memoir"" (2024, 131pp) is in neither catalog",search comics.org and comicvine by the shelf name,Traces of Madness - A Graphic Memoir (Graphic Mundi 2024) (webrip) (MagicMan-DCP).cbr,\\Library\Public\5 - Comics\Graphic Novels,,,,
S20371,Tract,2020-2020,1,refused,R-084,F provider-missing,"is there a NUMBERED run behind these books at all, and if so what are its issue count and start year? (our years 2020-2020) — the run wins over a collected-edition record when one exists",,,,"Hollow Press is absent from both catalogs (probed ""Tract"", ""Hollow Press"")",search comics.org and comicvine by the shelf name,Tract (HollowPress) (2020) (tunafan).cbr,\\Library\Public\5 - Comics\Manga\Tract (2020),,,,
S20457,Tremors of the Buried Moon,2011-2011,1,refused,R-077,F provider-missing,"is there a NUMBERED run behind these books at all, and if so what are its issue count and start year? (our years 2011-2011) — the run wins over a collected-edition record when one exists",,,,"""Tremors of the Buried Moon"" (2011, 183pp) is in neither catalog",search comics.org and comicvine by the shelf name,Tremors of the Buried Moon (2011) (digital-Empire).cbz,\\Library\Public\5 - Comics\Graphic Novels,,,,
S20466,Tricks Are Treats,2022-2022,1,refused,R-073,F provider-missing,"is there a NUMBERED run behind these books at all, and if so what are its issue count and start year? (our years 2022-2022) — the run wins over a collected-edition record when one exists",,,,"probed ""Tricks Are Treats"", ""Disney Villains"" on CV and GCD",search comics.org and comicvine by the shelf name,Disney Villains - Tricks Are Treats (2022) (GreenGiant-DCP).cbr,\\Library\Public\5 - Comics\Disney\_Movies+Shows\Disney Villains (2023) (Dynamite),,,,
S20667,Umwelt,,1,refused,R-084,F provider-missing,"is there a NUMBERED run behind these books at all, and if so what are its issue count and start year? (1 collected edition(s)) — the run wins over a collected-edition record when one exists",,,,"neither catalog holds Igarashi's Umwelt (probed ""Umwelt"" on series/issue/story/CV issue names)",search comics.org and comicvine by the shelf name,Umwelt v01 [Nondescriptors & Atelier du Noir & Illuminati-Manga].cbz,\\Library\Public\5 - Comics\Manga\_Daisuke Igarashi,,,,
S20750,Understanding,2018-2018,1,refused,R-077,F provider-missing,"is there a NUMBERED run behind these books at all, and if so what are its issue count and start year? (our years 2018-2018) — the run wins over a collected-edition record when one exists",,,,"no 2018 comic titled ""Understanding"" (94pp) is in either catalog",search comics.org and comicvine by the shelf name,Understanding (2018) (digital-Empire).cbz,\\Library\Public\5 - Comics\Graphic Novels,,,,
S20765,Undisputed Street Fighter,2017-2017,1,refused,R-088,F provider-missing,"is there a NUMBERED run behind these books at all, and if so what are its issue count and start year? (our years 2017-2017) — the run wins over a collected-edition record when one exists",,,,"probed ""Undisputed"" --contains on both legs; a non-comic art book",search comics.org and comicvine by the shelf name,Undisputed Street Fighter (2017) (Digital) (danke-Empire).cbz,\\Library\Public\5 - Comics\Misc\Street Fighter,,,,
S20778,Unhappy Camper,2024-2024,1,refused,R-078,F provider-missing,"is there a NUMBERED run behind these books at all, and if so what are its issue count and start year? (our years 2024-2024) — the run wins over a collected-edition record when one exists",,,,a 2024 HarperAlley book neither catalog indexes,search comics.org and comicvine by the shelf name,Unhappy Camper (2024) (Digital) (XRA-Empire).cbz,\\Library\Public\5 - Comics\Graphic Novels\_Harper (All Imprints),,,,
S20820,Untold Horror,2021-2021,1,refused,R-073,F provider-missing,"is there a NUMBERED run behind these books at all, and if so what are its issue count and start year? (our years 2021-2021) — the run wins over a collected-edition record when one exists",,,,"probed ""Untold Horror"" --contains on CV and GCD",search comics.org and comicvine by the shelf name,Untold Horror (2021) (digital) (The Magicians-Empire).cbr,\\Library\Public\5 - Comics\Dark Horse\Untold Horror (2021),,,,
S20836,Upshot Exclusive Preview 002A,2019-2019,1,refused,R-072,F provider-missing,"is there a NUMBERED run behind these books at all, and if so what are its issue count and start year? (our years 2019-2019) — the run wins over a collected-edition record when one exists",,,,"re-probed ""Upshot"" and ""Exclusive Preview"" --contains on both legs: AWA's 2019 preview books are indexed by neither",search comics.org and comicvine by the shelf name,Upshot Exclusive Preview 002A (2019) (Digital-Empire).cbr,\\Library\Public\5 - Comics\AWA Upshot Comics,,,,
S20837,Upshot Exclusive Preview 002B,2019-2019,1,refused,R-072,F provider-missing,"is there a NUMBERED run behind these books at all, and if so what are its issue count and start year? (our years 2019-2019) — the run wins over a collected-edition record when one exists",,,,same finding as S20836; the two shelves are one preview in two cover editions,search comics.org and comicvine by the shelf name,Upshot Exclusive Preview 002B (2019) (Digital-Empire).cbr,\\Library\Public\5 - Comics\AWA Upshot Comics,,,,
S20839,Upstaged,2024-2024,1,refused,R-078,F provider-missing,"is there a NUMBERED run behind these books at all, and if so what are its issue count and start year? (our years 2024-2024) — the run wins over a collected-edition record when one exists",,,,a 2024 Hachette book neither catalog indexes,search comics.org and comicvine by the shelf name,Upstaged (2024) (Hachette) (digital) (DrVink-DCP).cbz,\\Library\Public\5 - Comics\Graphic Novels\_Hachette,,,,
S20843,Uruk. The Last City,2022-2022,1,refused,R-088,F provider-missing,"does the candidate's issue list REACH the numbers we hold, and does its start year match? (we hold 1 numbered issue file(s); our years 2022-2022) — a record with fewer issues than we own is not this run",,,,"probed ""Uruk"" --contains on both legs",search comics.org and comicvine by the shelf name,Uruk - The Last City 000 (2022) (digital) (DrVink-DCP).cbz,\\Library\Public\5 - Comics\Misc\Uruk - The Last City (2022),,,,
S21088,Vincent Van Gogh - Sadness Will Last Forever,2019-2019,1,refused,R-072,F provider-missing,"is there a NUMBERED run behind these books at all, and if so what are its issue count and start year? (our years 2019-2019) — the run wins over a collected-edition record when one exists",,,,"re-probed ""Sadness Will Last Forever"", ""Van Gogh"" and ""Vincent"" on both legs: no match",search comics.org and comicvine by the shelf name,"Vincent Van Gogh - Sadness Will Last Forever (2019) (digital, SC-Empire).cbr",\\Library\Public\5 - Comics\ComiXology Originals\Vincent Van Gogh - Sadness Will Last Forever (2023),,,,
S21102,Viscera Objectica,2024-2024,1,refused,R-090,F provider-missing,"is there a NUMBERED run behind these books at all, and if so what are its issue count and start year? (our years 2024-2024) — the run wins over a collected-edition record when one exists",,,,a 2024 Silver Sprocket book; only Open Library OL37866258W records it,search comics.org and comicvine by the shelf name,Viscera Objectica (2024) (digital) (DrVink-DCP).cbz,\\Library\Public\5 - Comics\Silver Sprocket,,,,
S21103,Viscere,2023-2023,1,refused,R-078,F provider-missing,"is there a NUMBERED run behind these books at all, and if so what are its issue count and start year? (1 collected edition(s); our years 2023-2023) — the run wins over a collected-edition record when one exists",,,,a 2023 Strega Sporca anthology neither catalog indexes,search comics.org and comicvine by the shelf name,Viscere - Body Horror Vol. 01 (2023) (digital) (DrVink-HD-DCP).cbz,\\Library\Public\5 - Comics\Graphic Novels\Viscere - Body Horror (2023),,,,
S21162,Waga Na wa Nero,,1,refused,R-083,F provider-missing,"is there a NUMBERED run behind these books at all, and if so what are its issue count and start year? (1 file(s)) — the run wins over a collected-edition record when one exists",,,,"neither leg holds ""Waga Na wa Nero"" — probed ""Waga Na wa"" and ""Nero"" 1997-1999 --contains",search comics.org and comicvine by the shelf name,Waga Na wa Nero (1998-1999) (ShoujoMagic & Hox) (Waifu2x Upscale).cbz,\\Library\Public\5 - Comics\Manga,,,,
S21163,Wages and Sin,2021-2021,1,refused,R-090,F provider-missing,"is there a NUMBERED run behind these books at all, and if so what are its issue count and start year? (our years 2021-2021) — the run wins over a collected-edition record when one exists",,,,a 2021 Substack short absent from both legs,search comics.org and comicvine by the shelf name,Wages and Sin (2021) (digital-Empire).cbr,"\\Library\Public\5 - Comics\Substack, Kickstarters, etc Comics\Wages and Sin (Saladin Ahmen, Vanesa Del Rey) (2021)",,,,
S21285,Warp Hustler,2023-2023,1,refused,R-090,F provider-missing,"does the candidate's issue list REACH the numbers we hold, and does its start year match? (we hold 1 numbered issue file(s); our years 2023-2023) — a record with fewer issues than we own is not this run",,,,"a 2023 Kickstarter first issue from Laguna Studios, in neither catalog",search comics.org and comicvine by the shelf name,Warp Hustler 001 (2023) (Digital-HD) (LeDuch).cbz,"\\Library\Public\5 - Comics\Substack, Kickstarters, etc Comics\Warp Hustler (2023) (KS)",,,,
S21303,Watashitachi no Shiawase na Jikan,2008-2008,1,refused,R-083,F provider-missing,"is there a NUMBERED run behind these books at all, and if so what are its issue count and start year? (our years 2008-2008) — the run wins over a collected-edition record when one exists",,,,"neither leg holds ""Watashitachi no Shiawase na Jikan"" — probed the short title and the English title",search comics.org and comicvine by the shelf name,Watashitachi no Shiawase na Jikan (2008) (Waifu2x Upscale).cbz,\\Library\Public\5 - Comics\Manga,,,,
S21372,Weaver Season,2021-2021,1,refused,R-075,F provider-missing,"does the candidate's issue list REACH the numbers we hold, and does its start year match? (we hold 1 numbered issue file(s); our years 2021-2021) — a record with fewer issues than we own is not this run",,,,"Dynamite's ""Weaver Season 2"" (2021) has no record; only the 2024 Weaver Omnibus (GCD 212219) is indexed",search comics.org and comicvine by the shelf name,Weaver Season 2 (2021) (digital) (The Magicians-Empire).cbr,\\Library\Public\5 - Comics\Dynamite\Weaver,,,,
S21391,Weeaboo,2021-2021,1,refused,R-088,F provider-missing,"is there a NUMBERED run behind these books at all, and if so what are its issue count and start year? (our years 2021-2021) — the run wins over a collected-edition record when one exists",,,,"probed ""Weeaboo"" --contains on both legs",search comics.org and comicvine by the shelf name,Weeaboo (2021) (Digital) (XRA-Empire).cbz,\\Library\Public\5 - Comics\Oni Press\Weeaboo (2021),,,,
S21551,What if Tokyo,,1,refused,R-084,F provider-missing,"is there a NUMBERED run behind these books at all, and if so what are its issue count and start year? (our years 2016-?) — the run wins over a collected-edition record when one exists",,,,"no catalog row for Asano's ""What if Tokyo"" (probed the exact title on all five name columns)",search comics.org and comicvine by the shelf name,What if Tokyo (Inio Asano).cbz,\\Library\Public\5 - Comics\Manga\_Inio Asano,,,,
S102483,Whatever After (2024),2024-2024,1,refused,R-065,F provider-missing,"is there a NUMBERED run behind these books at all, and if so what are its issue count and start year? (1 collected edition(s); our years 2023-2023) — the run wins over a collected-edition record when one exists",,,,"neither the CV rip nor the GCD dump holds Scholastic's ""Whatever After"" graphic novels",search comics.org and comicvine by the shelf name,Whatever After v01 - Fairest of All (2024) (Digital-Empire).cbz,\\Library\Public\5 - Comics\Graphic Novels\_Schoolastic & Graphix\Whatever After (2024),,,,
S21568,When to Pick a Pomegranate,2024-2024,1,refused,R-090,F provider-missing,"is there a NUMBERED run behind these books at all, and if so what are its issue count and start year? (our years 2024-2024) — the run wins over a collected-edition record when one exists",,,,a 2024 Silver Sprocket book; only Open Library OL38044351W records it,search comics.org and comicvine by the shelf name,When to Pick a Pomegranate (2024) (Silver Sprocket) (digital) (DrVink-DCP).cbz,\\Library\Public\5 - Comics\Silver Sprocket,,,,
S21609,Who Is Ana Mendieta,2011-2011,1,refused,R-077,F provider-missing,"is there a NUMBERED run behind these books at all, and if so what are its issue count and start year? (our years 2011-2011) — the run wins over a collected-edition record when one exists",,,,"Feminist Press's ""Who Is Ana Mendieta?"" (2011, 56pp) is in neither catalog",search comics.org and comicvine by the shelf name,Who Is Ana Mendieta (2011) (Digital) (DrDoom-Empire).cbz,\\Library\Public\5 - Comics\Graphic Novels,,,,
S21635,"Who's Your Valentine, Charlie Brown?",2017-2017,1,refused,R-092,F provider-missing,"is there a NUMBERED run behind these books at all, and if so what are its issue count and start year? (our years 2017-2017) — the run wins over a collected-edition record when one exists",,,,a 2017 Peanuts kids' reader absent from both legs,search comics.org and comicvine by the shelf name,"Who's Your Valentine, Charlie Brown (2017) (GreenGiant-DCP).cbr",\\Library\Public\5 - Comics\Webcomics and Strips\_Charles Schulz-Peanuts,,,,
S21646,Wifwulf,2024-2024,1,refused,R-090,F provider-missing,"is there a NUMBERED run behind these books at all, and if so what are its issue count and start year? (our years 2024-2024) — the run wins over a collected-edition record when one exists",,,,a 2024 Vault graphic novel absent from both legs,search comics.org and comicvine by the shelf name,Wifwulf (2024) (digital) (Son of Ultron-Empire).cbr,\\Library\Public\5 - Comics\Vault\Wifwulf (2024),,,,
S21789,Wolverine - Custom Moto Guzzi,2022-2022,1,refused,R-084,F provider-missing,"does the candidate's issue list REACH the numbers we hold, and does its start year match? (we hold 1 numbered issue file(s); our years 2022-2022) — a record with fewer issues than we own is not this run",,,,"Marvel's Moto Guzzi custom comic is in neither catalog (probed ""Guzzi"", ""Moto Guzzi"")",search comics.org and comicvine by the shelf name,Wolverine - Custom Moto Guzzi 001 (2022) (digital) (MidnightRider).cbz,\\Library\Public\5 - Comics\Marvel\#MARVEL CURRENT ONGOING TITLES\X-Men (Krakoa) (2019)\2020.02.19 - Wolverine v7\Annuals and Specials,,,,
S21889,Wolverine vs Hercules,,1,refused,R-086,F provider-missing,"is there a NUMBERED run behind these books at all, and if so what are its issue count and start year? (1 file(s)) — the run wins over a collected-edition record when one exists",,,,"no series, issue or story row by this title on either leg",search comics.org and comicvine by the shelf name,012 Wolverine vs Hercules.cbr,\\Library\Public\5 - Comics\Marvel\_X-Men\_X-Men Complete Chronology V2\0010 The Phoenix Saga,,,,
S21962,Wonder Woman - Amazon Warrior,2016-2016,1,refused,R-062,F provider-missing,"is there a NUMBERED run behind these books at all, and if so what are its issue count and start year? (our years 2016-2016) — the run wins over a collected-edition record when one exists",,,,re-probed after TODO 30: the DC Backstories line is absent from both catalogs,search comics.org and comicvine by the shelf name,Wonder Woman - Amazon Warrior (Backstories) (2016) (Digital Rip) (Hourman-DCP).cbr,\\Library\Public\5 - Comics\DC\_Backstories,,,,
S13667,Woodstock's First Flight! (Peanuts),2020-2020,1,refused,R-092,F provider-missing,"is there a NUMBERED run behind these books at all, and if so what are its issue count and start year? (our years 2020-2020) — the run wins over a collected-edition record when one exists",,,,a 2020 Peanuts kids' reader absent from both legs,search comics.org and comicvine by the shelf name,Peanuts - Woodstock's First Flight! (2020) (GreenGiant-DCP).cbr,\\Library\Public\5 - Comics\Webcomics and Strips\_Charles Schulz-Peanuts,,,,
S22318,X-Men - The Xavier Files - Justine Karman,1994-1994,1,refused,R-086,F provider-missing,"is there a NUMBERED run behind these books at all, and if so what are its issue count and start year? (our years 1994-1994) — the run wins over a collected-edition record when one exists",,,,"a 1994 Random House X-Men file book, absent from both legs (probed ISBN 0679861775, ""Xavier Files"", ""Justine Karman"")",search comics.org and comicvine by the shelf name,X-Men - The Xavier Files - Justine Karman (1994) (webrip by Lusiphur-DCP).cbz,\\Library\Public\5 - Comics\Marvel\_X-Men\_X-Men TPBs,,,,
S22695,Young Hag,2024-2024,1,refused,R-081,F provider-missing,"is there a NUMBERED run behind these books at all, and if so what are its issue count and start year? (our years 2024-2024) — the run wins over a collected-edition record when one exists",,,,a 2024 Jonathan Cape book in neither catalog,search comics.org and comicvine by the shelf name,Young Hag (Isabel Greenberg) (2024) (Jonathan Cape) (digital+) (fylgja).cbz,\\Library\Public\5 - Comics\Graphic Novels\_Jonathan Cape,,,,
S22743,Yuureitou,,1,parked 0.7,R-083,"parked at 0.7 — one leg, something unexplained; F provider-missing; F needs-fetch","is there a NUMBERED run behind these books at all, and if so what are its issue count and start year? (1 file(s)) — the run wins over a collected-edition record when one exists",94726,99372,,cv=94726 | CV 94726 is named from the local rip (9 cached issues) and has no CvVolume row,https://comicvine.gamespot.com/volume/4050-94726/ | https://www.comics.org/series/99372/,Yuureitou (2010-2014) (Waifu2x Upscale).cbz,\\Library\Public\5 - Comics\Manga,,,,
S22831,Zombierama: The Horror Show,2023-2023,1,parked 0.7,R-084,"parked at 0.7 — one leg, something unexplained; F provider-missing","is there a NUMBERED run behind these books at all, and if so what are its issue count and start year? (1 collected edition(s); our years 2023-2023) — the run wins over a collected-edition record when one exists",126283,,,"GCD indexes no Zombierama and ComicVine has no record of the 2023 ""The Horror Show"" collection",https://comicvine.gamespot.com/volume/4050-126283/,Zombierama - The Horror Show v01 (2023) (Collection) (AAM-Markosia) (Digital-HD) (LeDuch).cbz,\\Library\Public\5 - Comics\Markosia,,,,
S22847,Zootrope,2012-2012,1,parked 0.7,R-078,"parked at 0.7 — one leg, something unexplained; F provider-missing; F needs-web","is there a NUMBERED run behind these books at all, and if so what are its issue count and start year? (our years 2012-2012) — the run wins over a collected-edition record when one exists",71564,,,"is the 2012 BlurPixel digital ""Zootrope"" (40pp) the same work as ComicVine 71564 ""Zoötrope"", self published, issue dated 2014-02?",https://comicvine.gamespot.com/volume/4050-71564/,Zootrope (2012) (Digital) (BlurPixel-Empire).cbr,\\Library\Public\5 - Comics\Graphic Novels,,,,
